Training on device: cuda
TensorBoard logs: runs/20260910-090433
Initialized weights from checkpoints/20260910-072235_iter800.pt (trained for 800 iterations)
RailroadUNet: 2,187,652 parameters
[iter 0] score=2694 margin=-303 win_rate=0.44 eps=0.300 policy_loss=0.1540 value_loss=0.2612 entropy=5.2549 clip_frac=0.361 rollout=3.7s train=1.5s transitions=1636
[iter 1] score=2490 margin=-482 win_rate=0.38 eps=0.300 policy_loss=0.0580 value_loss=0.3469 entropy=5.4053 clip_frac=0.316 rollout=1.9s train=0.7s transitions=1584
[iter 2] score=2589 margin=-119 win_rate=0.38 eps=0.300 policy_loss=0.0217 value_loss=0.1994 entropy=5.5004 clip_frac=0.300 rollout=2.8s train=0.7s transitions=1603
[iter 3] score=2747 margin=+477 win_rate=0.81 eps=0.300 policy_loss=-0.0093 value_loss=0.0800 entropy=5.2370 clip_frac=0.252 rollout=2.1s train=0.7s transitions=1596
[iter 4] score=3441 margin=+95 win_rate=0.50 eps=0.300 policy_loss=0.0659 value_loss=0.1329 entropy=5.1376 clip_frac=0.301 rollout=2.2s train=0.7s transitions=1615
[iter 5] score=3243 margin=+185 win_rate=0.62 eps=0.300 policy_loss=0.1135 value_loss=0.1807 entropy=5.2665 clip_frac=0.271 rollout=2.1s train=0.7s transitions=1644
[iter 6] score=3322 margin=-440 win_rate=0.50 eps=0.300 policy_loss=0.0021 value_loss=0.2510 entropy=5.4465 clip_frac=0.230 rollout=2.0s train=0.7s transitions=1591
[iter 7] score=2531 margin=-144 win_rate=0.56 eps=0.300 policy_loss=0.0006 value_loss=0.1999 entropy=5.4532 clip_frac=0.214 rollout=2.1s train=0.7s transitions=1667
[iter 8] score=2530 margin=-581 win_rate=0.50 eps=0.300 policy_loss=-0.0031 value_loss=0.1611 entropy=5.1765 clip_frac=0.170 rollout=2.0s train=0.7s transitions=1618
[iter 9] score=1956 margin=-524 win_rate=0.44 eps=0.300 policy_loss=0.0097 value_loss=0.1337 entropy=5.3421 clip_frac=0.203 rollout=2.0s train=0.7s transitions=1672
[iter 10] score=1943 margin=-1123 win_rate=0.38 eps=0.300 policy_loss=0.1948 value_loss=0.2910 entropy=5.3102 clip_frac=0.205 rollout=2.0s train=0.7s transitions=1639
[iter 11] score=2708 margin=-573 win_rate=0.44 eps=0.300 policy_loss=0.0023 value_loss=0.1535 entropy=5.7157 clip_frac=0.213 rollout=2.1s train=0.6s transitions=1666
[iter 12] score=2637 margin=-840 win_rate=0.31 eps=0.300 policy_loss=0.0241 value_loss=0.1182 entropy=5.5296 clip_frac=0.187 rollout=2.1s train=0.6s transitions=1643
[iter 13] score=2421 margin=-426 win_rate=0.38 eps=0.300 policy_loss=0.0060 value_loss=0.0894 entropy=5.4914 clip_frac=0.229 rollout=1.9s train=0.6s transitions=1562
[iter 14] score=2159 margin=-179 win_rate=0.56 eps=0.300 policy_loss=0.0083 value_loss=0.0661 entropy=5.4937 clip_frac=0.175 rollout=2.8s train=0.6s transitions=1621
[iter 15] score=2561 margin=-104 win_rate=0.62 eps=0.300 policy_loss=0.0173 value_loss=0.0963 entropy=5.4336 clip_frac=0.268 rollout=2.1s train=0.7s transitions=1642
[iter 16] score=3248 margin=+500 win_rate=0.75 eps=0.300 policy_loss=0.0255 value_loss=0.0618 entropy=5.4058 clip_frac=0.268 rollout=2.1s train=0.7s transitions=1631
[iter 17] score=2133 margin=-358 win_rate=0.38 eps=0.300 policy_loss=0.0287 value_loss=0.0739 entropy=5.2772 clip_frac=0.231 rollout=2.0s train=0.7s transitions=1559
[iter 18] score=2844 margin=-368 win_rate=0.50 eps=0.300 policy_loss=0.0111 value_loss=0.1014 entropy=5.2796 clip_frac=0.248 rollout=2.1s train=0.7s transitions=1544
[iter 19] score=2559 margin=-911 win_rate=0.38 eps=0.300 policy_loss=0.1354 value_loss=0.1188 entropy=5.5503 clip_frac=0.240 rollout=2.2s train=0.7s transitions=1704
[iter 20] score=2179 margin=-565 win_rate=0.19 eps=0.299 policy_loss=0.0353 value_loss=0.0738 entropy=5.5598 clip_frac=0.221 rollout=2.1s train=0.7s transitions=1631
[iter 21] score=2934 margin=-35 win_rate=0.62 eps=0.299 policy_loss=0.0066 value_loss=0.0841 entropy=5.3261 clip_frac=0.240 rollout=2.2s train=0.7s transitions=1607
[iter 22] score=3248 margin=-735 win_rate=0.25 eps=0.299 policy_loss=0.0414 value_loss=0.1191 entropy=5.4100 clip_frac=0.278 rollout=2.1s train=0.7s transitions=1642
[iter 23] score=2272 margin=-461 win_rate=0.38 eps=0.299 policy_loss=-0.0037 value_loss=0.0890 entropy=5.2856 clip_frac=0.268 rollout=2.1s train=0.8s transitions=1636
[iter 24] score=2438 margin=-280 win_rate=0.56 eps=0.299 policy_loss=0.0422 value_loss=0.1003 entropy=5.3382 clip_frac=0.274 rollout=2.1s train=0.7s transitions=1602
[iter 25] score=3521 margin=+438 win_rate=0.56 eps=0.299 policy_loss=0.0201 value_loss=0.0530 entropy=5.1764 clip_frac=0.323 rollout=2.1s train=0.6s transitions=1602
[iter 26] score=2566 margin=-600 win_rate=0.31 eps=0.299 policy_loss=0.0882 value_loss=0.1241 entropy=5.3876 clip_frac=0.300 rollout=3.1s train=0.7s transitions=1660
[iter 27] score=2258 margin=-759 win_rate=0.44 eps=0.299 policy_loss=0.0096 value_loss=0.1025 entropy=5.6890 clip_frac=0.219 rollout=2.2s train=0.7s transitions=1634
[iter 28] score=2350 margin=-1404 win_rate=0.38 eps=0.299 policy_loss=0.1045 value_loss=0.1320 entropy=5.5209 clip_frac=0.293 rollout=2.0s train=0.7s transitions=1597
[iter 29] score=2403 margin=-678 win_rate=0.19 eps=0.299 policy_loss=-0.0045 value_loss=0.0844 entropy=5.5235 clip_frac=0.246 rollout=2.1s train=0.7s transitions=1620
[iter 30] score=2664 margin=+550 win_rate=0.75 eps=0.299 policy_loss=0.1295 value_loss=0.1675 entropy=5.3903 clip_frac=0.370 rollout=1.9s train=0.7s transitions=1539
[iter 31] score=2399 margin=-476 win_rate=0.44 eps=0.299 policy_loss=0.4505 value_loss=0.1360 entropy=5.4487 clip_frac=0.308 rollout=2.2s train=0.7s transitions=1641
[iter 32] score=2663 margin=-388 win_rate=0.38 eps=0.299 policy_loss=0.0016 value_loss=0.1202 entropy=5.4792 clip_frac=0.329 rollout=2.2s train=0.7s transitions=1560
[iter 33] score=2225 margin=-1055 win_rate=0.19 eps=0.299 policy_loss=0.0399 value_loss=0.1102 entropy=5.4796 clip_frac=0.246 rollout=2.2s train=0.7s transitions=1581
[iter 34] score=2195 margin=-668 win_rate=0.38 eps=0.299 policy_loss=0.0069 value_loss=0.0909 entropy=5.4063 clip_frac=0.228 rollout=2.1s train=0.7s transitions=1599
[iter 35] score=2350 margin=-535 win_rate=0.38 eps=0.299 policy_loss=0.0227 value_loss=0.0674 entropy=5.2333 clip_frac=0.248 rollout=2.1s train=0.7s transitions=1578
[iter 36] score=2353 margin=-573 win_rate=0.31 eps=0.299 policy_loss=0.0528 value_loss=0.1323 entropy=5.1310 clip_frac=0.213 rollout=2.0s train=0.7s transitions=1625
[iter 37] score=2184 margin=-535 win_rate=0.31 eps=0.299 policy_loss=0.1522 value_loss=0.0714 entropy=5.2328 clip_frac=0.337 rollout=2.9s train=0.7s transitions=1670
[iter 38] score=3026 margin=-474 win_rate=0.56 eps=0.299 policy_loss=0.0129 value_loss=0.1886 entropy=5.4864 clip_frac=0.252 rollout=2.1s train=0.7s transitions=1638
[iter 39] score=2459 margin=-745 win_rate=0.31 eps=0.299 policy_loss=0.0538 value_loss=0.1294 entropy=5.4213 clip_frac=0.355 rollout=2.2s train=0.7s transitions=1578
[iter 40] score=2510 margin=-216 win_rate=0.56 eps=0.299 policy_loss=0.0669 value_loss=0.0765 entropy=5.2052 clip_frac=0.385 rollout=2.0s train=0.7s transitions=1617
[iter 41] score=3030 margin=+340 win_rate=0.69 eps=0.299 policy_loss=0.0244 value_loss=0.0738 entropy=5.0399 clip_frac=0.304 rollout=2.1s train=0.7s transitions=1612
[iter 42] score=3178 margin=+153 win_rate=0.62 eps=0.299 policy_loss=0.0062 value_loss=0.0605 entropy=4.5520 clip_frac=0.329 rollout=2.2s train=0.7s transitions=1590
[iter 43] score=2269 margin=-330 win_rate=0.56 eps=0.299 policy_loss=0.1824 value_loss=0.0781 entropy=4.9789 clip_frac=0.281 rollout=2.0s train=0.7s transitions=1599
[iter 44] score=2832 margin=-63 win_rate=0.50 eps=0.299 policy_loss=0.0120 value_loss=0.0682 entropy=5.1199 clip_frac=0.190 rollout=2.0s train=0.7s transitions=1645
[iter 45] score=2108 margin=-800 win_rate=0.19 eps=0.299 policy_loss=0.0310 value_loss=0.1085 entropy=5.2510 clip_frac=0.246 rollout=2.1s train=0.7s transitions=1590
[iter 46] score=2091 margin=-764 win_rate=0.44 eps=0.299 policy_loss=0.0947 value_loss=0.1111 entropy=5.0837 clip_frac=0.274 rollout=2.2s train=0.7s transitions=1601
[iter 47] score=3196 margin=-384 win_rate=0.44 eps=0.299 policy_loss=0.0098 value_loss=0.0889 entropy=5.1688 clip_frac=0.295 rollout=2.2s train=0.7s transitions=1599
[iter 48] score=1953 margin=-906 win_rate=0.25 eps=0.299 policy_loss=0.1035 value_loss=0.0880 entropy=5.3471 clip_frac=0.342 rollout=2.0s train=0.7s transitions=1620
[iter 49] score=2102 margin=-974 win_rate=0.19 eps=0.299 policy_loss=0.0409 value_loss=0.1247 entropy=5.3804 clip_frac=0.239 rollout=2.9s train=0.7s transitions=1588
[iter 50] score=2499 margin=-115 win_rate=0.44 eps=0.299 policy_loss=0.0499 value_loss=0.1781 entropy=5.3450 clip_frac=0.343 rollout=2.1s train=0.7s transitions=1606
[iter 51] score=2012 margin=-210 win_rate=0.62 eps=0.299 policy_loss=0.0553 value_loss=0.0796 entropy=5.0955 clip_frac=0.442 rollout=2.1s train=0.7s transitions=1542
[iter 52] score=1756 margin=-1494 win_rate=0.12 eps=0.299 policy_loss=0.8084 value_loss=0.3269 entropy=5.0828 clip_frac=0.523 rollout=2.1s train=0.7s transitions=1613
[iter 53] score=2015 margin=-354 win_rate=0.31 eps=0.299 policy_loss=0.0358 value_loss=0.0985 entropy=5.4287 clip_frac=0.408 rollout=2.1s train=0.7s transitions=1619
[iter 54] score=2180 margin=-687 win_rate=0.12 eps=0.299 policy_loss=0.0202 value_loss=0.0812 entropy=5.3342 clip_frac=0.306 rollout=2.1s train=0.7s transitions=1635
[iter 55] score=2199 margin=-658 win_rate=0.31 eps=0.299 policy_loss=0.0323 value_loss=0.0747 entropy=5.3890 clip_frac=0.244 rollout=2.2s train=0.7s transitions=1604
[iter 56] score=2189 margin=-1291 win_rate=0.12 eps=0.299 policy_loss=-0.0037 value_loss=0.1153 entropy=5.6232 clip_frac=0.230 rollout=2.1s train=0.7s transitions=1578
[iter 57] score=1725 margin=-820 win_rate=0.19 eps=0.299 policy_loss=0.0287 value_loss=0.0834 entropy=5.5263 clip_frac=0.250 rollout=2.1s train=0.7s transitions=1611
[iter 58] score=1727 margin=-849 win_rate=0.06 eps=0.299 policy_loss=0.0229 value_loss=0.0767 entropy=5.4424 clip_frac=0.313 rollout=2.1s train=0.6s transitions=1536
[iter 59] score=1851 margin=-539 win_rate=0.44 eps=0.299 policy_loss=0.0103 value_loss=0.0888 entropy=5.1907 clip_frac=0.233 rollout=2.0s train=0.7s transitions=1584
[iter 60] score=1489 margin=-1515 win_rate=0.06 eps=0.298 policy_loss=0.3449 value_loss=0.2276 entropy=5.4081 clip_frac=0.409 rollout=2.9s train=0.7s transitions=1570
[iter 61] score=1794 margin=-1504 win_rate=0.19 eps=0.298 policy_loss=0.0276 value_loss=0.1375 entropy=5.5845 clip_frac=0.211 rollout=2.2s train=0.7s transitions=1687
[iter 62] score=1824 margin=-1156 win_rate=0.19 eps=0.298 policy_loss=0.0130 value_loss=0.0984 entropy=5.7398 clip_frac=0.214 rollout=2.1s train=0.7s transitions=1594
[iter 63] score=2280 margin=-971 win_rate=0.31 eps=0.298 policy_loss=0.0246 value_loss=0.1101 entropy=5.4895 clip_frac=0.404 rollout=2.1s train=0.7s transitions=1597
[iter 64] score=2351 margin=-936 win_rate=0.38 eps=0.298 policy_loss=0.0040 value_loss=0.1419 entropy=5.6602 clip_frac=0.245 rollout=2.1s train=0.7s transitions=1630
[iter 65] score=1945 margin=-870 win_rate=0.38 eps=0.298 policy_loss=0.0038 value_loss=0.0938 entropy=5.7181 clip_frac=0.193 rollout=2.1s train=0.7s transitions=1603
[iter 66] score=1715 margin=-1684 win_rate=0.00 eps=0.298 policy_loss=0.0109 value_loss=0.0975 entropy=5.7981 clip_frac=0.195 rollout=2.0s train=0.7s transitions=1581
[iter 67] score=2066 margin=-833 win_rate=0.19 eps=0.298 policy_loss=0.0233 value_loss=0.1145 entropy=5.6918 clip_frac=0.249 rollout=2.1s train=0.7s transitions=1554
[iter 68] score=1904 margin=-1073 win_rate=0.12 eps=0.298 policy_loss=-0.0099 value_loss=0.0904 entropy=5.7067 clip_frac=0.154 rollout=2.1s train=0.7s transitions=1615
[iter 69] score=1863 margin=-1356 win_rate=0.19 eps=0.298 policy_loss=0.0537 value_loss=0.0998 entropy=5.6330 clip_frac=0.189 rollout=2.2s train=0.7s transitions=1601
[iter 70] score=2215 margin=-693 win_rate=0.31 eps=0.298 policy_loss=0.0597 value_loss=0.1283 entropy=5.7703 clip_frac=0.428 rollout=2.2s train=0.7s transitions=1579
[iter 71] score=2086 margin=-1219 win_rate=0.12 eps=0.298 policy_loss=0.0157 value_loss=0.1388 entropy=5.5401 clip_frac=0.263 rollout=2.1s train=0.7s transitions=1616
[iter 72] score=2146 margin=-1225 win_rate=0.19 eps=0.298 policy_loss=0.0075 value_loss=0.0970 entropy=5.7126 clip_frac=0.167 rollout=2.9s train=0.7s transitions=1605
[iter 73] score=1712 margin=-1280 win_rate=0.31 eps=0.298 policy_loss=0.0017 value_loss=0.1044 entropy=5.5154 clip_frac=0.154 rollout=2.1s train=0.7s transitions=1593
[iter 74] score=2068 margin=-1149 win_rate=0.12 eps=0.298 policy_loss=0.0136 value_loss=0.0666 entropy=5.7464 clip_frac=0.222 rollout=2.1s train=0.7s transitions=1647
[iter 75] score=1665 margin=-471 win_rate=0.19 eps=0.298 policy_loss=-0.0016 value_loss=0.0851 entropy=5.6428 clip_frac=0.181 rollout=2.1s train=0.7s transitions=1613
[iter 76] score=1758 margin=-916 win_rate=0.25 eps=0.298 policy_loss=0.0091 value_loss=0.0772 entropy=5.7313 clip_frac=0.160 rollout=2.1s train=0.7s transitions=1617
[iter 77] score=1612 margin=-1008 win_rate=0.06 eps=0.298 policy_loss=0.0098 value_loss=0.0614 entropy=5.7044 clip_frac=0.180 rollout=2.2s train=0.7s transitions=1625
[iter 78] score=2093 margin=-1419 win_rate=0.00 eps=0.298 policy_loss=0.0243 value_loss=0.0802 entropy=5.8091 clip_frac=0.201 rollout=2.1s train=0.7s transitions=1576
[iter 79] score=1959 margin=-1485 win_rate=0.25 eps=0.298 policy_loss=-0.0208 value_loss=0.1452 entropy=5.7603 clip_frac=0.154 rollout=2.2s train=0.7s transitions=1625
[iter 80] score=2081 margin=-1530 win_rate=0.12 eps=0.298 policy_loss=0.0038 value_loss=0.1627 entropy=5.7713 clip_frac=0.221 rollout=2.1s train=0.7s transitions=1613
[iter 81] score=1536 margin=-594 win_rate=0.31 eps=0.298 policy_loss=0.0695 value_loss=0.2842 entropy=5.7603 clip_frac=0.349 rollout=2.1s train=0.7s transitions=1687
[iter 82] score=1296 margin=-1377 win_rate=0.19 eps=0.298 policy_loss=0.0002 value_loss=0.2059 entropy=5.7179 clip_frac=0.297 rollout=2.0s train=0.7s transitions=1566
[iter 83] score=1634 margin=-860 win_rate=0.19 eps=0.298 policy_loss=0.0009 value_loss=0.1137 entropy=5.7019 clip_frac=0.098 rollout=2.9s train=0.8s transitions=1684
[iter 84] score=1638 margin=-1512 win_rate=0.19 eps=0.298 policy_loss=0.0256 value_loss=0.1498 entropy=5.8564 clip_frac=0.233 rollout=2.1s train=0.7s transitions=1610
[iter 85] score=1826 margin=-1300 win_rate=0.12 eps=0.298 policy_loss=-0.0034 value_loss=0.0806 entropy=5.7106 clip_frac=0.312 rollout=2.1s train=0.7s transitions=1582
[iter 86] score=1669 margin=-1023 win_rate=0.12 eps=0.298 policy_loss=0.0149 value_loss=0.0947 entropy=5.8295 clip_frac=0.223 rollout=2.2s train=0.7s transitions=1637
[iter 87] score=2116 margin=-963 win_rate=0.19 eps=0.298 policy_loss=0.0014 value_loss=0.0767 entropy=5.8648 clip_frac=0.217 rollout=2.1s train=0.7s transitions=1641
[iter 88] score=2150 margin=-1242 win_rate=0.19 eps=0.298 policy_loss=0.0152 value_loss=0.1672 entropy=5.7699 clip_frac=0.382 rollout=2.1s train=0.7s transitions=1606
[iter 89] score=1788 margin=-622 win_rate=0.31 eps=0.298 policy_loss=0.1022 value_loss=0.1597 entropy=5.7899 clip_frac=0.319 rollout=2.1s train=0.7s transitions=1601
[iter 90] score=1903 margin=-692 win_rate=0.19 eps=0.298 policy_loss=0.0054 value_loss=0.0506 entropy=5.7855 clip_frac=0.151 rollout=2.1s train=0.7s transitions=1659
[iter 91] score=1777 margin=-1781 win_rate=0.00 eps=0.298 policy_loss=0.0126 value_loss=0.1917 entropy=5.9024 clip_frac=0.316 rollout=2.0s train=0.7s transitions=1568
[iter 92] score=1758 margin=-964 win_rate=0.25 eps=0.298 policy_loss=0.0321 value_loss=0.1049 entropy=5.9326 clip_frac=0.189 rollout=2.1s train=0.7s transitions=1566
[iter 93] score=1743 margin=-931 win_rate=0.31 eps=0.298 policy_loss=0.0186 value_loss=0.0988 entropy=5.9608 clip_frac=0.286 rollout=2.1s train=0.7s transitions=1604
[iter 94] score=1863 margin=-1440 win_rate=0.19 eps=0.298 policy_loss=-0.0034 value_loss=0.1601 entropy=5.9061 clip_frac=0.210 rollout=2.1s train=0.7s transitions=1569
[iter 95] score=1764 margin=-1008 win_rate=0.25 eps=0.298 policy_loss=0.0121 value_loss=0.1100 entropy=5.7646 clip_frac=0.226 rollout=3.0s train=0.7s transitions=1628
[iter 96] score=2332 margin=-1339 win_rate=0.19 eps=0.298 policy_loss=0.0427 value_loss=0.1686 entropy=5.8978 clip_frac=0.272 rollout=2.2s train=0.8s transitions=1697
[iter 97] score=1875 margin=-581 win_rate=0.25 eps=0.298 policy_loss=0.0596 value_loss=0.2617 entropy=5.8650 clip_frac=0.245 rollout=2.0s train=0.7s transitions=1656
[iter 98] score=1994 margin=-1275 win_rate=0.12 eps=0.298 policy_loss=0.0444 value_loss=0.1448 entropy=5.9786 clip_frac=0.198 rollout=2.2s train=0.7s transitions=1567
[iter 99] score=1941 margin=-1061 win_rate=0.19 eps=0.298 policy_loss=0.0261 value_loss=0.1184 entropy=5.9707 clip_frac=0.237 rollout=2.0s train=0.7s transitions=1563
[iter 99] checkpoint saved: checkpoints/20260910-090433_iter100.pt

  eval @ iter 100 - 100 greedy episodes vs each boss (60s)
boss           score      opp    margin    win   conn   zero
------------------------------------------------------------
level1           904        0      +904   0.98    28%     2%
level1Pro        835       35      +800   0.99    26%     1%
level2          2227     2878      -651   0.36    93%     0%
level2Pro       2757     3975     -1218   0.26   100%     0%

[iter 100] score=1726 margin=-1344 win_rate=0.19 eps=0.297 policy_loss=0.0085 value_loss=0.1115 entropy=5.9606 clip_frac=0.169 rollout=2.2s train=0.6s transitions=1590
[iter 101] score=1860 margin=-1473 win_rate=0.19 eps=0.297 policy_loss=0.0091 value_loss=0.1099 entropy=5.9998 clip_frac=0.120 rollout=2.0s train=0.7s transitions=1646
[iter 102] score=2209 margin=-750 win_rate=0.25 eps=0.297 policy_loss=0.0307 value_loss=0.1576 entropy=5.8947 clip_frac=0.269 rollout=2.1s train=0.7s transitions=1619
[iter 103] score=2386 margin=-957 win_rate=0.25 eps=0.297 policy_loss=-0.0041 value_loss=0.0734 entropy=5.7998 clip_frac=0.143 rollout=2.6s train=0.7s transitions=1626
[iter 104] score=2418 margin=-471 win_rate=0.44 eps=0.297 policy_loss=-0.0065 value_loss=0.0794 entropy=5.8470 clip_frac=0.169 rollout=2.2s train=0.7s transitions=1621
[iter 105] score=2379 margin=-550 win_rate=0.25 eps=0.297 policy_loss=-0.0080 value_loss=0.0720 entropy=5.9027 clip_frac=0.255 rollout=2.3s train=0.7s transitions=1681
[iter 106] score=2028 margin=-835 win_rate=0.19 eps=0.297 policy_loss=0.0147 value_loss=0.0640 entropy=5.7976 clip_frac=0.222 rollout=2.0s train=0.7s transitions=1599
[iter 107] score=2119 margin=-467 win_rate=0.25 eps=0.297 policy_loss=0.0033 value_loss=0.0677 entropy=5.5719 clip_frac=0.258 rollout=2.3s train=0.7s transitions=1617
[iter 108] score=2182 margin=-727 win_rate=0.19 eps=0.297 policy_loss=0.0271 value_loss=0.0596 entropy=5.7324 clip_frac=0.268 rollout=2.9s train=0.7s transitions=1586
[iter 109] score=2169 margin=-764 win_rate=0.31 eps=0.297 policy_loss=0.0165 value_loss=0.0759 entropy=5.7134 clip_frac=0.240 rollout=2.1s train=0.7s transitions=1638
[iter 110] score=1938 margin=-864 win_rate=0.12 eps=0.297 policy_loss=-0.0072 value_loss=0.0580 entropy=5.7492 clip_frac=0.246 rollout=2.1s train=0.7s transitions=1602
[iter 111] score=2171 margin=-1126 win_rate=0.31 eps=0.297 policy_loss=0.0119 value_loss=0.1404 entropy=5.6951 clip_frac=0.237 rollout=2.1s train=0.7s transitions=1595
[iter 112] score=2206 margin=-987 win_rate=0.12 eps=0.297 policy_loss=-0.0034 value_loss=0.0938 entropy=5.8462 clip_frac=0.186 rollout=2.2s train=0.7s transitions=1614
[iter 113] score=2384 margin=-812 win_rate=0.25 eps=0.297 policy_loss=0.0052 value_loss=0.0909 entropy=5.8977 clip_frac=0.198 rollout=2.2s train=0.7s transitions=1608
[iter 114] score=2063 margin=-467 win_rate=0.38 eps=0.297 policy_loss=-0.0179 value_loss=0.0548 entropy=5.8389 clip_frac=0.254 rollout=2.1s train=0.7s transitions=1592
[iter 115] score=1777 margin=-807 win_rate=0.31 eps=0.297 policy_loss=-0.0036 value_loss=0.0652 entropy=5.8907 clip_frac=0.177 rollout=2.0s train=0.7s transitions=1605
[iter 116] score=1545 margin=-1094 win_rate=0.19 eps=0.297 policy_loss=0.0475 value_loss=0.0681 entropy=5.8405 clip_frac=0.201 rollout=2.1s train=0.6s transitions=1569
[iter 117] score=2518 margin=-832 win_rate=0.31 eps=0.297 policy_loss=0.0446 value_loss=0.0875 entropy=5.7527 clip_frac=0.337 rollout=2.1s train=0.7s transitions=1615
[iter 118] score=2179 margin=-677 win_rate=0.19 eps=0.297 policy_loss=0.0319 value_loss=0.0660 entropy=5.9696 clip_frac=0.230 rollout=2.2s train=0.7s transitions=1601
[iter 119] score=2128 margin=-381 win_rate=0.31 eps=0.297 policy_loss=0.0267 value_loss=0.1075 entropy=5.7779 clip_frac=0.233 rollout=2.1s train=0.7s transitions=1584
[iter 120] score=2277 margin=-767 win_rate=0.19 eps=0.297 policy_loss=0.0049 value_loss=0.0743 entropy=5.9287 clip_frac=0.205 rollout=2.9s train=0.7s transitions=1602
[iter 121] score=2465 margin=-65 win_rate=0.56 eps=0.297 policy_loss=0.0102 value_loss=0.0426 entropy=5.7436 clip_frac=0.311 rollout=2.1s train=0.7s transitions=1644
[iter 122] score=2417 margin=-461 win_rate=0.31 eps=0.297 policy_loss=0.0009 value_loss=0.0643 entropy=5.8474 clip_frac=0.234 rollout=2.1s train=0.7s transitions=1576
[iter 123] score=2423 margin=-502 win_rate=0.31 eps=0.297 policy_loss=-0.0071 value_loss=0.0539 entropy=5.8814 clip_frac=0.203 rollout=2.0s train=0.7s transitions=1599
[iter 124] score=1589 margin=-1161 win_rate=0.12 eps=0.297 policy_loss=0.1293 value_loss=0.0801 entropy=5.7390 clip_frac=0.293 rollout=2.0s train=0.7s transitions=1594
[iter 125] score=2258 margin=-132 win_rate=0.50 eps=0.297 policy_loss=0.0359 value_loss=0.0683 entropy=5.8945 clip_frac=0.367 rollout=2.0s train=0.7s transitions=1638
[iter 126] score=2053 margin=-867 win_rate=0.19 eps=0.297 policy_loss=-0.0085 value_loss=0.0679 entropy=5.9316 clip_frac=0.206 rollout=1.9s train=0.7s transitions=1595
[iter 127] score=1972 margin=-537 win_rate=0.25 eps=0.297 policy_loss=0.0296 value_loss=0.0431 entropy=5.9494 clip_frac=0.268 rollout=2.1s train=0.7s transitions=1610
[iter 128] score=1856 margin=-1371 win_rate=0.19 eps=0.297 policy_loss=0.0164 value_loss=0.1331 entropy=6.0146 clip_frac=0.175 rollout=2.1s train=0.7s transitions=1644
[iter 129] score=1764 margin=-425 win_rate=0.31 eps=0.297 policy_loss=0.0594 value_loss=0.0999 entropy=5.7937 clip_frac=0.333 rollout=2.0s train=0.8s transitions=1602
[iter 130] score=1966 margin=-1278 win_rate=0.19 eps=0.297 policy_loss=0.0676 value_loss=0.1799 entropy=5.9982 clip_frac=0.235 rollout=2.9s train=0.7s transitions=1636
[iter 131] score=1686 margin=-912 win_rate=0.19 eps=0.297 policy_loss=0.0077 value_loss=0.0607 entropy=5.8740 clip_frac=0.167 rollout=3.8s train=0.8s transitions=1604
[iter 132] score=2068 margin=-1155 win_rate=0.25 eps=0.297 policy_loss=0.0043 value_loss=0.1323 entropy=5.8065 clip_frac=0.210 rollout=3.1s train=0.7s transitions=1612
[iter 133] score=2281 margin=-691 win_rate=0.25 eps=0.297 policy_loss=-0.0003 value_loss=0.0800 entropy=5.7130 clip_frac=0.327 rollout=3.1s train=0.7s transitions=1643
[iter 134] score=1746 margin=-1293 win_rate=0.00 eps=0.297 policy_loss=0.0057 value_loss=0.0951 entropy=5.7704 clip_frac=0.250 rollout=2.8s train=0.7s transitions=1641
[iter 135] score=1805 margin=-923 win_rate=0.31 eps=0.297 policy_loss=0.0081 value_loss=0.0859 entropy=5.9030 clip_frac=0.191 rollout=2.3s train=0.7s transitions=1562
[iter 136] score=2127 margin=-772 win_rate=0.44 eps=0.297 policy_loss=-0.0064 value_loss=0.1105 entropy=5.8828 clip_frac=0.209 rollout=2.9s train=0.7s transitions=1625
[iter 137] score=2040 margin=-628 win_rate=0.38 eps=0.297 policy_loss=-0.0023 value_loss=0.1259 entropy=5.9241 clip_frac=0.252 rollout=2.9s train=0.7s transitions=1588
[iter 138] score=1672 margin=-1406 win_rate=0.06 eps=0.297 policy_loss=0.0255 value_loss=0.1420 entropy=5.9465 clip_frac=0.291 rollout=3.2s train=0.7s transitions=1608
[iter 139] score=2519 margin=-825 win_rate=0.19 eps=0.297 policy_loss=0.0428 value_loss=0.0987 entropy=5.7353 clip_frac=0.360 rollout=3.1s train=0.7s transitions=1582
[iter 140] score=2272 margin=-585 win_rate=0.31 eps=0.296 policy_loss=0.0453 value_loss=0.0647 entropy=5.5399 clip_frac=0.379 rollout=3.1s train=0.7s transitions=1657
[iter 141] score=2315 margin=-363 win_rate=0.44 eps=0.296 policy_loss=-0.0127 value_loss=0.0484 entropy=5.3515 clip_frac=0.305 rollout=2.6s train=0.8s transitions=1622
[iter 142] score=3070 margin=+407 win_rate=0.81 eps=0.296 policy_loss=0.0500 value_loss=0.0766 entropy=5.3315 clip_frac=0.445 rollout=3.0s train=0.8s transitions=1647
[iter 143] score=2231 margin=-908 win_rate=0.25 eps=0.296 policy_loss=0.0933 value_loss=0.1724 entropy=5.4994 clip_frac=0.428 rollout=2.9s train=0.7s transitions=1605
[iter 144] score=2247 margin=-322 win_rate=0.38 eps=0.296 policy_loss=0.0053 value_loss=0.0487 entropy=5.7373 clip_frac=0.301 rollout=3.0s train=0.7s transitions=1630
[iter 145] score=1855 margin=-814 win_rate=0.19 eps=0.296 policy_loss=0.0185 value_loss=0.0651 entropy=5.5379 clip_frac=0.267 rollout=3.0s train=0.7s transitions=1633
[iter 146] score=2607 margin=-39 win_rate=0.62 eps=0.296 policy_loss=0.0236 value_loss=0.0603 entropy=5.4915 clip_frac=0.367 rollout=2.2s train=0.7s transitions=1567
[iter 147] score=1907 margin=-576 win_rate=0.31 eps=0.296 policy_loss=0.1990 value_loss=0.0849 entropy=5.5583 clip_frac=0.401 rollout=2.9s train=0.7s transitions=1520
[iter 148] score=2019 margin=-348 win_rate=0.31 eps=0.296 policy_loss=0.0320 value_loss=0.0390 entropy=5.6216 clip_frac=0.429 rollout=3.1s train=0.6s transitions=1601
[iter 149] score=2686 margin=-374 win_rate=0.38 eps=0.296 policy_loss=-0.0167 value_loss=0.0582 entropy=5.4718 clip_frac=0.338 rollout=3.8s train=0.7s transitions=1668
[iter 150] score=2050 margin=-511 win_rate=0.31 eps=0.296 policy_loss=0.0125 value_loss=0.0497 entropy=5.6819 clip_frac=0.277 rollout=3.0s train=0.8s transitions=1624
[iter 151] score=2235 margin=-265 win_rate=0.44 eps=0.296 policy_loss=-0.0072 value_loss=0.0378 entropy=5.4270 clip_frac=0.207 rollout=2.9s train=0.8s transitions=1599
[iter 152] score=2288 margin=-116 win_rate=0.31 eps=0.296 policy_loss=0.0118 value_loss=0.0366 entropy=5.4086 clip_frac=0.273 rollout=2.9s train=0.8s transitions=1596
[iter 153] score=1546 margin=-442 win_rate=0.38 eps=0.296 policy_loss=0.0663 value_loss=0.0520 entropy=5.5606 clip_frac=0.322 rollout=2.8s train=0.8s transitions=1557
[iter 154] score=2250 margin=-626 win_rate=0.38 eps=0.296 policy_loss=-0.0042 value_loss=0.0766 entropy=5.6494 clip_frac=0.262 rollout=2.8s train=0.8s transitions=1582
[iter 155] score=2494 margin=-146 win_rate=0.38 eps=0.296 policy_loss=0.0108 value_loss=0.0424 entropy=5.5816 clip_frac=0.291 rollout=3.0s train=0.8s transitions=1646
[iter 156] score=2423 margin=-594 win_rate=0.25 eps=0.296 policy_loss=-0.0073 value_loss=0.0585 entropy=5.6161 clip_frac=0.320 rollout=2.8s train=0.8s transitions=1615
[iter 157] score=2239 margin=-546 win_rate=0.44 eps=0.296 policy_loss=0.0016 value_loss=0.0471 entropy=5.5720 clip_frac=0.259 rollout=2.3s train=0.8s transitions=1607
[iter 158] score=2348 margin=+355 win_rate=0.69 eps=0.296 policy_loss=0.0598 value_loss=0.0674 entropy=5.5713 clip_frac=0.368 rollout=3.1s train=0.8s transitions=1629
[iter 159] score=2138 margin=-316 win_rate=0.50 eps=0.296 policy_loss=0.0058 value_loss=0.0684 entropy=5.6693 clip_frac=0.226 rollout=2.3s train=0.8s transitions=1626
[iter 160] score=2238 margin=-1038 win_rate=0.12 eps=0.296 policy_loss=0.0095 value_loss=0.1148 entropy=5.5976 clip_frac=0.389 rollout=2.4s train=0.8s transitions=1571
[iter 161] score=1955 margin=-389 win_rate=0.25 eps=0.296 policy_loss=0.0319 value_loss=0.0572 entropy=5.6689 clip_frac=0.337 rollout=2.0s train=0.8s transitions=1585
[iter 162] score=1847 margin=-508 win_rate=0.31 eps=0.296 policy_loss=-0.0066 value_loss=0.0353 entropy=5.7802 clip_frac=0.229 rollout=2.0s train=0.7s transitions=1616
[iter 163] score=2024 margin=-1008 win_rate=0.12 eps=0.296 policy_loss=0.0060 value_loss=0.0809 entropy=5.6449 clip_frac=0.245 rollout=2.2s train=0.7s transitions=1630
[iter 164] score=2196 margin=-749 win_rate=0.25 eps=0.296 policy_loss=-0.0049 value_loss=0.0625 entropy=5.6993 clip_frac=0.271 rollout=2.1s train=0.7s transitions=1589
[iter 165] score=1898 margin=-923 win_rate=0.06 eps=0.296 policy_loss=0.0255 value_loss=0.0485 entropy=5.6788 clip_frac=0.282 rollout=2.1s train=0.7s transitions=1584
[iter 166] score=2042 margin=-479 win_rate=0.19 eps=0.296 policy_loss=0.0573 value_loss=0.0655 entropy=5.7276 clip_frac=0.224 rollout=2.1s train=0.7s transitions=1604
[iter 167] score=2152 margin=-413 win_rate=0.25 eps=0.296 policy_loss=0.0176 value_loss=0.0579 entropy=5.7244 clip_frac=0.239 rollout=2.1s train=0.7s transitions=1586
[iter 168] score=1603 margin=-725 win_rate=0.19 eps=0.296 policy_loss=-0.0068 value_loss=0.0545 entropy=5.6463 clip_frac=0.245 rollout=2.0s train=0.7s transitions=1582
[iter 169] score=2053 margin=-737 win_rate=0.12 eps=0.296 policy_loss=-0.0111 value_loss=0.0334 entropy=5.6780 clip_frac=0.223 rollout=3.0s train=0.8s transitions=1668
[iter 170] score=1732 margin=-1018 win_rate=0.00 eps=0.296 policy_loss=0.0131 value_loss=0.0445 entropy=5.7546 clip_frac=0.257 rollout=2.3s train=0.8s transitions=1647
[iter 171] score=2522 margin=-880 win_rate=0.25 eps=0.296 policy_loss=-0.0119 value_loss=0.0631 entropy=5.6652 clip_frac=0.336 rollout=2.2s train=0.8s transitions=1595
[iter 172] score=1831 margin=-407 win_rate=0.25 eps=0.296 policy_loss=0.0517 value_loss=0.0541 entropy=5.6264 clip_frac=0.288 rollout=2.1s train=0.8s transitions=1609
[iter 173] score=1591 margin=-815 win_rate=0.19 eps=0.296 policy_loss=0.0062 value_loss=0.1005 entropy=5.9007 clip_frac=0.231 rollout=2.0s train=0.7s transitions=1560
[iter 174] score=2120 margin=-284 win_rate=0.38 eps=0.296 policy_loss=0.0182 value_loss=0.0674 entropy=5.7894 clip_frac=0.261 rollout=2.1s train=0.8s transitions=1617
[iter 175] score=2388 margin=-783 win_rate=0.25 eps=0.296 policy_loss=0.0274 value_loss=0.0748 entropy=5.8548 clip_frac=0.297 rollout=2.3s train=0.8s transitions=1617
[iter 176] score=1989 margin=-539 win_rate=0.19 eps=0.296 policy_loss=0.0200 value_loss=0.0689 entropy=5.7205 clip_frac=0.336 rollout=2.1s train=0.8s transitions=1671
[iter 177] score=1924 margin=-1021 win_rate=0.31 eps=0.296 policy_loss=0.0710 value_loss=0.1412 entropy=5.8181 clip_frac=0.258 rollout=2.3s train=0.8s transitions=1605
[iter 178] score=1974 margin=-790 win_rate=0.31 eps=0.296 policy_loss=-0.0039 value_loss=0.0742 entropy=5.8600 clip_frac=0.205 rollout=2.2s train=0.8s transitions=1619
[iter 179] score=1961 margin=-492 win_rate=0.38 eps=0.296 policy_loss=0.0144 value_loss=0.0644 entropy=5.8547 clip_frac=0.240 rollout=2.2s train=0.8s transitions=1625
[iter 180] score=1940 margin=-1018 win_rate=0.12 eps=0.295 policy_loss=0.0205 value_loss=0.1205 entropy=5.8450 clip_frac=0.255 rollout=3.0s train=0.8s transitions=1623
[iter 181] score=1545 margin=-484 win_rate=0.19 eps=0.295 policy_loss=0.0325 value_loss=0.0751 entropy=5.7138 clip_frac=0.263 rollout=2.2s train=0.8s transitions=1577
[iter 182] score=1988 margin=-492 win_rate=0.38 eps=0.295 policy_loss=-0.0049 value_loss=0.0440 entropy=5.8205 clip_frac=0.250 rollout=2.0s train=0.8s transitions=1613
[iter 183] score=2246 margin=-494 win_rate=0.25 eps=0.295 policy_loss=0.0460 value_loss=0.0609 entropy=5.9065 clip_frac=0.368 rollout=2.2s train=0.8s transitions=1648
[iter 184] score=2092 margin=-746 win_rate=0.25 eps=0.295 policy_loss=0.0673 value_loss=0.0534 entropy=5.8838 clip_frac=0.364 rollout=2.1s train=0.7s transitions=1586
[iter 185] score=1892 margin=-332 win_rate=0.31 eps=0.295 policy_loss=-0.0037 value_loss=0.0408 entropy=5.7171 clip_frac=0.263 rollout=2.3s train=0.7s transitions=1604
[iter 186] score=2269 margin=-661 win_rate=0.19 eps=0.295 policy_loss=0.0357 value_loss=0.0748 entropy=5.8572 clip_frac=0.308 rollout=2.2s train=0.8s transitions=1651
[iter 187] score=2260 margin=-530 win_rate=0.31 eps=0.295 policy_loss=-0.0022 value_loss=0.0430 entropy=5.9419 clip_frac=0.167 rollout=2.2s train=0.8s transitions=1635
[iter 188] score=2731 margin=-343 win_rate=0.44 eps=0.295 policy_loss=-0.0031 value_loss=0.0525 entropy=5.9108 clip_frac=0.240 rollout=2.3s train=0.8s transitions=1647
[iter 189] score=2515 margin=+242 win_rate=0.44 eps=0.295 policy_loss=0.0351 value_loss=0.0784 entropy=5.7086 clip_frac=0.314 rollout=2.1s train=0.8s transitions=1620
[iter 190] score=2075 margin=-605 win_rate=0.25 eps=0.295 policy_loss=0.0077 value_loss=0.0462 entropy=5.7118 clip_frac=0.231 rollout=2.0s train=0.8s transitions=1581
[iter 191] score=2578 margin=-185 win_rate=0.44 eps=0.295 policy_loss=0.0101 value_loss=0.0362 entropy=5.7668 clip_frac=0.323 rollout=2.9s train=0.8s transitions=1647
[iter 192] score=2499 margin=-216 win_rate=0.31 eps=0.295 policy_loss=-0.0035 value_loss=0.0373 entropy=5.7805 clip_frac=0.263 rollout=2.2s train=0.8s transitions=1610
[iter 193] score=2438 margin=+366 win_rate=0.88 eps=0.295 policy_loss=0.0272 value_loss=0.0561 entropy=5.6381 clip_frac=0.369 rollout=2.0s train=0.8s transitions=1587
[iter 194] score=3017 margin=-514 win_rate=0.44 eps=0.295 policy_loss=0.0116 value_loss=0.1553 entropy=5.6645 clip_frac=0.497 rollout=2.2s train=0.7s transitions=1586
[iter 195] score=2336 margin=+447 win_rate=0.81 eps=0.295 policy_loss=0.0294 value_loss=0.0471 entropy=5.4816 clip_frac=0.306 rollout=2.1s train=0.7s transitions=1597
[iter 196] score=2709 margin=+115 win_rate=0.56 eps=0.295 policy_loss=-0.0038 value_loss=0.0346 entropy=5.4938 clip_frac=0.291 rollout=2.3s train=0.8s transitions=1675
[iter 197] score=2692 margin=+187 win_rate=0.56 eps=0.295 policy_loss=0.0015 value_loss=0.0643 entropy=5.6121 clip_frac=0.389 rollout=2.2s train=0.8s transitions=1596
[iter 198] score=3224 margin=+62 win_rate=0.50 eps=0.295 policy_loss=0.0185 value_loss=0.0482 entropy=5.6960 clip_frac=0.474 rollout=2.2s train=0.8s transitions=1619
[iter 199] score=3168 margin=+698 win_rate=0.75 eps=0.295 policy_loss=0.0888 value_loss=0.0646 entropy=5.4292 clip_frac=0.471 rollout=2.2s train=0.8s transitions=1618
[iter 199] checkpoint saved: checkpoints/20260910-090433_iter200.pt

  eval @ iter 200 - 100 greedy episodes vs each boss (59s)
boss           score      opp    margin    win   conn   zero
------------------------------------------------------------
level1          1062        0     +1062   1.00    31%     0%
level1Pro       1113       41     +1073   1.00    32%     0%
level2          3056     2452      +604   0.80    94%     0%
level2Pro       3534     3424      +110   0.53   100%     0%

[iter 200] score=2891 margin=+413 win_rate=0.69 eps=0.295 policy_loss=-0.0025 value_loss=0.0614 entropy=5.5019 clip_frac=0.339 rollout=2.1s train=0.7s transitions=1641
[iter 201] score=2640 margin=+248 win_rate=0.69 eps=0.295 policy_loss=0.0111 value_loss=0.0335 entropy=5.3198 clip_frac=0.279 rollout=2.1s train=0.7s transitions=1662
[iter 202] score=3162 margin=-48 win_rate=0.50 eps=0.295 policy_loss=0.0606 value_loss=0.0416 entropy=5.1839 clip_frac=0.524 rollout=2.2s train=0.7s transitions=1613
[iter 203] score=2595 margin=-252 win_rate=0.44 eps=0.295 policy_loss=0.0226 value_loss=0.0554 entropy=5.5007 clip_frac=0.349 rollout=2.3s train=0.8s transitions=1672
[iter 204] score=2354 margin=+69 win_rate=0.44 eps=0.295 policy_loss=0.0237 value_loss=0.0387 entropy=5.4028 clip_frac=0.297 rollout=3.1s train=0.7s transitions=1626
[iter 205] score=2336 margin=+30 win_rate=0.38 eps=0.295 policy_loss=-0.0018 value_loss=0.0503 entropy=5.3958 clip_frac=0.292 rollout=2.0s train=0.7s transitions=1547
[iter 206] score=1946 margin=-166 win_rate=0.50 eps=0.295 policy_loss=0.0935 value_loss=0.0527 entropy=5.3554 clip_frac=0.371 rollout=2.0s train=0.7s transitions=1617
[iter 207] score=2342 margin=-152 win_rate=0.50 eps=0.295 policy_loss=0.0539 value_loss=0.0347 entropy=5.5067 clip_frac=0.458 rollout=2.2s train=0.7s transitions=1630
[iter 208] score=2808 margin=+17 win_rate=0.62 eps=0.295 policy_loss=0.0706 value_loss=0.0603 entropy=5.4931 clip_frac=0.377 rollout=2.2s train=0.8s transitions=1579
[iter 209] score=2901 margin=-189 win_rate=0.50 eps=0.295 policy_loss=0.0289 value_loss=0.0516 entropy=5.4109 clip_frac=0.337 rollout=2.3s train=0.8s transitions=1640
[iter 210] score=3057 margin=+145 win_rate=0.50 eps=0.295 policy_loss=0.0111 value_loss=0.0428 entropy=5.3002 clip_frac=0.309 rollout=2.3s train=0.8s transitions=1664
[iter 211] score=2625 margin=+132 win_rate=0.62 eps=0.295 policy_loss=0.0032 value_loss=0.0354 entropy=5.1896 clip_frac=0.252 rollout=2.3s train=0.8s transitions=1638
[iter 212] score=2348 margin=+514 win_rate=0.75 eps=0.295 policy_loss=0.0332 value_loss=0.0372 entropy=5.1921 clip_frac=0.318 rollout=2.2s train=0.8s transitions=1616
[iter 213] score=3045 margin=-65 win_rate=0.38 eps=0.295 policy_loss=0.1033 value_loss=0.0743 entropy=5.2088 clip_frac=0.577 rollout=2.1s train=0.8s transitions=1600
[iter 214] score=3018 margin=+90 win_rate=0.44 eps=0.295 policy_loss=0.0116 value_loss=0.0684 entropy=5.0311 clip_frac=0.325 rollout=2.3s train=0.8s transitions=1682
[iter 215] score=3708 margin=+566 win_rate=0.69 eps=0.295 policy_loss=0.0151 value_loss=0.0732 entropy=5.1879 clip_frac=0.329 rollout=3.1s train=0.8s transitions=1658
[iter 216] score=3319 margin=+135 win_rate=0.56 eps=0.295 policy_loss=0.0096 value_loss=0.0788 entropy=5.0318 clip_frac=0.257 rollout=2.3s train=0.8s transitions=1647
[iter 217] score=2724 margin=-52 win_rate=0.56 eps=0.295 policy_loss=0.0128 value_loss=0.0409 entropy=4.8864 clip_frac=0.266 rollout=2.3s train=0.8s transitions=1642
[iter 218] score=3012 margin=+423 win_rate=0.69 eps=0.295 policy_loss=0.0274 value_loss=0.0254 entropy=5.1110 clip_frac=0.267 rollout=2.2s train=0.8s transitions=1649
[iter 219] score=3232 margin=+401 win_rate=0.56 eps=0.295 policy_loss=0.0283 value_loss=0.0537 entropy=5.0922 clip_frac=0.291 rollout=2.3s train=0.8s transitions=1671
[iter 220] score=2716 margin=+109 win_rate=0.31 eps=0.294 policy_loss=0.0222 value_loss=0.0430 entropy=5.2825 clip_frac=0.269 rollout=2.1s train=0.8s transitions=1640
[iter 221] score=2806 margin=+118 win_rate=0.56 eps=0.294 policy_loss=0.0505 value_loss=0.0602 entropy=5.5160 clip_frac=0.305 rollout=2.1s train=0.8s transitions=1611
[iter 222] score=3102 margin=-115 win_rate=0.38 eps=0.294 policy_loss=0.0172 value_loss=0.0465 entropy=5.5058 clip_frac=0.327 rollout=2.2s train=0.8s transitions=1653
[iter 223] score=2812 margin=+302 win_rate=0.69 eps=0.294 policy_loss=0.0128 value_loss=0.0462 entropy=5.3117 clip_frac=0.300 rollout=2.1s train=0.8s transitions=1640
[iter 224] score=2568 margin=+211 win_rate=0.62 eps=0.294 policy_loss=0.0221 value_loss=0.0497 entropy=5.4653 clip_frac=0.244 rollout=2.2s train=0.8s transitions=1622
[iter 225] score=2729 margin=+204 win_rate=0.44 eps=0.294 policy_loss=0.0093 value_loss=0.0505 entropy=5.2783 clip_frac=0.203 rollout=2.3s train=1.6s transitions=1636
[iter 226] score=2385 margin=-373 win_rate=0.50 eps=0.294 policy_loss=0.1028 value_loss=0.0428 entropy=5.4255 clip_frac=0.312 rollout=2.2s train=0.8s transitions=1634
[iter 227] score=3307 margin=+537 win_rate=0.69 eps=0.294 policy_loss=0.0790 value_loss=0.0687 entropy=5.7626 clip_frac=0.479 rollout=2.2s train=0.8s transitions=1663
[iter 228] score=2965 margin=-119 win_rate=0.44 eps=0.294 policy_loss=0.0067 value_loss=0.0453 entropy=5.5806 clip_frac=0.193 rollout=2.2s train=0.8s transitions=1665
[iter 229] score=3028 margin=+337 win_rate=0.69 eps=0.294 policy_loss=0.0116 value_loss=0.0359 entropy=5.5573 clip_frac=0.299 rollout=2.2s train=0.8s transitions=1639
[iter 230] score=2815 margin=+559 win_rate=0.69 eps=0.294 policy_loss=0.0120 value_loss=0.0514 entropy=5.4543 clip_frac=0.224 rollout=2.3s train=0.8s transitions=1677
[iter 231] score=3285 margin=+550 win_rate=0.69 eps=0.294 policy_loss=0.0156 value_loss=0.0416 entropy=5.4736 clip_frac=0.253 rollout=2.2s train=0.8s transitions=1652
[iter 232] score=3216 margin=+418 win_rate=0.56 eps=0.294 policy_loss=0.0076 value_loss=0.0456 entropy=5.4513 clip_frac=0.289 rollout=2.1s train=0.8s transitions=1613
[iter 233] score=2818 margin=+142 win_rate=0.50 eps=0.294 policy_loss=-0.0061 value_loss=0.0477 entropy=5.2607 clip_frac=0.268 rollout=2.2s train=0.8s transitions=1637
[iter 234] score=2792 margin=-110 win_rate=0.50 eps=0.294 policy_loss=0.0573 value_loss=0.0769 entropy=5.5334 clip_frac=0.304 rollout=2.3s train=0.8s transitions=1641
[iter 235] score=3371 margin=+248 win_rate=0.62 eps=0.294 policy_loss=0.0066 value_loss=0.0463 entropy=5.7124 clip_frac=0.236 rollout=2.1s train=0.8s transitions=1642
[iter 236] score=2851 margin=+191 win_rate=0.56 eps=0.294 policy_loss=0.0100 value_loss=0.0452 entropy=5.6687 clip_frac=0.317 rollout=2.1s train=1.5s transitions=1570
[iter 237] score=3281 margin=+591 win_rate=0.62 eps=0.294 policy_loss=0.0490 value_loss=0.0440 entropy=5.4622 clip_frac=0.308 rollout=2.1s train=0.7s transitions=1642
[iter 238] score=2109 margin=-319 win_rate=0.31 eps=0.294 policy_loss=0.1127 value_loss=0.0747 entropy=5.7054 clip_frac=0.253 rollout=2.1s train=0.6s transitions=1621
[iter 239] score=2146 margin=-84 win_rate=0.56 eps=0.294 policy_loss=-0.0179 value_loss=0.0473 entropy=5.7255 clip_frac=0.224 rollout=1.9s train=0.6s transitions=1641
[iter 240] score=2266 margin=-65 win_rate=0.50 eps=0.294 policy_loss=0.0116 value_loss=0.0328 entropy=5.7758 clip_frac=0.239 rollout=2.1s train=0.7s transitions=1607
[iter 241] score=3472 margin=+253 win_rate=0.56 eps=0.294 policy_loss=0.0533 value_loss=0.0621 entropy=5.7629 clip_frac=0.477 rollout=2.1s train=0.6s transitions=1615
[iter 242] score=2440 margin=-213 win_rate=0.25 eps=0.294 policy_loss=0.0376 value_loss=0.0541 entropy=5.7204 clip_frac=0.249 rollout=2.0s train=0.6s transitions=1618
[iter 243] score=2533 margin=-80 win_rate=0.38 eps=0.294 policy_loss=0.0135 value_loss=0.0371 entropy=5.8623 clip_frac=0.226 rollout=2.1s train=0.6s transitions=1637
[iter 244] score=2348 margin=-330 win_rate=0.31 eps=0.294 policy_loss=0.0146 value_loss=0.0626 entropy=5.7067 clip_frac=0.169 rollout=2.0s train=0.6s transitions=1658
[iter 245] score=3315 margin=-467 win_rate=0.44 eps=0.294 policy_loss=-0.0230 value_loss=0.0570 entropy=5.7774 clip_frac=0.260 rollout=2.0s train=0.6s transitions=1637
[iter 246] score=3081 margin=+175 win_rate=0.56 eps=0.294 policy_loss=0.0003 value_loss=0.0413 entropy=5.7150 clip_frac=0.238 rollout=2.1s train=0.6s transitions=1637
[iter 247] score=2261 margin=+18 win_rate=0.62 eps=0.294 policy_loss=-0.0058 value_loss=0.0537 entropy=5.7338 clip_frac=0.206 rollout=2.0s train=0.6s transitions=1671
[iter 248] score=2600 margin=+203 win_rate=0.69 eps=0.294 policy_loss=-0.0094 value_loss=0.0424 entropy=5.6988 clip_frac=0.171 rollout=2.0s train=1.4s transitions=1678
[iter 249] score=2283 margin=+27 win_rate=0.62 eps=0.294 policy_loss=-0.0094 value_loss=0.0410 entropy=5.7178 clip_frac=0.224 rollout=1.9s train=0.6s transitions=1618
[iter 250] score=2992 margin=+381 win_rate=0.75 eps=0.294 policy_loss=-0.0015 value_loss=0.0445 entropy=5.6664 clip_frac=0.261 rollout=2.0s train=0.6s transitions=1624
[iter 251] score=1918 margin=-126 win_rate=0.50 eps=0.294 policy_loss=0.0236 value_loss=0.0377 entropy=5.6472 clip_frac=0.224 rollout=1.9s train=0.6s transitions=1625
[iter 252] score=2870 margin=+74 win_rate=0.50 eps=0.294 policy_loss=0.0046 value_loss=0.0369 entropy=5.8547 clip_frac=0.252 rollout=2.0s train=0.6s transitions=1616
[iter 253] score=2542 margin=-407 win_rate=0.44 eps=0.294 policy_loss=-0.0047 value_loss=0.0716 entropy=5.9427 clip_frac=0.189 rollout=2.0s train=0.6s transitions=1646
[iter 254] score=2045 margin=-472 win_rate=0.44 eps=0.294 policy_loss=-0.0127 value_loss=0.0473 entropy=5.8484 clip_frac=0.181 rollout=2.1s train=0.6s transitions=1649
[iter 255] score=2461 margin=-74 win_rate=0.38 eps=0.294 policy_loss=0.0133 value_loss=0.0360 entropy=5.8257 clip_frac=0.173 rollout=2.2s train=0.6s transitions=1688
[iter 256] score=2872 margin=-370 win_rate=0.44 eps=0.294 policy_loss=0.0094 value_loss=0.0703 entropy=5.7542 clip_frac=0.210 rollout=2.1s train=0.6s transitions=1683
[iter 257] score=2697 margin=+49 win_rate=0.38 eps=0.294 policy_loss=-0.0013 value_loss=0.0393 entropy=5.8538 clip_frac=0.191 rollout=2.0s train=0.6s transitions=1631
[iter 258] score=2241 margin=+103 win_rate=0.56 eps=0.294 policy_loss=0.0290 value_loss=0.0406 entropy=5.4831 clip_frac=0.280 rollout=1.9s train=0.6s transitions=1656
[iter 259] score=2530 margin=-597 win_rate=0.38 eps=0.294 policy_loss=0.0945 value_loss=0.1217 entropy=5.6980 clip_frac=0.243 rollout=2.1s train=0.6s transitions=1626
[iter 260] score=2107 margin=-427 win_rate=0.31 eps=0.293 policy_loss=-0.0109 value_loss=0.0346 entropy=5.7754 clip_frac=0.160 rollout=2.2s train=0.6s transitions=1659
[iter 261] score=2492 margin=+134 win_rate=0.62 eps=0.293 policy_loss=-0.0012 value_loss=0.0514 entropy=5.7005 clip_frac=0.134 rollout=2.9s train=0.6s transitions=1653
[iter 262] score=2914 margin=-219 win_rate=0.50 eps=0.293 policy_loss=-0.0074 value_loss=0.0544 entropy=5.8024 clip_frac=0.263 rollout=2.1s train=0.6s transitions=1617
[iter 263] score=2307 margin=+137 win_rate=0.56 eps=0.293 policy_loss=0.0190 value_loss=0.0496 entropy=5.5627 clip_frac=0.199 rollout=2.0s train=0.6s transitions=1635
[iter 264] score=2061 margin=-660 win_rate=0.25 eps=0.293 policy_loss=0.0298 value_loss=0.0864 entropy=5.6766 clip_frac=0.327 rollout=2.1s train=0.7s transitions=1624
[iter 265] score=3157 margin=+182 win_rate=0.75 eps=0.293 policy_loss=0.0556 value_loss=0.0669 entropy=5.8009 clip_frac=0.342 rollout=2.2s train=0.7s transitions=1626
[iter 266] score=2527 margin=-370 win_rate=0.38 eps=0.293 policy_loss=-0.0020 value_loss=0.0649 entropy=5.8273 clip_frac=0.272 rollout=2.1s train=0.7s transitions=1623
[iter 267] score=3010 margin=+339 win_rate=0.69 eps=0.293 policy_loss=-0.0051 value_loss=0.0689 entropy=5.6157 clip_frac=0.201 rollout=2.1s train=0.7s transitions=1590
[iter 268] score=2621 margin=+127 win_rate=0.62 eps=0.293 policy_loss=-0.0018 value_loss=0.0321 entropy=5.5973 clip_frac=0.238 rollout=2.1s train=0.6s transitions=1664
[iter 269] score=2489 margin=+5 win_rate=0.75 eps=0.293 policy_loss=0.0018 value_loss=0.0305 entropy=5.5017 clip_frac=0.164 rollout=2.1s train=0.6s transitions=1670
[iter 270] score=2744 margin=+460 win_rate=0.75 eps=0.293 policy_loss=-0.0061 value_loss=0.0422 entropy=5.3824 clip_frac=0.177 rollout=2.3s train=0.6s transitions=1621
[iter 271] score=3014 margin=+144 win_rate=0.50 eps=0.293 policy_loss=0.0451 value_loss=0.0803 entropy=5.7917 clip_frac=0.281 rollout=2.0s train=0.6s transitions=1641
[iter 272] score=2289 margin=+35 win_rate=0.56 eps=0.293 policy_loss=0.0280 value_loss=0.0452 entropy=5.6127 clip_frac=0.272 rollout=2.2s train=1.8s transitions=1571
[iter 273] score=3010 margin=+346 win_rate=0.69 eps=0.293 policy_loss=0.0073 value_loss=0.0689 entropy=5.6332 clip_frac=0.245 rollout=4.5s train=0.8s transitions=1595
[iter 274] score=2440 margin=+313 win_rate=0.75 eps=0.293 policy_loss=0.0338 value_loss=0.0324 entropy=5.2388 clip_frac=0.314 rollout=3.3s train=1.5s transitions=1583
[iter 275] score=3038 margin=-263 win_rate=0.44 eps=0.293 policy_loss=0.1156 value_loss=0.0903 entropy=5.5601 clip_frac=0.340 rollout=2.2s train=1.1s transitions=1634
[iter 276] score=2715 margin=+82 win_rate=0.69 eps=0.293 policy_loss=0.0035 value_loss=0.0358 entropy=5.6328 clip_frac=0.219 rollout=3.6s train=1.1s transitions=1666
[iter 277] score=3014 margin=+133 win_rate=0.69 eps=0.293 policy_loss=-0.0172 value_loss=0.0586 entropy=5.6109 clip_frac=0.222 rollout=4.3s train=1.4s transitions=1637
[iter 278] score=2454 margin=-119 win_rate=0.62 eps=0.293 policy_loss=0.0170 value_loss=0.0337 entropy=5.5014 clip_frac=0.247 rollout=2.1s train=1.0s transitions=1620
[iter 279] score=2732 margin=+240 win_rate=0.75 eps=0.293 policy_loss=-0.0060 value_loss=0.0405 entropy=5.6631 clip_frac=0.222 rollout=3.8s train=0.6s transitions=1613
[iter 280] score=2428 margin=+217 win_rate=0.62 eps=0.293 policy_loss=0.0053 value_loss=0.0299 entropy=5.4898 clip_frac=0.263 rollout=4.9s train=1.5s transitions=1639
[iter 281] score=2976 margin=+448 win_rate=0.75 eps=0.293 policy_loss=0.0100 value_loss=0.0498 entropy=5.6122 clip_frac=0.291 rollout=4.0s train=0.7s transitions=1659
[iter 282] score=3160 margin=-64 win_rate=0.44 eps=0.293 policy_loss=0.0089 value_loss=0.0549 entropy=5.7246 clip_frac=0.287 rollout=2.3s train=0.7s transitions=1662
[iter 283] score=2350 margin=+254 win_rate=0.69 eps=0.293 policy_loss=0.0060 value_loss=0.0414 entropy=5.6138 clip_frac=0.313 rollout=4.1s train=0.9s transitions=1631
[iter 284] score=2393 margin=-155 win_rate=0.56 eps=0.293 policy_loss=0.0007 value_loss=0.0565 entropy=5.6827 clip_frac=0.212 rollout=4.0s train=0.8s transitions=1648
[iter 285] score=2550 margin=+141 win_rate=0.56 eps=0.293 policy_loss=0.0094 value_loss=0.0430 entropy=5.7599 clip_frac=0.164 rollout=2.1s train=0.9s transitions=1601
[iter 286] score=2747 margin=-124 win_rate=0.56 eps=0.293 policy_loss=0.0058 value_loss=0.0535 entropy=5.8737 clip_frac=0.276 rollout=3.5s train=0.5s transitions=1684
[iter 287] score=3001 margin=+474 win_rate=0.75 eps=0.293 policy_loss=0.0135 value_loss=0.0462 entropy=5.6265 clip_frac=0.225 rollout=5.1s train=1.5s transitions=1632
[iter 288] score=2590 margin=-214 win_rate=0.50 eps=0.293 policy_loss=0.0725 value_loss=0.0694 entropy=5.7067 clip_frac=0.246 rollout=2.6s train=1.3s transitions=1630
[iter 289] score=2781 margin=+303 win_rate=0.69 eps=0.293 policy_loss=0.0230 value_loss=0.0458 entropy=5.7358 clip_frac=0.299 rollout=2.8s train=0.7s transitions=1637
[iter 290] score=2434 margin=+275 win_rate=0.62 eps=0.293 policy_loss=0.0279 value_loss=0.0422 entropy=5.5844 clip_frac=0.265 rollout=3.9s train=0.6s transitions=1655
[iter 291] score=1963 margin=+62 win_rate=0.75 eps=0.293 policy_loss=0.0072 value_loss=0.0259 entropy=5.5548 clip_frac=0.254 rollout=4.4s train=1.4s transitions=1649
[iter 292] score=2730 margin=+570 win_rate=0.75 eps=0.293 policy_loss=0.0489 value_loss=0.0383 entropy=5.4971 clip_frac=0.365 rollout=2.9s train=1.0s transitions=1597
[iter 293] score=2716 margin=-66 win_rate=0.56 eps=0.293 policy_loss=0.0160 value_loss=0.0707 entropy=5.6152 clip_frac=0.273 rollout=2.6s train=0.7s transitions=1653
[iter 294] score=2991 margin=+580 win_rate=0.56 eps=0.293 policy_loss=-0.0030 value_loss=0.0573 entropy=5.3361 clip_frac=0.263 rollout=4.1s train=1.9s transitions=1605
[iter 295] score=2732 margin=+468 win_rate=0.69 eps=0.293 policy_loss=-0.0093 value_loss=0.0503 entropy=5.4958 clip_frac=0.272 rollout=3.8s train=0.7s transitions=1636
[iter 296] score=2414 margin=+58 win_rate=0.62 eps=0.293 policy_loss=0.0011 value_loss=0.0443 entropy=5.5778 clip_frac=0.277 rollout=2.1s train=0.9s transitions=1590
[iter 297] score=2662 margin=+130 win_rate=0.56 eps=0.293 policy_loss=0.0101 value_loss=0.0234 entropy=5.5580 clip_frac=0.258 rollout=3.8s train=0.6s transitions=1628
[iter 298] score=2902 margin=+584 win_rate=0.69 eps=0.293 policy_loss=0.0260 value_loss=0.0373 entropy=5.5385 clip_frac=0.318 rollout=4.4s train=1.5s transitions=1604
[iter 299] score=2586 margin=+109 win_rate=0.50 eps=0.293 policy_loss=-0.0005 value_loss=0.0637 entropy=5.5452 clip_frac=0.255 rollout=2.3s train=1.6s transitions=1639
[iter 299] checkpoint saved: checkpoints/20260910-090433_iter300.pt

  eval @ iter 300 - 100 greedy episodes vs each boss (84s)
boss           score      opp    margin    win   conn   zero
------------------------------------------------------------
level1          1518        0     +1518   0.99    40%     1%
level1Pro       1634       50     +1583   1.00    42%     0%
level2          3291     2417      +874   0.81    97%     0%
level2Pro       3502     3331      +171   0.61   100%     0%

[iter 300] score=3251 margin=+861 win_rate=0.81 eps=0.292 policy_loss=0.0499 value_loss=0.0545 entropy=5.3397 clip_frac=0.380 rollout=4.4s train=1.3s transitions=1683
[iter 301] score=2811 margin=+481 win_rate=0.69 eps=0.292 policy_loss=0.0208 value_loss=0.0711 entropy=5.3902 clip_frac=0.327 rollout=2.1s train=1.0s transitions=1616
[iter 302] score=2843 margin=+366 win_rate=0.75 eps=0.292 policy_loss=0.0203 value_loss=0.0515 entropy=5.5376 clip_frac=0.290 rollout=3.6s train=0.7s transitions=1649
[iter 303] score=2198 margin=+23 win_rate=0.69 eps=0.292 policy_loss=-0.0039 value_loss=0.0418 entropy=5.3139 clip_frac=0.257 rollout=4.4s train=1.6s transitions=1645
[iter 304] score=3394 margin=+605 win_rate=0.69 eps=0.292 policy_loss=0.0110 value_loss=0.0792 entropy=5.2080 clip_frac=0.290 rollout=2.2s train=1.1s transitions=1648
[iter 305] score=2687 margin=+46 win_rate=0.50 eps=0.292 policy_loss=0.0093 value_loss=0.0511 entropy=5.2606 clip_frac=0.261 rollout=4.3s train=0.9s transitions=1655
[iter 306] score=2332 margin=+217 win_rate=0.62 eps=0.292 policy_loss=0.0023 value_loss=0.0407 entropy=5.3740 clip_frac=0.278 rollout=4.5s train=1.6s transitions=1625
[iter 307] score=2897 margin=+291 win_rate=0.50 eps=0.292 policy_loss=0.0089 value_loss=0.0516 entropy=5.4089 clip_frac=0.271 rollout=2.5s train=1.2s transitions=1640
[iter 308] score=2508 margin=-98 win_rate=0.44 eps=0.292 policy_loss=0.0170 value_loss=0.0625 entropy=5.3346 clip_frac=0.257 rollout=3.0s train=0.5s transitions=1642
[iter 309] score=3033 margin=+377 win_rate=0.69 eps=0.292 policy_loss=0.0082 value_loss=0.0652 entropy=5.2950 clip_frac=0.309 rollout=4.0s train=0.8s transitions=1627
[iter 310] score=3222 margin=+332 win_rate=0.56 eps=0.292 policy_loss=0.0304 value_loss=0.0442 entropy=5.3384 clip_frac=0.321 rollout=4.1s train=0.8s transitions=1616
[iter 311] score=2970 margin=+389 win_rate=0.62 eps=0.292 policy_loss=0.0166 value_loss=0.0477 entropy=5.3205 clip_frac=0.318 rollout=2.1s train=0.7s transitions=1615
[iter 312] score=2847 margin=-74 win_rate=0.56 eps=0.292 policy_loss=0.0440 value_loss=0.0419 entropy=5.4430 clip_frac=0.293 rollout=3.6s train=1.7s transitions=1615
[iter 313] score=2802 margin=-147 win_rate=0.50 eps=0.292 policy_loss=0.0288 value_loss=0.0466 entropy=5.4741 clip_frac=0.288 rollout=3.9s train=0.6s transitions=1621
[iter 314] score=2696 margin=-23 win_rate=0.50 eps=0.292 policy_loss=-0.0045 value_loss=0.0536 entropy=5.5599 clip_frac=0.264 rollout=2.1s train=0.7s transitions=1628
[iter 315] score=2443 margin=-37 win_rate=0.44 eps=0.292 policy_loss=0.0048 value_loss=0.0680 entropy=5.4577 clip_frac=0.219 rollout=3.8s train=0.5s transitions=1614
[iter 316] score=3110 margin=+501 win_rate=0.62 eps=0.292 policy_loss=0.0113 value_loss=0.0646 entropy=5.2021 clip_frac=0.257 rollout=4.4s train=1.4s transitions=1644
[iter 317] score=2403 margin=+72 win_rate=0.62 eps=0.292 policy_loss=0.1279 value_loss=0.0501 entropy=5.3810 clip_frac=0.332 rollout=2.5s train=1.1s transitions=1652
[iter 318] score=2811 margin=+257 win_rate=0.50 eps=0.292 policy_loss=0.0654 value_loss=0.0738 entropy=5.3353 clip_frac=0.324 rollout=3.0s train=0.6s transitions=1601
[iter 319] score=2545 margin=+85 win_rate=0.56 eps=0.292 policy_loss=0.0221 value_loss=0.0455 entropy=5.1954 clip_frac=0.321 rollout=4.4s train=1.6s transitions=1640
[iter 320] score=2226 margin=-316 win_rate=0.50 eps=0.292 policy_loss=0.0406 value_loss=0.0704 entropy=5.2854 clip_frac=0.312 rollout=4.6s train=0.8s transitions=1623
[iter 321] score=3056 margin=+356 win_rate=0.50 eps=0.292 policy_loss=0.0780 value_loss=0.0680 entropy=5.1435 clip_frac=0.421 rollout=2.3s train=0.8s transitions=1632
[iter 322] score=3133 margin=+229 win_rate=0.56 eps=0.292 policy_loss=0.0063 value_loss=0.0439 entropy=5.1068 clip_frac=0.230 rollout=4.0s train=1.0s transitions=1671
[iter 323] score=2909 margin=+645 win_rate=0.75 eps=0.292 policy_loss=0.0323 value_loss=0.0834 entropy=5.0494 clip_frac=0.325 rollout=3.6s train=0.7s transitions=1613
[iter 324] score=2904 margin=-52 win_rate=0.44 eps=0.292 policy_loss=0.0368 value_loss=0.0787 entropy=5.2292 clip_frac=0.266 rollout=2.1s train=0.6s transitions=1605
[iter 325] score=3070 margin=+528 win_rate=0.62 eps=0.292 policy_loss=0.0271 value_loss=0.1013 entropy=5.2830 clip_frac=0.311 rollout=4.0s train=0.8s transitions=1603
[iter 326] score=2894 margin=+408 win_rate=0.56 eps=0.292 policy_loss=0.3530 value_loss=0.0780 entropy=5.2497 clip_frac=0.330 rollout=4.5s train=1.0s transitions=1688
[iter 327] score=2826 margin=+147 win_rate=0.62 eps=0.292 policy_loss=0.0506 value_loss=0.0549 entropy=5.3865 clip_frac=0.293 rollout=2.2s train=0.7s transitions=1635
[iter 328] score=3092 margin=+800 win_rate=0.69 eps=0.292 policy_loss=0.0604 value_loss=0.0986 entropy=5.1770 clip_frac=0.376 rollout=4.3s train=1.1s transitions=1606
[iter 329] score=2108 margin=-353 win_rate=0.44 eps=0.292 policy_loss=0.0962 value_loss=0.1346 entropy=5.3171 clip_frac=0.355 rollout=3.8s train=0.6s transitions=1619
[iter 330] score=2773 margin=+665 win_rate=0.75 eps=0.292 policy_loss=0.0472 value_loss=0.0862 entropy=5.4405 clip_frac=0.229 rollout=2.1s train=0.6s transitions=1607
[iter 331] score=3093 margin=+761 win_rate=0.88 eps=0.292 policy_loss=0.0482 value_loss=0.0829 entropy=5.2980 clip_frac=0.277 rollout=4.1s train=1.0s transitions=1677
[iter 332] score=2647 margin=+153 win_rate=0.50 eps=0.292 policy_loss=0.0207 value_loss=0.1272 entropy=5.2748 clip_frac=0.302 rollout=4.2s train=1.1s transitions=1614
[iter 333] score=2493 margin=+460 win_rate=0.62 eps=0.292 policy_loss=0.0266 value_loss=0.0634 entropy=5.0135 clip_frac=0.295 rollout=2.1s train=1.0s transitions=1635
[iter 334] score=3997 margin=+893 win_rate=0.81 eps=0.292 policy_loss=0.1383 value_loss=0.1380 entropy=5.2393 clip_frac=0.476 rollout=3.4s train=0.6s transitions=1635
[iter 335] score=2964 margin=+178 win_rate=0.56 eps=0.292 policy_loss=0.0421 value_loss=0.1180 entropy=5.0909 clip_frac=0.345 rollout=5.7s train=1.6s transitions=1716
[iter 336] score=2925 margin=+56 win_rate=0.62 eps=0.292 policy_loss=0.0082 value_loss=0.0883 entropy=5.0775 clip_frac=0.247 rollout=3.8s train=0.7s transitions=1665
[iter 337] score=3876 margin=+1260 win_rate=0.81 eps=0.292 policy_loss=0.0909 value_loss=0.1546 entropy=4.8435 clip_frac=0.501 rollout=2.2s train=0.6s transitions=1664
[iter 338] score=2811 margin=+600 win_rate=0.75 eps=0.292 policy_loss=0.3820 value_loss=0.0554 entropy=4.8097 clip_frac=0.399 rollout=3.7s train=1.0s transitions=1664
[iter 339] score=3533 margin=+625 win_rate=0.69 eps=0.292 policy_loss=0.0965 value_loss=0.0872 entropy=4.9521 clip_frac=0.498 rollout=3.9s train=0.6s transitions=1598
[iter 340] score=1965 margin=-679 win_rate=0.25 eps=0.291 policy_loss=2.9019 value_loss=0.3496 entropy=4.7404 clip_frac=0.500 rollout=2.1s train=0.8s transitions=1642
[iter 341] score=3533 margin=+356 win_rate=0.69 eps=0.291 policy_loss=0.0680 value_loss=0.0945 entropy=5.0124 clip_frac=0.499 rollout=3.5s train=0.7s transitions=1645
[iter 342] score=2576 margin=+314 win_rate=0.56 eps=0.291 policy_loss=0.1291 value_loss=0.0447 entropy=4.8176 clip_frac=0.339 rollout=4.1s train=1.2s transitions=1667
[iter 343] score=2325 margin=+55 win_rate=0.56 eps=0.291 policy_loss=0.0297 value_loss=0.0600 entropy=5.1739 clip_frac=0.227 rollout=2.9s train=0.8s transitions=1599
[iter 344] score=2617 margin=+138 win_rate=0.56 eps=0.291 policy_loss=0.0378 value_loss=0.0571 entropy=5.1304 clip_frac=0.258 rollout=3.4s train=0.9s transitions=1643
[iter 345] score=3549 margin=+677 win_rate=0.62 eps=0.291 policy_loss=0.1198 value_loss=0.0801 entropy=5.1799 clip_frac=0.517 rollout=4.0s train=0.9s transitions=1594
[iter 346] score=2088 margin=-492 win_rate=0.38 eps=0.291 policy_loss=0.3214 value_loss=0.2151 entropy=5.1316 clip_frac=0.383 rollout=2.2s train=0.9s transitions=1605
[iter 347] score=1820 margin=-140 win_rate=0.56 eps=0.291 policy_loss=0.0273 value_loss=0.0512 entropy=5.1497 clip_frac=0.266 rollout=3.1s train=0.9s transitions=1597
[iter 348] score=2823 margin=+382 win_rate=0.62 eps=0.291 policy_loss=0.0680 value_loss=0.0586 entropy=5.2084 clip_frac=0.426 rollout=4.0s train=0.9s transitions=1628
[iter 349] score=2726 margin=+130 win_rate=0.50 eps=0.291 policy_loss=0.0002 value_loss=0.0627 entropy=5.2594 clip_frac=0.269 rollout=2.0s train=0.8s transitions=1618
[iter 350] score=2309 margin=-312 win_rate=0.38 eps=0.291 policy_loss=0.0100 value_loss=0.0463 entropy=5.3194 clip_frac=0.261 rollout=3.4s train=1.2s transitions=1636
[iter 351] score=3596 margin=+1058 win_rate=0.88 eps=0.291 policy_loss=0.0954 value_loss=0.1547 entropy=5.0731 clip_frac=0.557 rollout=4.5s train=0.7s transitions=1622
[iter 352] score=2223 margin=-37 win_rate=0.56 eps=0.291 policy_loss=0.2246 value_loss=0.1265 entropy=5.2675 clip_frac=0.383 rollout=2.1s train=0.7s transitions=1656
[iter 353] score=3319 margin=-123 win_rate=0.50 eps=0.291 policy_loss=0.0585 value_loss=0.0530 entropy=5.4227 clip_frac=0.374 rollout=3.9s train=1.3s transitions=1668
[iter 354] score=3227 margin=+558 win_rate=0.75 eps=0.291 policy_loss=0.0100 value_loss=0.0566 entropy=5.2734 clip_frac=0.325 rollout=3.4s train=0.7s transitions=1645
[iter 355] score=2554 margin=-10 win_rate=0.50 eps=0.291 policy_loss=0.0277 value_loss=0.0664 entropy=5.2067 clip_frac=0.314 rollout=2.2s train=0.6s transitions=1615
[iter 356] score=2860 margin=-88 win_rate=0.62 eps=0.291 policy_loss=0.0556 value_loss=0.0523 entropy=5.2185 clip_frac=0.299 rollout=3.9s train=1.0s transitions=1628
[iter 357] score=3139 margin=+17 win_rate=0.62 eps=0.291 policy_loss=0.0111 value_loss=0.0692 entropy=5.4503 clip_frac=0.359 rollout=4.1s train=1.1s transitions=1630
[iter 358] score=3112 margin=+528 win_rate=0.62 eps=0.291 policy_loss=0.0674 value_loss=0.0379 entropy=5.2183 clip_frac=0.318 rollout=2.1s train=0.8s transitions=1632
[iter 359] score=2237 margin=+287 win_rate=0.75 eps=0.291 policy_loss=0.0432 value_loss=0.0275 entropy=5.3891 clip_frac=0.311 rollout=4.2s train=0.5s transitions=1684
[iter 360] score=2253 margin=-96 win_rate=0.50 eps=0.291 policy_loss=0.0226 value_loss=0.0712 entropy=5.2936 clip_frac=0.262 rollout=4.2s train=1.5s transitions=1632
[iter 361] score=3787 margin=+749 win_rate=0.69 eps=0.291 policy_loss=0.1882 value_loss=0.1199 entropy=5.6535 clip_frac=0.447 rollout=3.2s train=1.0s transitions=1691
[iter 362] score=2477 margin=-20 win_rate=0.56 eps=0.291 policy_loss=0.0645 value_loss=0.0787 entropy=5.6393 clip_frac=0.289 rollout=2.4s train=0.7s transitions=1668
[iter 363] score=2607 margin=-258 win_rate=0.31 eps=0.291 policy_loss=-0.0099 value_loss=0.0459 entropy=5.6708 clip_frac=0.261 rollout=3.6s train=1.0s transitions=1606
[iter 364] score=3102 margin=+325 win_rate=0.62 eps=0.291 policy_loss=0.0437 value_loss=0.0540 entropy=5.5544 clip_frac=0.364 rollout=4.0s train=0.6s transitions=1642
[iter 365] score=2182 margin=-743 win_rate=0.44 eps=0.291 policy_loss=0.0908 value_loss=0.1547 entropy=5.5915 clip_frac=0.343 rollout=2.0s train=0.6s transitions=1633
[iter 366] score=2736 margin=-174 win_rate=0.38 eps=0.291 policy_loss=-0.0057 value_loss=0.0591 entropy=5.5361 clip_frac=0.223 rollout=3.9s train=0.6s transitions=1637
[iter 367] score=2951 margin=-13 win_rate=0.56 eps=0.291 policy_loss=-0.0024 value_loss=0.0694 entropy=5.5074 clip_frac=0.253 rollout=5.1s train=1.5s transitions=1661
[iter 368] score=2421 margin=-604 win_rate=0.12 eps=0.291 policy_loss=0.0128 value_loss=0.0623 entropy=5.4860 clip_frac=0.261 rollout=2.2s train=1.1s transitions=1652
[iter 369] score=2096 margin=+93 win_rate=0.62 eps=0.291 policy_loss=0.0319 value_loss=0.0411 entropy=5.4661 clip_frac=0.325 rollout=2.9s train=0.6s transitions=1659
[iter 370] score=2517 margin=-235 win_rate=0.44 eps=0.291 policy_loss=-0.0066 value_loss=0.0518 entropy=5.3436 clip_frac=0.227 rollout=4.2s train=1.4s transitions=1640
[iter 371] score=2701 margin=+211 win_rate=0.62 eps=0.291 policy_loss=-0.0197 value_loss=0.0458 entropy=5.5380 clip_frac=0.263 rollout=2.1s train=1.2s transitions=1674
[iter 372] score=2606 margin=-115 win_rate=0.38 eps=0.291 policy_loss=0.0124 value_loss=0.0555 entropy=5.4700 clip_frac=0.260 rollout=3.0s train=0.5s transitions=1663
[iter 373] score=2691 margin=-149 win_rate=0.50 eps=0.291 policy_loss=0.1195 value_loss=0.0550 entropy=5.4145 clip_frac=0.400 rollout=4.1s train=1.4s transitions=1625
[iter 374] score=2632 margin=-119 win_rate=0.38 eps=0.291 policy_loss=0.0273 value_loss=0.0511 entropy=5.7785 clip_frac=0.268 rollout=4.3s train=0.8s transitions=1651
[iter 375] score=2243 margin=-158 win_rate=0.50 eps=0.291 policy_loss=0.0151 value_loss=0.0850 entropy=5.6756 clip_frac=0.300 rollout=2.1s train=0.6s transitions=1648
[iter 376] score=2315 margin=-55 win_rate=0.44 eps=0.291 policy_loss=0.0307 value_loss=0.0596 entropy=5.6116 clip_frac=0.295 rollout=4.1s train=1.2s transitions=1669
[iter 377] score=2598 margin=+399 win_rate=0.56 eps=0.291 policy_loss=0.0323 value_loss=0.1032 entropy=5.6745 clip_frac=0.306 rollout=3.7s train=0.6s transitions=1631
[iter 378] score=2315 margin=-190 win_rate=0.44 eps=0.291 policy_loss=0.0206 value_loss=0.0733 entropy=5.7443 clip_frac=0.186 rollout=2.2s train=0.8s transitions=1678
[iter 379] score=1647 margin=-707 win_rate=0.38 eps=0.291 policy_loss=-0.0062 value_loss=0.0672 entropy=5.5955 clip_frac=0.188 rollout=3.5s train=0.8s transitions=1635
[iter 380] score=2407 margin=+28 win_rate=0.56 eps=0.290 policy_loss=-0.0064 value_loss=0.0407 entropy=5.6787 clip_frac=0.187 rollout=3.8s train=0.7s transitions=1625
[iter 381] score=2524 margin=+311 win_rate=0.56 eps=0.290 policy_loss=-0.0088 value_loss=0.0554 entropy=5.5622 clip_frac=0.202 rollout=2.0s train=0.7s transitions=1595
[iter 382] score=2554 margin=+108 win_rate=0.62 eps=0.290 policy_loss=0.0058 value_loss=0.0290 entropy=5.7362 clip_frac=0.258 rollout=4.6s train=0.9s transitions=1654
[iter 383] score=2581 margin=+310 win_rate=0.62 eps=0.290 policy_loss=0.0234 value_loss=0.0543 entropy=5.6238 clip_frac=0.254 rollout=4.1s train=1.0s transitions=1666
[iter 384] score=2058 margin=-340 win_rate=0.38 eps=0.290 policy_loss=0.0127 value_loss=0.0896 entropy=5.6969 clip_frac=0.130 rollout=2.1s train=0.9s transitions=1681
[iter 385] score=3135 margin=-212 win_rate=0.44 eps=0.290 policy_loss=0.0593 value_loss=0.0742 entropy=5.8854 clip_frac=0.314 rollout=3.4s train=0.6s transitions=1629
[iter 386] score=2666 margin=+308 win_rate=0.50 eps=0.290 policy_loss=0.0350 value_loss=0.0594 entropy=5.8416 clip_frac=0.327 rollout=4.3s train=1.5s transitions=1671
[iter 387] score=3009 margin=+56 win_rate=0.50 eps=0.290 policy_loss=-0.0072 value_loss=0.0998 entropy=5.9343 clip_frac=0.224 rollout=3.4s train=0.7s transitions=1647
[iter 388] score=2650 margin=+123 win_rate=0.50 eps=0.290 policy_loss=0.0178 value_loss=0.0504 entropy=5.7700 clip_frac=0.212 rollout=2.3s train=0.6s transitions=1694
[iter 389] score=2840 margin=+428 win_rate=0.69 eps=0.290 policy_loss=0.0059 value_loss=0.0784 entropy=5.6908 clip_frac=0.211 rollout=3.9s train=0.7s transitions=1624
[iter 390] score=2853 margin=+189 win_rate=0.50 eps=0.290 policy_loss=-0.0046 value_loss=0.0497 entropy=5.6213 clip_frac=0.211 rollout=5.0s train=1.2s transitions=1658
[iter 391] score=2437 margin=+37 win_rate=0.56 eps=0.290 policy_loss=0.0153 value_loss=0.0604 entropy=5.5969 clip_frac=0.239 rollout=2.1s train=0.9s transitions=1646
[iter 392] score=3428 margin=-72 win_rate=0.62 eps=0.290 policy_loss=0.0730 value_loss=0.1381 entropy=5.6970 clip_frac=0.387 rollout=3.4s train=0.6s transitions=1651
[iter 393] score=3342 margin=+844 win_rate=0.81 eps=0.290 policy_loss=0.1327 value_loss=0.1113 entropy=5.7178 clip_frac=0.582 rollout=4.4s train=1.5s transitions=1685
[iter 394] score=2377 margin=-571 win_rate=0.38 eps=0.290 policy_loss=0.1837 value_loss=0.2954 entropy=5.8890 clip_frac=0.323 rollout=2.1s train=1.3s transitions=1605
[iter 395] score=2157 margin=-145 win_rate=0.44 eps=0.290 policy_loss=0.0119 value_loss=0.0470 entropy=5.7783 clip_frac=0.222 rollout=3.0s train=0.5s transitions=1576
[iter 396] score=2349 margin=-383 win_rate=0.62 eps=0.290 policy_loss=-0.0377 value_loss=0.0801 entropy=5.7165 clip_frac=0.256 rollout=4.5s train=1.4s transitions=1621
[iter 397] score=2517 margin=-32 win_rate=0.56 eps=0.290 policy_loss=0.0091 value_loss=0.0974 entropy=5.7962 clip_frac=0.223 rollout=5.3s train=1.0s transitions=1637
[iter 398] score=2547 margin=-121 win_rate=0.62 eps=0.290 policy_loss=-0.0031 value_loss=0.0688 entropy=5.5605 clip_frac=0.170 rollout=3.9s train=0.7s transitions=1676
[iter 399] score=2776 margin=+156 win_rate=0.56 eps=0.290 policy_loss=0.0379 value_loss=0.0475 entropy=5.7660 clip_frac=0.216 rollout=5.9s train=1.5s transitions=1625
[iter 399] checkpoint saved: checkpoints/20260910-090433_iter400.pt

  eval @ iter 400 - 100 greedy episodes vs each boss (129s)
boss           score      opp    margin    win   conn   zero
------------------------------------------------------------
level1          1154        0     +1154   0.92    35%     8%
level1Pro       1434       57     +1377   0.97    43%     3%
level2          2914     2390      +525   0.72    94%     0%
level2Pro       3306     3460      -155   0.50   100%     0%

[iter 400] score=2050 margin=-12 win_rate=0.50 eps=0.290 policy_loss=0.0584 value_loss=0.0482 entropy=5.4885 clip_frac=0.329 rollout=2.3s train=1.3s transitions=1666
[iter 401] score=2632 margin=-279 win_rate=0.38 eps=0.290 policy_loss=0.0275 value_loss=0.1124 entropy=5.6233 clip_frac=0.304 rollout=3.1s train=0.6s transitions=1666
[iter 402] score=2427 margin=+361 win_rate=0.62 eps=0.290 policy_loss=0.0324 value_loss=0.0609 entropy=5.6775 clip_frac=0.222 rollout=4.3s train=1.3s transitions=1626
[iter 403] score=2911 margin=+483 win_rate=0.62 eps=0.290 policy_loss=0.0135 value_loss=0.0929 entropy=5.6159 clip_frac=0.245 rollout=5.3s train=0.9s transitions=1655
[iter 404] score=3335 margin=+1100 win_rate=0.88 eps=0.290 policy_loss=0.0362 value_loss=0.0986 entropy=5.5795 clip_frac=0.276 rollout=4.4s train=0.8s transitions=1654
[iter 405] score=2994 margin=+496 win_rate=0.81 eps=0.290 policy_loss=0.0242 value_loss=0.0456 entropy=5.7098 clip_frac=0.254 rollout=5.1s train=1.6s transitions=1640
[iter 406] score=2516 margin=+667 win_rate=0.75 eps=0.290 policy_loss=0.0142 value_loss=0.0481 entropy=5.5328 clip_frac=0.215 rollout=4.8s train=1.4s transitions=1688
[iter 407] score=2387 margin=-190 win_rate=0.62 eps=0.290 policy_loss=0.0779 value_loss=0.1322 entropy=5.6386 clip_frac=0.277 rollout=3.6s train=0.8s transitions=1618
[iter 408] score=2700 margin=+516 win_rate=0.69 eps=0.290 policy_loss=0.0063 value_loss=0.0337 entropy=5.6508 clip_frac=0.206 rollout=5.8s train=1.5s transitions=1640
[iter 409] score=2339 margin=+334 win_rate=0.50 eps=0.290 policy_loss=0.0236 value_loss=0.0603 entropy=5.5811 clip_frac=0.163 rollout=4.4s train=2.0s transitions=1616
[iter 410] score=2323 margin=+207 win_rate=0.56 eps=0.290 policy_loss=0.0133 value_loss=0.0441 entropy=5.5820 clip_frac=0.234 rollout=4.6s train=0.7s transitions=1627
[iter 411] score=2737 margin=+390 win_rate=0.50 eps=0.290 policy_loss=0.0069 value_loss=0.0370 entropy=5.4498 clip_frac=0.182 rollout=5.9s train=1.5s transitions=1625
[iter 412] score=3141 margin=+389 win_rate=0.56 eps=0.290 policy_loss=0.0146 value_loss=0.0895 entropy=5.6804 clip_frac=0.269 rollout=5.6s train=1.3s transitions=1623
[iter 413] score=3100 margin=+884 win_rate=0.81 eps=0.290 policy_loss=0.0499 value_loss=0.0964 entropy=5.5571 clip_frac=0.345 rollout=5.5s train=1.3s transitions=1654
[iter 414] score=2588 margin=-42 win_rate=0.50 eps=0.290 policy_loss=0.0081 value_loss=0.1493 entropy=5.6127 clip_frac=0.259 rollout=6.1s train=0.8s transitions=1644
[iter 415] score=2573 margin=+827 win_rate=0.69 eps=0.290 policy_loss=0.0428 value_loss=0.1061 entropy=5.3285 clip_frac=0.291 rollout=7.2s train=1.6s transitions=1643
[iter 416] score=3697 margin=+1347 win_rate=0.88 eps=0.290 policy_loss=0.0202 value_loss=0.0849 entropy=5.3605 clip_frac=0.262 rollout=3.8s train=1.2s transitions=1629
[iter 417] score=2502 margin=+396 win_rate=0.62 eps=0.290 policy_loss=0.0467 value_loss=0.1023 entropy=5.4584 clip_frac=0.227 rollout=3.8s train=0.7s transitions=1622
[iter 418] score=2956 margin=+565 win_rate=0.62 eps=0.290 policy_loss=-0.0163 value_loss=0.0536 entropy=5.4896 clip_frac=0.174 rollout=5.3s train=1.6s transitions=1624
[iter 419] score=3197 margin=+640 win_rate=0.62 eps=0.290 policy_loss=0.0100 value_loss=0.0617 entropy=5.5345 clip_frac=0.205 rollout=4.1s train=1.1s transitions=1621
[iter 420] score=3545 margin=+910 win_rate=0.75 eps=0.289 policy_loss=0.0014 value_loss=0.0573 entropy=5.3095 clip_frac=0.240 rollout=4.5s train=0.9s transitions=1647
[iter 421] score=3191 margin=+542 win_rate=0.75 eps=0.289 policy_loss=0.0045 value_loss=0.0443 entropy=5.0617 clip_frac=0.250 rollout=3.9s train=0.6s transitions=1664
[iter 422] score=3084 margin=+881 win_rate=0.81 eps=0.289 policy_loss=0.0136 value_loss=0.0539 entropy=5.1337 clip_frac=0.250 rollout=4.5s train=1.6s transitions=1674
[iter 423] score=3174 margin=+148 win_rate=0.62 eps=0.289 policy_loss=0.0370 value_loss=0.0853 entropy=5.5853 clip_frac=0.267 rollout=2.5s train=1.2s transitions=1651
[iter 424] score=2984 margin=+490 win_rate=0.50 eps=0.289 policy_loss=0.0538 value_loss=0.0428 entropy=5.5275 clip_frac=0.217 rollout=2.7s train=0.6s transitions=1601
[iter 425] score=1954 margin=+387 win_rate=0.56 eps=0.289 policy_loss=0.0115 value_loss=0.0498 entropy=5.3013 clip_frac=0.205 rollout=3.9s train=1.1s transitions=1665
[iter 426] score=3399 margin=+722 win_rate=0.75 eps=0.289 policy_loss=0.0347 value_loss=0.0426 entropy=5.5377 clip_frac=0.247 rollout=4.1s train=0.7s transitions=1653
[iter 427] score=2292 margin=+396 win_rate=0.50 eps=0.289 policy_loss=0.0037 value_loss=0.0380 entropy=5.5800 clip_frac=0.154 rollout=3.1s train=0.8s transitions=1642
[iter 428] score=3031 margin=+415 win_rate=0.56 eps=0.289 policy_loss=0.0194 value_loss=0.0764 entropy=5.7916 clip_frac=0.194 rollout=3.6s train=0.6s transitions=1651
[iter 429] score=2634 margin=+155 win_rate=0.56 eps=0.289 policy_loss=0.0426 value_loss=0.0808 entropy=5.4112 clip_frac=0.290 rollout=4.6s train=1.5s transitions=1643
[iter 430] score=2360 margin=-250 win_rate=0.25 eps=0.289 policy_loss=0.0703 value_loss=0.1409 entropy=5.6286 clip_frac=0.217 rollout=3.2s train=1.0s transitions=1600
[iter 431] score=2754 margin=+159 win_rate=0.62 eps=0.289 policy_loss=0.0096 value_loss=0.0678 entropy=5.5918 clip_frac=0.182 rollout=2.3s train=0.6s transitions=1626
[iter 432] score=2062 margin=+80 win_rate=0.44 eps=0.289 policy_loss=0.0041 value_loss=0.0747 entropy=5.5977 clip_frac=0.135 rollout=3.8s train=1.5s transitions=1662
[iter 433] score=2869 margin=+486 win_rate=0.50 eps=0.289 policy_loss=0.0164 value_loss=0.1186 entropy=5.4880 clip_frac=0.167 rollout=4.6s train=0.7s transitions=1630
[iter 434] score=2687 margin=+360 win_rate=0.69 eps=0.289 policy_loss=-0.0116 value_loss=0.0674 entropy=5.3807 clip_frac=0.195 rollout=4.1s train=0.6s transitions=1614
[iter 435] score=2991 margin=+429 win_rate=0.56 eps=0.289 policy_loss=0.0262 value_loss=0.0488 entropy=5.3703 clip_frac=0.246 rollout=5.3s train=1.5s transitions=1633
[iter 436] score=3185 margin=+482 win_rate=0.69 eps=0.289 policy_loss=0.0760 value_loss=0.0394 entropy=5.4373 clip_frac=0.273 rollout=3.0s train=1.2s transitions=1650
[iter 437] score=2510 margin=+105 win_rate=0.50 eps=0.289 policy_loss=0.0185 value_loss=0.0894 entropy=5.5100 clip_frac=0.173 rollout=2.5s train=0.6s transitions=1633
[iter 438] score=2296 margin=+169 win_rate=0.44 eps=0.289 policy_loss=-0.0025 value_loss=0.0388 entropy=5.5794 clip_frac=0.161 rollout=3.8s train=1.0s transitions=1616
[iter 439] score=2679 margin=-125 win_rate=0.44 eps=0.289 policy_loss=0.0295 value_loss=0.0806 entropy=5.7063 clip_frac=0.194 rollout=4.1s train=1.1s transitions=1644
[iter 440] score=3546 margin=+476 win_rate=0.69 eps=0.289 policy_loss=0.0525 value_loss=0.1684 entropy=5.7504 clip_frac=0.354 rollout=2.1s train=0.9s transitions=1654
[iter 441] score=3112 margin=+750 win_rate=0.69 eps=0.289 policy_loss=0.0045 value_loss=0.0690 entropy=5.3986 clip_frac=0.186 rollout=4.2s train=0.6s transitions=1655
[iter 442] score=3210 margin=+972 win_rate=0.81 eps=0.289 policy_loss=0.0243 value_loss=0.0859 entropy=5.4467 clip_frac=0.222 rollout=4.4s train=1.0s transitions=1641
[iter 443] score=2892 margin=+343 win_rate=0.56 eps=0.289 policy_loss=0.0062 value_loss=0.0597 entropy=5.3838 clip_frac=0.203 rollout=4.0s train=1.2s transitions=1634
[iter 444] score=3389 margin=+203 win_rate=0.56 eps=0.289 policy_loss=-0.0147 value_loss=0.0787 entropy=5.3823 clip_frac=0.187 rollout=2.1s train=1.1s transitions=1655
[iter 445] score=2469 margin=+614 win_rate=0.69 eps=0.289 policy_loss=0.0026 value_loss=0.0402 entropy=5.4206 clip_frac=0.240 rollout=3.1s train=0.5s transitions=1598
[iter 446] score=3054 margin=+1012 win_rate=0.88 eps=0.289 policy_loss=0.0082 value_loss=0.0475 entropy=5.3069 clip_frac=0.192 rollout=4.2s train=1.5s transitions=1626
[iter 447] score=2352 margin=+197 win_rate=0.56 eps=0.289 policy_loss=0.0186 value_loss=0.0525 entropy=5.4850 clip_frac=0.195 rollout=2.0s train=1.0s transitions=1621
[iter 448] score=2985 margin=+335 win_rate=0.62 eps=0.289 policy_loss=-0.0037 value_loss=0.0448 entropy=5.6306 clip_frac=0.178 rollout=3.3s train=0.5s transitions=1590
[iter 449] score=2925 margin=+421 win_rate=0.69 eps=0.289 policy_loss=0.0049 value_loss=0.0623 entropy=5.7952 clip_frac=0.174 rollout=4.9s train=1.5s transitions=1666
[iter 450] score=2852 margin=+339 win_rate=0.56 eps=0.289 policy_loss=-0.0100 value_loss=0.0695 entropy=5.6062 clip_frac=0.192 rollout=3.1s train=0.8s transitions=1601
[iter 451] score=2923 margin=+588 win_rate=0.69 eps=0.289 policy_loss=0.0573 value_loss=0.0588 entropy=5.5045 clip_frac=0.243 rollout=2.3s train=0.6s transitions=1711
[iter 452] score=2587 margin=-525 win_rate=0.25 eps=0.289 policy_loss=0.0193 value_loss=0.1679 entropy=5.7712 clip_frac=0.236 rollout=3.6s train=1.0s transitions=1610
[iter 453] score=2875 margin=+7 win_rate=0.44 eps=0.289 policy_loss=0.0068 value_loss=0.0466 entropy=5.6815 clip_frac=0.208 rollout=3.4s train=0.6s transitions=1613
[iter 454] score=3261 margin=+511 win_rate=0.69 eps=0.289 policy_loss=-0.0013 value_loss=0.0861 entropy=5.4589 clip_frac=0.228 rollout=2.0s train=0.5s transitions=1614
[iter 455] score=3246 margin=+110 win_rate=0.44 eps=0.289 policy_loss=0.0013 value_loss=0.0635 entropy=5.4993 clip_frac=0.248 rollout=3.9s train=1.2s transitions=1621
[iter 456] score=2667 margin=+667 win_rate=0.81 eps=0.289 policy_loss=0.0430 value_loss=0.0419 entropy=5.3424 clip_frac=0.286 rollout=3.8s train=0.6s transitions=1588
[iter 457] score=3009 margin=+45 win_rate=0.50 eps=0.289 policy_loss=0.0218 value_loss=0.1964 entropy=5.2593 clip_frac=0.241 rollout=3.1s train=0.7s transitions=1666
[iter 458] score=2620 margin=+567 win_rate=0.81 eps=0.289 policy_loss=0.0206 value_loss=0.0494 entropy=5.6165 clip_frac=0.178 rollout=3.8s train=0.7s transitions=1644
[iter 459] score=3090 margin=+290 win_rate=0.62 eps=0.289 policy_loss=0.0219 value_loss=0.0453 entropy=5.5728 clip_frac=0.167 rollout=4.1s train=1.5s transitions=1670
[iter 460] score=2480 margin=+314 win_rate=0.56 eps=0.288 policy_loss=0.0131 value_loss=0.0403 entropy=5.5302 clip_frac=0.212 rollout=2.4s train=1.2s transitions=1648
[iter 461] score=2514 margin=-45 win_rate=0.50 eps=0.288 policy_loss=-0.0044 value_loss=0.0391 entropy=5.5555 clip_frac=0.190 rollout=2.6s train=0.6s transitions=1615
[iter 462] score=2690 margin=+579 win_rate=0.75 eps=0.288 policy_loss=-0.0035 value_loss=0.0537 entropy=5.6759 clip_frac=0.203 rollout=4.0s train=1.4s transitions=1625
[iter 463] score=3142 margin=+753 win_rate=0.75 eps=0.288 policy_loss=-0.0004 value_loss=0.0301 entropy=5.4583 clip_frac=0.164 rollout=3.3s train=0.8s transitions=1654
[iter 464] score=2663 margin=+190 win_rate=0.62 eps=0.288 policy_loss=0.0151 value_loss=0.0724 entropy=5.7965 clip_frac=0.193 rollout=2.3s train=0.7s transitions=1623
[iter 465] score=2826 margin=+568 win_rate=0.69 eps=0.288 policy_loss=0.0070 value_loss=0.0595 entropy=5.5990 clip_frac=0.211 rollout=4.8s train=0.9s transitions=1627
[iter 466] score=2437 margin=+515 win_rate=0.56 eps=0.288 policy_loss=0.0002 value_loss=0.0426 entropy=5.3965 clip_frac=0.168 rollout=4.1s train=0.9s transitions=1661
[iter 467] score=2593 margin=+26 win_rate=0.44 eps=0.288 policy_loss=0.0476 value_loss=0.0826 entropy=5.5584 clip_frac=0.233 rollout=2.1s train=0.8s transitions=1620
[iter 468] score=2739 margin=+316 win_rate=0.62 eps=0.288 policy_loss=-0.0193 value_loss=0.0384 entropy=5.7660 clip_frac=0.187 rollout=3.4s train=0.8s transitions=1657
[iter 469] score=2465 margin=-135 win_rate=0.50 eps=0.288 policy_loss=0.0433 value_loss=0.0944 entropy=5.8182 clip_frac=0.226 rollout=4.0s train=1.3s transitions=1652
[iter 470] score=2305 margin=-228 win_rate=0.50 eps=0.288 policy_loss=0.0193 value_loss=0.0573 entropy=5.7777 clip_frac=0.224 rollout=2.0s train=0.8s transitions=1638
[iter 471] score=2394 margin=-602 win_rate=0.44 eps=0.288 policy_loss=0.0569 value_loss=0.1121 entropy=5.7168 clip_frac=0.298 rollout=3.4s train=0.6s transitions=1607
[iter 472] score=2529 margin=-301 win_rate=0.56 eps=0.288 policy_loss=-0.0324 value_loss=0.0653 entropy=5.7100 clip_frac=0.212 rollout=5.1s train=1.5s transitions=1604
[iter 473] score=2860 margin=+588 win_rate=0.69 eps=0.288 policy_loss=0.0295 value_loss=0.0954 entropy=5.5703 clip_frac=0.208 rollout=2.4s train=1.3s transitions=1633
[iter 474] score=2442 margin=+345 win_rate=0.75 eps=0.288 policy_loss=-0.0074 value_loss=0.0801 entropy=5.5503 clip_frac=0.222 rollout=2.7s train=0.6s transitions=1646
[iter 475] score=2510 margin=-120 win_rate=0.62 eps=0.288 policy_loss=0.0223 value_loss=0.0821 entropy=5.5563 clip_frac=0.244 rollout=4.0s train=1.0s transitions=1623
[iter 476] score=2627 margin=-57 win_rate=0.50 eps=0.288 policy_loss=0.0063 value_loss=0.0603 entropy=5.3734 clip_frac=0.202 rollout=3.7s train=0.7s transitions=1601
[iter 477] score=3058 margin=+464 win_rate=0.56 eps=0.288 policy_loss=0.0139 value_loss=0.0670 entropy=5.4570 clip_frac=0.182 rollout=2.0s train=0.6s transitions=1607
[iter 478] score=2756 margin=+41 win_rate=0.62 eps=0.288 policy_loss=0.0771 value_loss=0.1018 entropy=5.5805 clip_frac=0.305 rollout=4.1s train=1.0s transitions=1604
[iter 479] score=2331 margin=+125 win_rate=0.56 eps=0.288 policy_loss=0.0542 value_loss=0.0582 entropy=5.6335 clip_frac=0.286 rollout=3.7s train=0.6s transitions=1578
[iter 480] score=2567 margin=+113 win_rate=0.62 eps=0.288 policy_loss=0.0117 value_loss=0.0863 entropy=5.3910 clip_frac=0.224 rollout=2.1s train=1.5s transitions=1654
[iter 481] score=3069 margin=-91 win_rate=0.50 eps=0.288 policy_loss=0.0337 value_loss=0.0639 entropy=5.4083 clip_frac=0.247 rollout=3.8s train=1.0s transitions=1626
[iter 482] score=2333 margin=-266 win_rate=0.56 eps=0.288 policy_loss=0.0322 value_loss=0.0813 entropy=5.7634 clip_frac=0.283 rollout=4.1s train=1.1s transitions=1621
[iter 483] score=2276 margin=-448 win_rate=0.50 eps=0.288 policy_loss=0.0142 value_loss=0.0800 entropy=5.7478 clip_frac=0.194 rollout=2.0s train=0.9s transitions=1623
[iter 484] score=2500 margin=-679 win_rate=0.25 eps=0.288 policy_loss=0.0117 value_loss=0.1228 entropy=5.7760 clip_frac=0.267 rollout=3.5s train=0.5s transitions=1644
[iter 485] score=2697 margin=+339 win_rate=0.38 eps=0.288 policy_loss=0.0795 value_loss=0.1846 entropy=5.5567 clip_frac=0.373 rollout=4.2s train=1.4s transitions=1651
[iter 486] score=2611 margin=-81 win_rate=0.50 eps=0.288 policy_loss=0.0065 value_loss=0.0997 entropy=5.6799 clip_frac=0.254 rollout=2.0s train=0.9s transitions=1607
[iter 487] score=2559 margin=+5 win_rate=0.50 eps=0.288 policy_loss=-0.0024 value_loss=0.0456 entropy=5.5695 clip_frac=0.237 rollout=3.0s train=0.5s transitions=1660
[iter 488] score=3340 margin=+127 win_rate=0.56 eps=0.288 policy_loss=0.0601 value_loss=0.0562 entropy=5.6006 clip_frac=0.326 rollout=5.0s train=1.4s transitions=1628
[iter 489] score=2677 margin=+441 win_rate=0.69 eps=0.288 policy_loss=0.0286 value_loss=0.0694 entropy=5.5598 clip_frac=0.307 rollout=1.9s train=0.9s transitions=1616
[iter 490] score=2199 margin=-113 win_rate=0.31 eps=0.288 policy_loss=0.0311 value_loss=0.0766 entropy=5.7037 clip_frac=0.279 rollout=3.0s train=0.7s transitions=1593
[iter 491] score=2376 margin=-474 win_rate=0.31 eps=0.288 policy_loss=0.0353 value_loss=0.1459 entropy=5.7411 clip_frac=0.197 rollout=3.8s train=0.8s transitions=1633
[iter 492] score=2298 margin=-570 win_rate=0.31 eps=0.288 policy_loss=0.0110 value_loss=0.0639 entropy=5.7622 clip_frac=0.193 rollout=2.0s train=0.8s transitions=1673
[iter 493] score=3107 margin=+332 win_rate=0.62 eps=0.288 policy_loss=0.0167 value_loss=0.1312 entropy=5.6068 clip_frac=0.254 rollout=3.7s train=0.6s transitions=1643
[iter 494] score=2568 margin=-235 win_rate=0.50 eps=0.288 policy_loss=0.0435 value_loss=0.0775 entropy=5.9023 clip_frac=0.284 rollout=4.4s train=1.5s transitions=1620
[iter 495] score=2414 margin=+128 win_rate=0.50 eps=0.288 policy_loss=0.0319 value_loss=0.0686 entropy=5.7742 clip_frac=0.258 rollout=3.2s train=1.1s transitions=1643
[iter 496] score=2556 margin=-253 win_rate=0.38 eps=0.288 policy_loss=-0.0038 value_loss=0.0525 entropy=5.7018 clip_frac=0.263 rollout=3.5s train=0.7s transitions=1619
[iter 497] score=2196 margin=-1127 win_rate=0.31 eps=0.288 policy_loss=0.1573 value_loss=0.1733 entropy=5.6185 clip_frac=0.436 rollout=3.9s train=0.6s transitions=1658
[iter 498] score=2510 margin=-190 win_rate=0.56 eps=0.288 policy_loss=0.0167 value_loss=0.0738 entropy=5.5764 clip_frac=0.184 rollout=4.2s train=1.4s transitions=1648
[iter 499] score=2539 margin=-572 win_rate=0.56 eps=0.288 policy_loss=-0.0161 value_loss=0.1043 entropy=5.6745 clip_frac=0.224 rollout=2.0s train=0.9s transitions=1589
[iter 499] checkpoint saved: checkpoints/20260910-090433_iter500.pt

  eval @ iter 500 - 100 greedy episodes vs each boss (81s)
boss           score      opp    margin    win   conn   zero
------------------------------------------------------------
level1          1409        0     +1409   0.98    42%     2%
level1Pro       1787       81     +1707   0.99    50%     1%
level2          3121     2540      +582   0.72    95%     0%
level2Pro       3335     3684      -349   0.45   100%     0%

[iter 500] score=2098 margin=-47 win_rate=0.50 eps=0.287 policy_loss=0.0290 value_loss=0.0688 entropy=5.6284 clip_frac=0.216 rollout=3.6s train=0.6s transitions=1611
[iter 501] score=2374 margin=-488 win_rate=0.44 eps=0.287 policy_loss=0.0400 value_loss=0.0735 entropy=5.7949 clip_frac=0.316 rollout=4.2s train=1.5s transitions=1601
[iter 502] score=2588 margin=-547 win_rate=0.56 eps=0.287 policy_loss=0.0310 value_loss=0.1115 entropy=5.6981 clip_frac=0.305 rollout=2.9s train=1.0s transitions=1631
[iter 503] score=2446 margin=+244 win_rate=0.69 eps=0.287 policy_loss=0.0359 value_loss=0.0998 entropy=5.7953 clip_frac=0.166 rollout=2.3s train=0.5s transitions=1627
[iter 504] score=2402 margin=-535 win_rate=0.38 eps=0.287 policy_loss=0.0045 value_loss=0.0883 entropy=5.8998 clip_frac=0.230 rollout=3.8s train=1.1s transitions=1624
[iter 505] score=2237 margin=-174 win_rate=0.31 eps=0.287 policy_loss=0.0214 value_loss=0.0444 entropy=5.8461 clip_frac=0.172 rollout=4.1s train=0.8s transitions=1606
[iter 506] score=2537 margin=+106 win_rate=0.62 eps=0.287 policy_loss=0.0337 value_loss=0.0539 entropy=5.8185 clip_frac=0.214 rollout=2.1s train=0.7s transitions=1637
[iter 507] score=2257 margin=-392 win_rate=0.56 eps=0.287 policy_loss=0.0020 value_loss=0.0473 entropy=5.8567 clip_frac=0.186 rollout=3.8s train=1.4s transitions=1653
[iter 508] score=2251 margin=-277 win_rate=0.38 eps=0.287 policy_loss=-0.0145 value_loss=0.0505 entropy=5.8294 clip_frac=0.219 rollout=4.4s train=0.7s transitions=1595
[iter 509] score=2422 margin=+302 win_rate=0.69 eps=0.287 policy_loss=0.0095 value_loss=0.0634 entropy=5.8866 clip_frac=0.204 rollout=2.1s train=0.6s transitions=1613
[iter 510] score=2695 margin=-527 win_rate=0.38 eps=0.287 policy_loss=-0.0017 value_loss=0.1039 entropy=5.7927 clip_frac=0.198 rollout=3.8s train=1.4s transitions=1674
[iter 511] score=2576 margin=-27 win_rate=0.38 eps=0.287 policy_loss=0.0048 value_loss=0.0553 entropy=5.8706 clip_frac=0.258 rollout=3.7s train=0.7s transitions=1682
[iter 512] score=2173 margin=-293 win_rate=0.50 eps=0.287 policy_loss=-0.0041 value_loss=0.0476 entropy=5.8690 clip_frac=0.229 rollout=2.2s train=0.6s transitions=1613
[iter 513] score=2488 margin=-249 win_rate=0.56 eps=0.287 policy_loss=0.0024 value_loss=0.0709 entropy=5.9281 clip_frac=0.263 rollout=4.3s train=0.6s transitions=1611
[iter 514] score=2698 margin=-67 win_rate=0.62 eps=0.287 policy_loss=0.0160 value_loss=0.1225 entropy=5.8364 clip_frac=0.348 rollout=4.1s train=1.4s transitions=1638
[iter 515] score=2374 margin=-460 win_rate=0.31 eps=0.287 policy_loss=0.0173 value_loss=0.0552 entropy=5.8204 clip_frac=0.279 rollout=3.0s train=2.0s transitions=1685
[iter 516] score=1824 margin=-504 win_rate=0.25 eps=0.287 policy_loss=0.0014 value_loss=0.0549 entropy=5.8856 clip_frac=0.291 rollout=2.4s train=0.6s transitions=1587
[iter 517] score=2275 margin=-308 win_rate=0.44 eps=0.287 policy_loss=-0.0177 value_loss=0.0475 entropy=5.9014 clip_frac=0.124 rollout=4.0s train=1.1s transitions=1627
[iter 518] score=1822 margin=-701 win_rate=0.19 eps=0.287 policy_loss=-0.0135 value_loss=0.0599 entropy=5.9127 clip_frac=0.179 rollout=3.8s train=0.7s transitions=1607
[iter 519] score=2565 margin=+120 win_rate=0.62 eps=0.287 policy_loss=-0.0078 value_loss=0.0645 entropy=5.9484 clip_frac=0.208 rollout=2.2s train=0.6s transitions=1604
[iter 520] score=2249 margin=-1342 win_rate=0.25 eps=0.287 policy_loss=0.0437 value_loss=0.2783 entropy=5.9795 clip_frac=0.317 rollout=4.3s train=1.2s transitions=1651
[iter 521] score=2332 margin=-83 win_rate=0.38 eps=0.287 policy_loss=0.0387 value_loss=0.0915 entropy=5.8956 clip_frac=0.254 rollout=4.2s train=0.7s transitions=1616
[iter 522] score=3284 margin=-308 win_rate=0.38 eps=0.287 policy_loss=-0.0064 value_loss=0.0799 entropy=6.0419 clip_frac=0.222 rollout=4.0s train=0.6s transitions=1631
[iter 523] score=2507 margin=-324 win_rate=0.50 eps=0.287 policy_loss=-0.0050 value_loss=0.0595 entropy=5.9418 clip_frac=0.191 rollout=6.8s train=0.6s transitions=1644
[iter 524] score=2622 margin=-517 win_rate=0.50 eps=0.287 policy_loss=-0.0281 value_loss=0.0900 entropy=5.9769 clip_frac=0.257 rollout=3.5s train=0.9s transitions=1611
[iter 525] score=1869 margin=-684 win_rate=0.19 eps=0.287 policy_loss=0.0116 value_loss=0.0642 entropy=5.8588 clip_frac=0.212 rollout=5.0s train=0.9s transitions=1621
[iter 526] score=2011 margin=-292 win_rate=0.38 eps=0.287 policy_loss=-0.0184 value_loss=0.0484 entropy=5.9282 clip_frac=0.142 rollout=2.7s train=0.6s transitions=1580
[iter 527] score=2330 margin=-796 win_rate=0.38 eps=0.287 policy_loss=-0.0014 value_loss=0.0865 entropy=5.9120 clip_frac=0.202 rollout=6.2s train=0.8s transitions=1635
[iter 528] score=2612 margin=-353 win_rate=0.38 eps=0.287 policy_loss=-0.0153 value_loss=0.0554 entropy=5.9099 clip_frac=0.201 rollout=5.6s train=1.6s transitions=1687
[iter 529] score=2051 margin=+36 win_rate=0.44 eps=0.287 policy_loss=0.0178 value_loss=0.0448 entropy=5.7372 clip_frac=0.267 rollout=3.5s train=0.6s transitions=1656
[iter 530] score=2551 margin=+469 win_rate=0.56 eps=0.287 policy_loss=0.0125 value_loss=0.0771 entropy=5.7906 clip_frac=0.352 rollout=2.2s train=0.6s transitions=1601
[iter 531] score=3338 margin=+143 win_rate=0.56 eps=0.287 policy_loss=0.0412 value_loss=0.0621 entropy=5.8117 clip_frac=0.375 rollout=2.2s train=0.6s transitions=1628
[iter 532] score=2953 margin=-637 win_rate=0.38 eps=0.287 policy_loss=0.0274 value_loss=0.0665 entropy=5.9503 clip_frac=0.263 rollout=4.1s train=1.0s transitions=1635
[iter 533] score=2497 margin=-510 win_rate=0.44 eps=0.287 policy_loss=0.0174 value_loss=0.0670 entropy=5.8149 clip_frac=0.263 rollout=4.0s train=1.2s transitions=1664
[iter 534] score=2170 margin=-342 win_rate=0.44 eps=0.287 policy_loss=-0.0078 value_loss=0.0562 entropy=5.8489 clip_frac=0.196 rollout=2.1s train=0.9s transitions=1647
[iter 535] score=2508 margin=+212 win_rate=0.56 eps=0.287 policy_loss=0.0136 value_loss=0.0658 entropy=5.7757 clip_frac=0.210 rollout=3.4s train=0.8s transitions=1641
[iter 536] score=2458 margin=-419 win_rate=0.31 eps=0.287 policy_loss=0.0033 value_loss=0.0716 entropy=5.9170 clip_frac=0.219 rollout=4.3s train=2.2s transitions=1646
[iter 537] score=2061 margin=-311 win_rate=0.38 eps=0.287 policy_loss=-0.0211 value_loss=0.0623 entropy=5.8195 clip_frac=0.177 rollout=2.0s train=0.8s transitions=1607
[iter 538] score=3321 margin=+304 win_rate=0.69 eps=0.287 policy_loss=0.0239 value_loss=0.1045 entropy=5.7265 clip_frac=0.294 rollout=3.4s train=0.6s transitions=1635
[iter 539] score=2515 margin=+170 win_rate=0.56 eps=0.287 policy_loss=0.0496 value_loss=0.0455 entropy=5.8096 clip_frac=0.265 rollout=4.1s train=1.3s transitions=1570
[iter 540] score=2650 margin=+685 win_rate=0.75 eps=0.286 policy_loss=0.0069 value_loss=0.0511 entropy=5.7651 clip_frac=0.291 rollout=2.3s train=1.1s transitions=1581
[iter 541] score=2392 margin=+154 win_rate=0.50 eps=0.286 policy_loss=-0.0011 value_loss=0.0690 entropy=5.5536 clip_frac=0.206 rollout=2.7s train=0.5s transitions=1632
[iter 542] score=3372 margin=+572 win_rate=0.69 eps=0.286 policy_loss=0.0228 value_loss=0.0684 entropy=5.4990 clip_frac=0.288 rollout=3.9s train=1.4s transitions=1625
[iter 543] score=3250 margin=+134 win_rate=0.56 eps=0.286 policy_loss=0.0087 value_loss=0.1369 entropy=5.6124 clip_frac=0.227 rollout=2.3s train=1.1s transitions=1576
[iter 544] score=4095 margin=+1206 win_rate=0.81 eps=0.286 policy_loss=0.0302 value_loss=0.1474 entropy=5.4940 clip_frac=0.367 rollout=2.6s train=0.5s transitions=1644
[iter 545] score=2256 margin=-73 win_rate=0.31 eps=0.286 policy_loss=0.0330 value_loss=0.0707 entropy=5.3511 clip_frac=0.217 rollout=4.6s train=1.3s transitions=1610
[iter 546] score=3380 margin=+806 win_rate=0.75 eps=0.286 policy_loss=0.0122 value_loss=0.0648 entropy=5.2411 clip_frac=0.256 rollout=2.6s train=1.0s transitions=1632
[iter 547] score=1921 margin=-110 win_rate=0.38 eps=0.286 policy_loss=0.0869 value_loss=0.0693 entropy=5.3939 clip_frac=0.258 rollout=2.4s train=0.5s transitions=1688
[iter 548] score=4228 margin=+1158 win_rate=0.81 eps=0.286 policy_loss=0.1174 value_loss=0.1417 entropy=5.5953 clip_frac=0.528 rollout=3.9s train=1.0s transitions=1591
[iter 549] score=3544 margin=+1160 win_rate=0.62 eps=0.286 policy_loss=0.0436 value_loss=0.0808 entropy=5.3584 clip_frac=0.290 rollout=4.3s train=0.9s transitions=1671
[iter 550] score=2757 margin=+422 win_rate=0.56 eps=0.286 policy_loss=0.0932 value_loss=0.1292 entropy=5.4683 clip_frac=0.261 rollout=2.1s train=0.8s transitions=1640
[iter 551] score=2632 margin=+199 win_rate=0.44 eps=0.286 policy_loss=0.0063 value_loss=0.0815 entropy=5.4631 clip_frac=0.199 rollout=3.6s train=1.1s transitions=1621
[iter 552] score=2999 margin=+419 win_rate=0.56 eps=0.286 policy_loss=0.0119 value_loss=0.0844 entropy=5.5786 clip_frac=0.203 rollout=4.8s train=0.6s transitions=1596
[iter 553] score=3364 margin=+344 win_rate=0.44 eps=0.286 policy_loss=0.0053 value_loss=0.1258 entropy=5.2643 clip_frac=0.234 rollout=2.1s train=0.6s transitions=1682
[iter 554] score=3099 margin=+566 win_rate=0.50 eps=0.286 policy_loss=0.0066 value_loss=0.0800 entropy=5.2540 clip_frac=0.239 rollout=3.6s train=0.7s transitions=1664
[iter 555] score=2571 margin=-103 win_rate=0.56 eps=0.286 policy_loss=0.1223 value_loss=0.1134 entropy=5.5392 clip_frac=0.334 rollout=3.9s train=1.2s transitions=1644
[iter 556] score=3378 margin=+593 win_rate=0.56 eps=0.286 policy_loss=0.0143 value_loss=0.1207 entropy=5.4145 clip_frac=0.212 rollout=2.0s train=0.9s transitions=1672
[iter 557] score=4516 margin=+1358 win_rate=0.75 eps=0.286 policy_loss=0.0994 value_loss=0.2281 entropy=5.3323 clip_frac=0.436 rollout=3.2s train=0.5s transitions=1577
[iter 558] score=3503 margin=+1006 win_rate=0.75 eps=0.286 policy_loss=0.0056 value_loss=0.0873 entropy=5.0998 clip_frac=0.236 rollout=3.9s train=1.4s transitions=1645
[iter 559] score=2955 margin=+484 win_rate=0.38 eps=0.286 policy_loss=0.0366 value_loss=0.1647 entropy=5.5238 clip_frac=0.204 rollout=2.1s train=1.1s transitions=1663
[iter 560] score=3487 margin=+632 win_rate=0.62 eps=0.286 policy_loss=-0.0083 value_loss=0.0840 entropy=5.2443 clip_frac=0.180 rollout=2.8s train=0.5s transitions=1568
[iter 561] score=3210 margin=+412 win_rate=0.56 eps=0.286 policy_loss=0.0272 value_loss=0.0871 entropy=5.4399 clip_frac=0.166 rollout=4.7s train=0.9s transitions=1653
[iter 562] score=2908 margin=-355 win_rate=0.31 eps=0.286 policy_loss=0.0143 value_loss=0.1024 entropy=5.4718 clip_frac=0.159 rollout=3.9s train=0.8s transitions=1639
[iter 563] score=3170 margin=+319 win_rate=0.50 eps=0.286 policy_loss=0.0043 value_loss=0.0936 entropy=5.4974 clip_frac=0.157 rollout=2.0s train=0.8s transitions=1659
[iter 564] score=3703 margin=+953 win_rate=0.69 eps=0.286 policy_loss=0.0270 value_loss=0.1429 entropy=5.2759 clip_frac=0.255 rollout=3.1s train=0.6s transitions=1649
[iter 565] score=2273 margin=+308 win_rate=0.50 eps=0.286 policy_loss=0.0268 value_loss=0.0965 entropy=5.4804 clip_frac=0.189 rollout=4.0s train=1.4s transitions=1607
[iter 566] score=4003 margin=+999 win_rate=0.75 eps=0.286 policy_loss=0.0583 value_loss=0.1870 entropy=5.2787 clip_frac=0.408 rollout=2.3s train=1.1s transitions=1651
[iter 567] score=2699 margin=+374 win_rate=0.56 eps=0.286 policy_loss=0.5170 value_loss=0.1004 entropy=5.4201 clip_frac=0.263 rollout=2.7s train=0.5s transitions=1579
[iter 568] score=3530 margin=+221 win_rate=0.50 eps=0.286 policy_loss=0.0485 value_loss=0.1345 entropy=5.6715 clip_frac=0.211 rollout=4.1s train=2.3s transitions=1614
[iter 569] score=3410 margin=+749 win_rate=0.56 eps=0.286 policy_loss=0.0083 value_loss=0.1219 entropy=5.5427 clip_frac=0.183 rollout=2.7s train=1.0s transitions=1687
[iter 570] score=1918 margin=+118 win_rate=0.38 eps=0.286 policy_loss=0.0002 value_loss=0.0804 entropy=5.5155 clip_frac=0.131 rollout=2.5s train=0.5s transitions=1605
[iter 571] score=3349 margin=+1132 win_rate=0.69 eps=0.286 policy_loss=0.0212 value_loss=0.1087 entropy=5.5715 clip_frac=0.207 rollout=3.8s train=0.8s transitions=1590
[iter 572] score=3274 margin=+1109 win_rate=0.75 eps=0.286 policy_loss=0.0006 value_loss=0.0693 entropy=5.4246 clip_frac=0.172 rollout=3.8s train=1.0s transitions=1622
[iter 573] score=2963 margin=+738 win_rate=0.50 eps=0.286 policy_loss=-0.0026 value_loss=0.0627 entropy=5.5295 clip_frac=0.187 rollout=2.0s train=0.7s transitions=1662
[iter 574] score=2841 margin=+238 win_rate=0.56 eps=0.286 policy_loss=0.0388 value_loss=0.0813 entropy=5.7034 clip_frac=0.259 rollout=3.2s train=0.6s transitions=1610
[iter 575] score=2639 margin=-49 win_rate=0.38 eps=0.286 policy_loss=0.0375 value_loss=0.0674 entropy=5.7504 clip_frac=0.131 rollout=4.0s train=1.6s transitions=1689
[iter 576] score=2928 margin=+188 win_rate=0.69 eps=0.286 policy_loss=0.0003 value_loss=0.0707 entropy=5.8672 clip_frac=0.195 rollout=3.2s train=0.7s transitions=1668
[iter 577] score=3278 margin=+528 win_rate=0.69 eps=0.286 policy_loss=0.0170 value_loss=0.0808 entropy=5.6731 clip_frac=0.130 rollout=3.3s train=0.6s transitions=1660
[iter 578] score=3418 margin=+547 win_rate=0.62 eps=0.286 policy_loss=0.0432 value_loss=0.0706 entropy=5.7259 clip_frac=0.235 rollout=3.9s train=0.5s transitions=1610
[iter 579] score=2638 margin=+374 win_rate=0.44 eps=0.286 policy_loss=0.0392 value_loss=0.0428 entropy=5.7552 clip_frac=0.278 rollout=4.0s train=1.4s transitions=1608
[iter 580] score=2753 margin=+601 win_rate=0.75 eps=0.285 policy_loss=0.0136 value_loss=0.0450 entropy=5.7403 clip_frac=0.209 rollout=2.0s train=0.8s transitions=1625
[iter 581] score=3294 margin=+452 win_rate=0.69 eps=0.285 policy_loss=0.0393 value_loss=0.0673 entropy=5.9712 clip_frac=0.238 rollout=3.2s train=0.5s transitions=1620
[iter 582] score=2181 margin=+283 win_rate=0.62 eps=0.285 policy_loss=0.0601 value_loss=0.0425 entropy=5.7419 clip_frac=0.231 rollout=3.9s train=1.4s transitions=1626
[iter 583] score=2364 margin=+268 win_rate=0.50 eps=0.285 policy_loss=0.0108 value_loss=0.0948 entropy=5.7957 clip_frac=0.201 rollout=2.3s train=1.1s transitions=1643
[iter 584] score=2438 margin=+24 win_rate=0.69 eps=0.285 policy_loss=-0.0233 value_loss=0.0564 entropy=5.8939 clip_frac=0.181 rollout=2.8s train=0.5s transitions=1627
[iter 585] score=2371 margin=-780 win_rate=0.38 eps=0.285 policy_loss=0.0132 value_loss=0.1448 entropy=5.9298 clip_frac=0.265 rollout=4.6s train=1.4s transitions=1641
[iter 586] score=2653 margin=-264 win_rate=0.56 eps=0.285 policy_loss=0.0043 value_loss=0.0747 entropy=5.9813 clip_frac=0.181 rollout=3.6s train=0.6s transitions=1645
[iter 587] score=2211 margin=+166 win_rate=0.56 eps=0.285 policy_loss=0.0893 value_loss=0.0701 entropy=5.8361 clip_frac=0.389 rollout=2.1s train=0.7s transitions=1637
[iter 588] score=2635 margin=-229 win_rate=0.44 eps=0.285 policy_loss=-0.0170 value_loss=0.1397 entropy=5.9362 clip_frac=0.209 rollout=3.7s train=0.8s transitions=1679
[iter 589] score=2530 margin=-261 win_rate=0.44 eps=0.285 policy_loss=-0.0140 value_loss=0.0446 entropy=5.8973 clip_frac=0.169 rollout=4.3s train=1.4s transitions=1664
[iter 590] score=2235 margin=+281 win_rate=0.75 eps=0.285 policy_loss=0.0200 value_loss=0.0474 entropy=5.7578 clip_frac=0.141 rollout=1.9s train=0.8s transitions=1643
[iter 591] score=2393 margin=+28 win_rate=0.62 eps=0.285 policy_loss=0.0013 value_loss=0.0615 entropy=5.8290 clip_frac=0.204 rollout=3.2s train=0.5s transitions=1628
[iter 592] score=2321 margin=-209 win_rate=0.56 eps=0.285 policy_loss=0.0175 value_loss=0.0855 entropy=5.8841 clip_frac=0.193 rollout=4.0s train=2.3s transitions=1631
[iter 593] score=2121 margin=-485 win_rate=0.50 eps=0.285 policy_loss=0.0164 value_loss=0.0670 entropy=5.8702 clip_frac=0.213 rollout=3.2s train=0.7s transitions=1609
[iter 594] score=2298 margin=-386 win_rate=0.38 eps=0.285 policy_loss=-0.0046 value_loss=0.0624 entropy=5.9897 clip_frac=0.145 rollout=2.2s train=0.7s transitions=1648
[iter 595] score=2553 margin=+287 win_rate=0.56 eps=0.285 policy_loss=0.0210 value_loss=0.1286 entropy=5.8772 clip_frac=0.246 rollout=3.6s train=0.8s transitions=1670
[iter 596] score=2011 margin=+7 win_rate=0.69 eps=0.285 policy_loss=-0.0080 value_loss=0.0400 entropy=5.7526 clip_frac=0.212 rollout=3.8s train=1.0s transitions=1595
[iter 597] score=2053 margin=+426 win_rate=0.69 eps=0.285 policy_loss=-0.0085 value_loss=0.0622 entropy=5.6812 clip_frac=0.236 rollout=1.9s train=0.6s transitions=1600
[iter 598] score=1986 margin=-201 win_rate=0.44 eps=0.285 policy_loss=0.0053 value_loss=0.0994 entropy=5.8012 clip_frac=0.228 rollout=3.4s train=1.2s transitions=1633
[iter 599] score=2648 margin=-198 win_rate=0.38 eps=0.285 policy_loss=0.0384 value_loss=0.0675 entropy=5.9471 clip_frac=0.298 rollout=3.9s train=0.6s transitions=1630
[iter 599] checkpoint saved: checkpoints/20260910-090433_iter600.pt

  eval @ iter 600 - 100 greedy episodes vs each boss (82s)
boss           score      opp    margin    win   conn   zero
------------------------------------------------------------
level1          1420        0     +1420   1.00    39%     0%
level1Pro       1594       67     +1527   0.99    42%     1%
level2          2872     2393      +479   0.66    94%     0%
level2Pro       3171     3610      -438   0.43   100%     0%

[iter 600] score=2350 margin=+242 win_rate=0.69 eps=0.285 policy_loss=0.0129 value_loss=0.1043 entropy=5.7795 clip_frac=0.315 rollout=3.9s train=1.0s transitions=1590
[iter 601] score=2455 margin=-175 win_rate=0.50 eps=0.285 policy_loss=-0.0041 value_loss=0.0694 entropy=5.8332 clip_frac=0.225 rollout=3.6s train=0.6s transitions=1609
[iter 602] score=2297 margin=-86 win_rate=0.50 eps=0.285 policy_loss=-0.0210 value_loss=0.0507 entropy=5.8532 clip_frac=0.223 rollout=2.0s train=0.5s transitions=1649
[iter 603] score=2728 margin=+467 win_rate=0.69 eps=0.285 policy_loss=-0.0135 value_loss=0.0759 entropy=5.7751 clip_frac=0.172 rollout=3.8s train=0.5s transitions=1598
[iter 604] score=2553 margin=+315 win_rate=0.69 eps=0.285 policy_loss=-0.0087 value_loss=0.0422 entropy=5.8457 clip_frac=0.221 rollout=4.2s train=2.3s transitions=1668
[iter 605] score=2398 margin=-591 win_rate=0.44 eps=0.285 policy_loss=0.0106 value_loss=0.0972 entropy=5.9223 clip_frac=0.196 rollout=2.3s train=1.3s transitions=1686
[iter 606] score=2784 margin=+555 win_rate=0.81 eps=0.285 policy_loss=0.0128 value_loss=0.0958 entropy=5.6972 clip_frac=0.258 rollout=2.5s train=0.5s transitions=1620
[iter 607] score=2954 margin=+168 win_rate=0.56 eps=0.285 policy_loss=-0.0001 value_loss=0.0781 entropy=5.6908 clip_frac=0.199 rollout=4.1s train=1.0s transitions=1648
[iter 608] score=2592 margin=+27 win_rate=0.62 eps=0.285 policy_loss=-0.0024 value_loss=0.0583 entropy=5.7066 clip_frac=0.226 rollout=3.7s train=0.6s transitions=1620
[iter 609] score=2493 margin=-48 win_rate=0.50 eps=0.285 policy_loss=-0.0057 value_loss=0.0457 entropy=5.6593 clip_frac=0.296 rollout=2.1s train=0.7s transitions=1631
[iter 610] score=2887 margin=+974 win_rate=0.94 eps=0.285 policy_loss=0.0303 value_loss=0.0890 entropy=5.5641 clip_frac=0.322 rollout=3.4s train=0.5s transitions=1680
[iter 611] score=2392 margin=+524 win_rate=0.69 eps=0.285 policy_loss=-0.0260 value_loss=0.0332 entropy=5.5603 clip_frac=0.207 rollout=4.2s train=1.4s transitions=1608
[iter 612] score=3480 margin=+661 win_rate=0.69 eps=0.285 policy_loss=0.0801 value_loss=0.0708 entropy=5.6500 clip_frac=0.419 rollout=2.4s train=1.1s transitions=1604
[iter 613] score=2615 margin=+68 win_rate=0.62 eps=0.285 policy_loss=0.0115 value_loss=0.0280 entropy=5.7081 clip_frac=0.310 rollout=3.5s train=0.5s transitions=1647
[iter 614] score=2469 margin=-276 win_rate=0.50 eps=0.285 policy_loss=0.0398 value_loss=0.0758 entropy=5.8545 clip_frac=0.285 rollout=3.9s train=1.4s transitions=1575
[iter 615] score=2854 margin=-52 win_rate=0.50 eps=0.285 policy_loss=0.0025 value_loss=0.0640 entropy=5.7354 clip_frac=0.299 rollout=2.3s train=1.4s transitions=1646
[iter 616] score=2555 margin=-82 win_rate=0.38 eps=0.285 policy_loss=0.0114 value_loss=0.0499 entropy=5.7140 clip_frac=0.268 rollout=2.5s train=0.6s transitions=1614
[iter 617] score=3131 margin=+848 win_rate=0.69 eps=0.285 policy_loss=0.0020 value_loss=0.0726 entropy=5.6552 clip_frac=0.300 rollout=3.8s train=0.9s transitions=1589
[iter 618] score=2037 margin=-695 win_rate=0.38 eps=0.285 policy_loss=0.0422 value_loss=0.1441 entropy=5.7851 clip_frac=0.297 rollout=3.6s train=0.6s transitions=1614
[iter 619] score=2433 margin=+50 win_rate=0.69 eps=0.285 policy_loss=-0.0170 value_loss=0.0353 entropy=5.7134 clip_frac=0.281 rollout=2.1s train=0.6s transitions=1629
[iter 620] score=2631 margin=+358 win_rate=0.69 eps=0.284 policy_loss=0.0037 value_loss=0.0655 entropy=5.6533 clip_frac=0.277 rollout=3.7s train=0.6s transitions=1622
[iter 621] score=3236 margin=+677 win_rate=0.69 eps=0.284 policy_loss=0.0155 value_loss=0.0661 entropy=5.5670 clip_frac=0.345 rollout=5.0s train=1.2s transitions=1603
[iter 622] score=3231 margin=+753 win_rate=0.75 eps=0.284 policy_loss=0.0150 value_loss=0.0560 entropy=5.4565 clip_frac=0.281 rollout=2.2s train=1.0s transitions=1611
[iter 623] score=2598 margin=-38 win_rate=0.56 eps=0.284 policy_loss=-0.0055 value_loss=0.0725 entropy=5.6114 clip_frac=0.272 rollout=3.2s train=0.5s transitions=1652
[iter 624] score=2557 margin=+667 win_rate=0.75 eps=0.284 policy_loss=0.0033 value_loss=0.0306 entropy=5.5538 clip_frac=0.261 rollout=4.1s train=1.4s transitions=1645
[iter 625] score=2427 margin=-251 win_rate=0.38 eps=0.284 policy_loss=0.0283 value_loss=0.0840 entropy=5.6335 clip_frac=0.323 rollout=3.3s train=0.7s transitions=1606
[iter 626] score=3535 margin=+760 win_rate=0.62 eps=0.284 policy_loss=0.0152 value_loss=0.0848 entropy=5.2429 clip_frac=0.322 rollout=2.2s train=0.5s transitions=1639
[iter 627] score=4486 margin=+1715 win_rate=0.75 eps=0.284 policy_loss=0.0605 value_loss=0.2013 entropy=5.2742 clip_frac=0.379 rollout=3.8s train=0.7s transitions=1612
[iter 628] score=2756 margin=+104 win_rate=0.44 eps=0.284 policy_loss=0.0731 value_loss=0.1922 entropy=5.6673 clip_frac=0.425 rollout=3.8s train=0.8s transitions=1611
[iter 629] score=1925 margin=-127 win_rate=0.38 eps=0.284 policy_loss=0.0470 value_loss=0.0638 entropy=5.6927 clip_frac=0.356 rollout=2.8s train=0.6s transitions=1603
[iter 630] score=2685 margin=+424 win_rate=0.50 eps=0.284 policy_loss=0.0424 value_loss=0.0953 entropy=5.5920 clip_frac=0.364 rollout=3.6s train=0.9s transitions=1609
[iter 631] score=2704 margin=+183 win_rate=0.50 eps=0.284 policy_loss=0.0252 value_loss=0.0674 entropy=5.6963 clip_frac=0.222 rollout=3.8s train=0.6s transitions=1601
[iter 632] score=3164 margin=+1214 win_rate=0.75 eps=0.284 policy_loss=0.0424 value_loss=0.1207 entropy=5.5126 clip_frac=0.371 rollout=2.0s train=0.7s transitions=1615
[iter 633] score=2825 margin=+765 win_rate=0.69 eps=0.284 policy_loss=-0.0212 value_loss=0.0523 entropy=5.3217 clip_frac=0.275 rollout=3.8s train=1.2s transitions=1608
[iter 634] score=2762 margin=+314 win_rate=0.56 eps=0.284 policy_loss=0.0066 value_loss=0.0882 entropy=5.4978 clip_frac=0.217 rollout=3.8s train=0.6s transitions=1636
[iter 635] score=2332 margin=+644 win_rate=0.81 eps=0.284 policy_loss=0.0083 value_loss=0.0488 entropy=5.2385 clip_frac=0.306 rollout=1.9s train=0.6s transitions=1567
[iter 636] score=3060 margin=+695 win_rate=0.69 eps=0.284 policy_loss=0.0070 value_loss=0.0507 entropy=5.2347 clip_frac=0.356 rollout=3.7s train=0.5s transitions=1598
[iter 637] score=2859 margin=+487 win_rate=0.75 eps=0.284 policy_loss=-0.0239 value_loss=0.0553 entropy=5.3326 clip_frac=0.275 rollout=5.1s train=1.3s transitions=1601
[iter 638] score=2900 margin=+471 win_rate=0.69 eps=0.284 policy_loss=0.0005 value_loss=0.0917 entropy=5.3680 clip_frac=0.275 rollout=2.6s train=1.0s transitions=1640
[iter 639] score=2847 margin=+587 win_rate=0.56 eps=0.284 policy_loss=-0.0127 value_loss=0.0733 entropy=5.1392 clip_frac=0.297 rollout=2.5s train=0.6s transitions=1600
[iter 640] score=2540 margin=+313 win_rate=0.62 eps=0.284 policy_loss=0.0158 value_loss=0.0576 entropy=5.2077 clip_frac=0.293 rollout=3.7s train=1.2s transitions=1602
[iter 641] score=3273 margin=+885 win_rate=0.56 eps=0.284 policy_loss=0.0247 value_loss=0.0764 entropy=5.2070 clip_frac=0.324 rollout=3.5s train=0.6s transitions=1633
[iter 642] score=2654 margin=+612 win_rate=0.69 eps=0.284 policy_loss=0.0413 value_loss=0.0676 entropy=5.2251 clip_frac=0.289 rollout=2.0s train=0.5s transitions=1658
[iter 643] score=2154 margin=+153 win_rate=0.56 eps=0.284 policy_loss=0.0537 value_loss=0.0636 entropy=5.4030 clip_frac=0.302 rollout=3.8s train=1.3s transitions=1580
[iter 644] score=3726 margin=+840 win_rate=0.56 eps=0.284 policy_loss=0.0512 value_loss=0.1413 entropy=5.1905 clip_frac=0.405 rollout=3.3s train=0.7s transitions=1575
[iter 645] score=2082 margin=-208 win_rate=0.44 eps=0.284 policy_loss=0.0845 value_loss=0.0970 entropy=5.3542 clip_frac=0.362 rollout=3.1s train=0.5s transitions=1596
[iter 646] score=4014 margin=+863 win_rate=0.62 eps=0.284 policy_loss=0.0549 value_loss=0.1551 entropy=5.2039 clip_frac=0.351 rollout=3.9s train=0.8s transitions=1593
[iter 647] score=2987 margin=-63 win_rate=0.38 eps=0.284 policy_loss=0.0274 value_loss=0.1569 entropy=5.4587 clip_frac=0.246 rollout=4.1s train=1.1s transitions=1645
[iter 648] score=2827 margin=+107 win_rate=0.50 eps=0.284 policy_loss=0.0039 value_loss=0.1004 entropy=5.3142 clip_frac=0.265 rollout=2.0s train=0.9s transitions=1578
[iter 649] score=2842 margin=+389 win_rate=0.44 eps=0.284 policy_loss=0.0263 value_loss=0.1019 entropy=5.1039 clip_frac=0.310 rollout=3.4s train=0.5s transitions=1671
[iter 650] score=3700 margin=+712 win_rate=0.44 eps=0.284 policy_loss=0.0387 value_loss=0.1095 entropy=4.9750 clip_frac=0.292 rollout=4.1s train=1.1s transitions=1607
[iter 651] score=3038 margin=+792 win_rate=0.88 eps=0.284 policy_loss=0.0200 value_loss=0.0578 entropy=5.1115 clip_frac=0.255 rollout=3.4s train=0.6s transitions=1613
[iter 652] score=2065 margin=-343 win_rate=0.38 eps=0.284 policy_loss=0.1103 value_loss=0.2060 entropy=5.2888 clip_frac=0.352 rollout=2.0s train=0.6s transitions=1579
[iter 653] score=3086 margin=+666 win_rate=0.50 eps=0.284 policy_loss=0.0093 value_loss=0.0734 entropy=5.0895 clip_frac=0.266 rollout=4.5s train=1.4s transitions=1609
[iter 654] score=3120 margin=+384 win_rate=0.69 eps=0.284 policy_loss=0.0124 value_loss=0.0635 entropy=5.1856 clip_frac=0.234 rollout=3.3s train=0.7s transitions=1636
[iter 655] score=2909 margin=+733 win_rate=0.69 eps=0.284 policy_loss=0.0024 value_loss=0.0487 entropy=5.0805 clip_frac=0.314 rollout=2.1s train=0.6s transitions=1632
[iter 656] score=2982 margin=+410 win_rate=0.50 eps=0.284 policy_loss=0.1211 value_loss=0.0724 entropy=5.5050 clip_frac=0.272 rollout=3.6s train=1.1s transitions=1599
[iter 657] score=3479 margin=+1133 win_rate=0.69 eps=0.284 policy_loss=0.0360 value_loss=0.1321 entropy=5.3015 clip_frac=0.325 rollout=4.0s train=0.6s transitions=1628
[iter 658] score=2631 margin=+252 win_rate=0.56 eps=0.284 policy_loss=0.0480 value_loss=0.1528 entropy=5.4362 clip_frac=0.262 rollout=4.7s train=0.7s transitions=1608
[iter 659] score=2974 margin=+87 win_rate=0.50 eps=0.284 policy_loss=0.0663 value_loss=0.1081 entropy=5.5314 clip_frac=0.286 rollout=2.5s train=1.4s transitions=1634
[iter 660] score=2917 margin=+541 win_rate=0.56 eps=0.283 policy_loss=0.0294 value_loss=0.0847 entropy=5.2571 clip_frac=0.277 rollout=3.8s train=0.7s transitions=1606
[iter 661] score=2567 margin=+599 win_rate=0.69 eps=0.283 policy_loss=0.0277 value_loss=0.0545 entropy=5.2025 clip_frac=0.245 rollout=4.7s train=0.6s transitions=1642
[iter 662] score=2976 margin=+710 win_rate=0.69 eps=0.283 policy_loss=0.0084 value_loss=0.0815 entropy=5.2775 clip_frac=0.232 rollout=4.6s train=1.1s transitions=1618
[iter 663] score=2816 margin=+274 win_rate=0.62 eps=0.283 policy_loss=0.0167 value_loss=0.0657 entropy=5.2683 clip_frac=0.203 rollout=4.2s train=0.6s transitions=1666
[iter 664] score=2507 margin=+300 win_rate=0.69 eps=0.283 policy_loss=-0.0137 value_loss=0.0546 entropy=5.3465 clip_frac=0.247 rollout=3.7s train=0.8s transitions=1612
[iter 665] score=3509 margin=+759 win_rate=0.81 eps=0.283 policy_loss=0.0425 value_loss=0.0907 entropy=5.1634 clip_frac=0.270 rollout=7.1s train=0.9s transitions=1621
[iter 666] score=2542 margin=-114 win_rate=0.56 eps=0.283 policy_loss=0.0977 value_loss=0.1538 entropy=5.5119 clip_frac=0.270 rollout=5.0s train=1.4s transitions=1583
[iter 667] score=2957 margin=+496 win_rate=0.50 eps=0.283 policy_loss=0.0183 value_loss=0.0630 entropy=5.5286 clip_frac=0.227 rollout=2.8s train=0.5s transitions=1632
[iter 668] score=2126 margin=-913 win_rate=0.25 eps=0.283 policy_loss=0.0224 value_loss=0.3670 entropy=5.6950 clip_frac=0.254 rollout=2.2s train=0.5s transitions=1622
[iter 669] score=2623 margin=+356 win_rate=0.69 eps=0.283 policy_loss=0.0460 value_loss=0.1255 entropy=5.4068 clip_frac=0.352 rollout=1.9s train=0.5s transitions=1606
[iter 670] score=2707 margin=-25 win_rate=0.56 eps=0.283 policy_loss=0.0184 value_loss=0.0705 entropy=5.6402 clip_frac=0.217 rollout=4.0s train=1.4s transitions=1600
[iter 671] score=2866 margin=-134 win_rate=0.44 eps=0.283 policy_loss=0.0421 value_loss=0.0580 entropy=5.5351 clip_frac=0.249 rollout=2.2s train=1.0s transitions=1587
[iter 672] score=2861 margin=+180 win_rate=0.56 eps=0.283 policy_loss=0.0557 value_loss=0.0838 entropy=5.4735 clip_frac=0.345 rollout=2.7s train=0.5s transitions=1624
[iter 673] score=2587 margin=-334 win_rate=0.44 eps=0.283 policy_loss=0.0109 value_loss=0.0689 entropy=5.7428 clip_frac=0.221 rollout=3.7s train=1.4s transitions=1636
[iter 674] score=2465 margin=-172 win_rate=0.50 eps=0.283 policy_loss=0.0169 value_loss=0.0653 entropy=5.6715 clip_frac=0.264 rollout=3.0s train=0.8s transitions=1592
[iter 675] score=3284 margin=+510 win_rate=0.56 eps=0.283 policy_loss=0.0121 value_loss=0.1997 entropy=5.4725 clip_frac=0.256 rollout=2.3s train=1.4s transitions=1599
[iter 676] score=2640 margin=+37 win_rate=0.62 eps=0.283 policy_loss=0.1957 value_loss=0.0525 entropy=5.4173 clip_frac=0.266 rollout=3.8s train=1.0s transitions=1557
[iter 677] score=1851 margin=-495 win_rate=0.44 eps=0.283 policy_loss=0.0332 value_loss=0.1104 entropy=5.6202 clip_frac=0.206 rollout=3.5s train=0.6s transitions=1598
[iter 678] score=2618 margin=+117 win_rate=0.56 eps=0.283 policy_loss=0.0165 value_loss=0.0971 entropy=5.7979 clip_frac=0.234 rollout=2.2s train=0.8s transitions=1611
[iter 679] score=2180 margin=-769 win_rate=0.38 eps=0.283 policy_loss=0.0350 value_loss=0.2214 entropy=5.7269 clip_frac=0.290 rollout=3.4s train=1.1s transitions=1547
[iter 680] score=2142 margin=-257 win_rate=0.44 eps=0.283 policy_loss=0.0303 value_loss=0.0621 entropy=5.8103 clip_frac=0.217 rollout=3.7s train=0.6s transitions=1650
[iter 681] score=2969 margin=+213 win_rate=0.62 eps=0.283 policy_loss=0.0265 value_loss=0.0739 entropy=5.7316 clip_frac=0.254 rollout=2.1s train=0.7s transitions=1661
[iter 682] score=2249 margin=-483 win_rate=0.31 eps=0.283 policy_loss=-0.0215 value_loss=0.1047 entropy=5.8699 clip_frac=0.256 rollout=3.4s train=0.7s transitions=1560
[iter 683] score=2507 margin=+413 win_rate=0.44 eps=0.283 policy_loss=0.0371 value_loss=0.1220 entropy=5.7057 clip_frac=0.288 rollout=3.9s train=1.7s transitions=1579
[iter 684] score=1715 margin=-687 win_rate=0.25 eps=0.283 policy_loss=0.0256 value_loss=0.0984 entropy=5.6708 clip_frac=0.202 rollout=2.1s train=0.7s transitions=1569
[iter 685] score=2083 margin=-596 win_rate=0.44 eps=0.283 policy_loss=-0.0231 value_loss=0.0752 entropy=5.9312 clip_frac=0.233 rollout=3.2s train=0.7s transitions=1562
[iter 686] score=3163 margin=+755 win_rate=0.75 eps=0.283 policy_loss=0.0573 value_loss=0.1869 entropy=5.3514 clip_frac=0.307 rollout=4.0s train=1.2s transitions=1580
[iter 687] score=2715 margin=-126 win_rate=0.38 eps=0.283 policy_loss=0.0612 value_loss=0.0890 entropy=5.5769 clip_frac=0.288 rollout=2.1s train=0.9s transitions=1635
[iter 688] score=2543 margin=-21 win_rate=0.56 eps=0.283 policy_loss=0.0335 value_loss=0.0739 entropy=5.6595 clip_frac=0.294 rollout=3.2s train=0.5s transitions=1590
[iter 689] score=2452 margin=-508 win_rate=0.38 eps=0.283 policy_loss=0.0236 value_loss=0.1105 entropy=5.7160 clip_frac=0.272 rollout=4.1s train=1.3s transitions=1589
[iter 690] score=2351 margin=-76 win_rate=0.44 eps=0.283 policy_loss=0.0056 value_loss=0.0739 entropy=5.8861 clip_frac=0.227 rollout=2.4s train=1.1s transitions=1625
[iter 691] score=2639 margin=-272 win_rate=0.38 eps=0.283 policy_loss=0.0218 value_loss=0.0545 entropy=5.7798 clip_frac=0.296 rollout=2.8s train=0.5s transitions=1576
[iter 692] score=3013 margin=-375 win_rate=0.44 eps=0.283 policy_loss=0.0171 value_loss=0.1054 entropy=5.7584 clip_frac=0.295 rollout=4.9s train=0.6s transitions=1651
[iter 693] score=2424 margin=-261 win_rate=0.31 eps=0.283 policy_loss=0.0193 value_loss=0.0593 entropy=5.8379 clip_frac=0.225 rollout=3.9s train=0.9s transitions=1616
[iter 694] score=1919 margin=-270 win_rate=0.56 eps=0.283 policy_loss=-0.0160 value_loss=0.0566 entropy=5.7404 clip_frac=0.174 rollout=1.9s train=0.7s transitions=1624
[iter 695] score=2280 margin=-687 win_rate=0.31 eps=0.283 policy_loss=-0.0081 value_loss=0.0920 entropy=5.8311 clip_frac=0.292 rollout=3.3s train=0.6s transitions=1580
[iter 696] score=2262 margin=-290 win_rate=0.38 eps=0.283 policy_loss=0.0366 value_loss=0.0748 entropy=5.7860 clip_frac=0.330 rollout=4.4s train=1.1s transitions=1630
[iter 697] score=2243 margin=+190 win_rate=0.62 eps=0.283 policy_loss=-0.0123 value_loss=0.0831 entropy=5.5247 clip_frac=0.207 rollout=2.0s train=0.6s transitions=1617
[iter 698] score=1630 margin=-270 win_rate=0.50 eps=0.283 policy_loss=0.0167 value_loss=0.0433 entropy=5.6844 clip_frac=0.195 rollout=3.7s train=0.8s transitions=1559
[iter 699] score=2400 margin=-450 win_rate=0.56 eps=0.283 policy_loss=-0.0003 value_loss=0.1219 entropy=5.7554 clip_frac=0.278 rollout=3.8s train=0.6s transitions=1578
[iter 699] checkpoint saved: checkpoints/20260910-090433_iter700.pt

  eval @ iter 700 - 100 greedy episodes vs each boss (86s)
boss           score      opp    margin    win   conn   zero
------------------------------------------------------------
level1          1279        0     +1279   0.97    35%     3%
level1Pro       1451       54     +1397   0.99    40%     1%
level2          3072     2553      +519   0.64    97%     0%
level2Pro       3346     3434       -88   0.47   100%     0%

[iter 700] score=2455 margin=+218 win_rate=0.56 eps=0.282 policy_loss=0.0035 value_loss=0.0828 entropy=5.6419 clip_frac=0.245 rollout=4.4s train=1.5s transitions=1633
[iter 701] score=3204 margin=+278 win_rate=0.56 eps=0.282 policy_loss=0.0112 value_loss=0.1131 entropy=5.5456 clip_frac=0.238 rollout=2.1s train=0.8s transitions=1610
[iter 702] score=1922 margin=-396 win_rate=0.44 eps=0.282 policy_loss=-0.0087 value_loss=0.0414 entropy=5.7476 clip_frac=0.213 rollout=3.3s train=1.1s transitions=1562
[iter 703] score=2360 margin=+301 win_rate=0.62 eps=0.282 policy_loss=0.0429 value_loss=0.0690 entropy=5.3706 clip_frac=0.338 rollout=4.6s train=0.7s transitions=1590
[iter 704] score=2935 margin=+609 win_rate=0.56 eps=0.282 policy_loss=0.0979 value_loss=0.0563 entropy=5.3707 clip_frac=0.293 rollout=2.1s train=0.7s transitions=1604
[iter 705] score=2597 margin=+101 win_rate=0.56 eps=0.282 policy_loss=0.0038 value_loss=0.0618 entropy=5.7844 clip_frac=0.276 rollout=4.0s train=0.6s transitions=1577
[iter 706] score=2687 margin=+9 win_rate=0.50 eps=0.282 policy_loss=-0.0023 value_loss=0.0419 entropy=5.7666 clip_frac=0.171 rollout=4.3s train=1.1s transitions=1627
[iter 707] score=2035 margin=-151 win_rate=0.50 eps=0.282 policy_loss=-0.0035 value_loss=0.0569 entropy=5.8137 clip_frac=0.175 rollout=2.2s train=0.9s transitions=1604
[iter 708] score=2675 margin=+289 win_rate=0.69 eps=0.282 policy_loss=0.0035 value_loss=0.0762 entropy=5.5450 clip_frac=0.245 rollout=4.1s train=1.0s transitions=1613
[iter 709] score=2040 margin=-510 win_rate=0.19 eps=0.282 policy_loss=0.0344 value_loss=0.1071 entropy=5.8734 clip_frac=0.218 rollout=4.7s train=1.6s transitions=1642
[iter 710] score=2039 margin=-71 win_rate=0.50 eps=0.282 policy_loss=0.0273 value_loss=0.0458 entropy=5.5809 clip_frac=0.197 rollout=3.1s train=1.3s transitions=1609
[iter 711] score=3077 margin=+514 win_rate=0.69 eps=0.282 policy_loss=-0.0037 value_loss=0.0800 entropy=5.4884 clip_frac=0.278 rollout=3.6s train=0.8s transitions=1615
[iter 712] score=3109 margin=+561 win_rate=0.62 eps=0.282 policy_loss=0.0019 value_loss=0.0575 entropy=5.5434 clip_frac=0.294 rollout=4.7s train=1.6s transitions=1585
[iter 713] score=3177 margin=+176 win_rate=0.56 eps=0.282 policy_loss=-0.0043 value_loss=0.0587 entropy=5.4064 clip_frac=0.261 rollout=2.3s train=1.3s transitions=1629
[iter 714] score=2869 margin=+69 win_rate=0.56 eps=0.282 policy_loss=0.0245 value_loss=0.0862 entropy=5.6699 clip_frac=0.245 rollout=3.6s train=1.0s transitions=1617
[iter 715] score=2138 margin=-257 win_rate=0.44 eps=0.282 policy_loss=0.0076 value_loss=0.0555 entropy=5.7533 clip_frac=0.215 rollout=4.6s train=1.2s transitions=1614
[iter 716] score=3346 margin=+699 win_rate=0.81 eps=0.282 policy_loss=0.1237 value_loss=0.1384 entropy=5.6655 clip_frac=0.503 rollout=2.3s train=1.0s transitions=1619
[iter 717] score=2635 margin=+771 win_rate=0.81 eps=0.282 policy_loss=0.0758 value_loss=0.0593 entropy=5.5150 clip_frac=0.274 rollout=4.6s train=0.8s transitions=1599
[iter 718] score=2108 margin=-394 win_rate=0.38 eps=0.282 policy_loss=0.0113 value_loss=0.1917 entropy=5.8746 clip_frac=0.287 rollout=4.8s train=1.7s transitions=1596
[iter 719] score=2855 margin=-207 win_rate=0.50 eps=0.282 policy_loss=0.0659 value_loss=0.0849 entropy=5.6206 clip_frac=0.298 rollout=2.9s train=1.9s transitions=1671
[iter 720] score=2015 margin=-111 win_rate=0.56 eps=0.282 policy_loss=0.0290 value_loss=0.0544 entropy=5.6465 clip_frac=0.281 rollout=3.2s train=0.6s transitions=1606
[iter 721] score=2067 margin=-478 win_rate=0.25 eps=0.282 policy_loss=-0.0155 value_loss=0.0566 entropy=5.8834 clip_frac=0.178 rollout=5.1s train=1.5s transitions=1594
[iter 722] score=2410 margin=+43 win_rate=0.44 eps=0.282 policy_loss=0.0095 value_loss=0.0808 entropy=5.8407 clip_frac=0.185 rollout=4.1s train=0.7s transitions=1606
[iter 723] score=2838 margin=+266 win_rate=0.44 eps=0.282 policy_loss=0.0293 value_loss=0.0482 entropy=5.8132 clip_frac=0.274 rollout=2.6s train=0.6s transitions=1646
[iter 724] score=2507 margin=-215 win_rate=0.31 eps=0.282 policy_loss=0.0019 value_loss=0.0780 entropy=5.6852 clip_frac=0.180 rollout=5.3s train=0.7s transitions=1625
[iter 725] score=2270 margin=+212 win_rate=0.56 eps=0.282 policy_loss=0.0321 value_loss=0.0379 entropy=5.5802 clip_frac=0.210 rollout=4.4s train=0.9s transitions=1582
[iter 726] score=2760 margin=-27 win_rate=0.56 eps=0.282 policy_loss=0.0157 value_loss=0.0650 entropy=5.6757 clip_frac=0.246 rollout=2.5s train=0.8s transitions=1608
[iter 727] score=2089 margin=-77 win_rate=0.44 eps=0.282 policy_loss=0.0227 value_loss=0.0400 entropy=5.7219 clip_frac=0.243 rollout=4.0s train=1.2s transitions=1636
[iter 728] score=2575 margin=+182 win_rate=0.56 eps=0.282 policy_loss=0.0088 value_loss=0.0345 entropy=5.5370 clip_frac=0.247 rollout=4.1s train=0.8s transitions=1610
[iter 729] score=2339 margin=-128 win_rate=0.44 eps=0.282 policy_loss=-0.0024 value_loss=0.0429 entropy=5.8156 clip_frac=0.219 rollout=2.4s train=0.6s transitions=1620
[iter 730] score=2604 margin=+207 win_rate=0.56 eps=0.282 policy_loss=-0.0142 value_loss=0.0471 entropy=5.8788 clip_frac=0.184 rollout=4.1s train=1.5s transitions=1635
[iter 731] score=2412 margin=-416 win_rate=0.44 eps=0.282 policy_loss=0.0396 value_loss=0.0570 entropy=5.8941 clip_frac=0.271 rollout=3.6s train=1.0s transitions=1584
[iter 732] score=2327 margin=-357 win_rate=0.38 eps=0.282 policy_loss=-0.0046 value_loss=0.0605 entropy=5.9237 clip_frac=0.134 rollout=3.2s train=0.6s transitions=1611
[iter 733] score=3459 margin=-152 win_rate=0.56 eps=0.282 policy_loss=-0.0133 value_loss=0.0866 entropy=5.8037 clip_frac=0.304 rollout=4.6s train=1.7s transitions=1678
[iter 734] score=2454 margin=+78 win_rate=0.56 eps=0.282 policy_loss=0.0139 value_loss=0.0574 entropy=5.7537 clip_frac=0.208 rollout=2.6s train=0.8s transitions=1576
[iter 735] score=2315 margin=+188 win_rate=0.56 eps=0.282 policy_loss=-0.0003 value_loss=0.0638 entropy=5.6673 clip_frac=0.238 rollout=3.5s train=0.6s transitions=1648
[iter 736] score=2248 margin=-74 win_rate=0.44 eps=0.282 policy_loss=-0.0248 value_loss=0.0351 entropy=5.7798 clip_frac=0.208 rollout=4.4s train=1.5s transitions=1602
[iter 737] score=2596 margin=-25 win_rate=0.50 eps=0.282 policy_loss=0.0079 value_loss=0.0485 entropy=5.7459 clip_frac=0.165 rollout=2.4s train=1.3s transitions=1616
[iter 738] score=3176 margin=+58 win_rate=0.62 eps=0.282 policy_loss=0.0532 value_loss=0.0702 entropy=5.6863 clip_frac=0.279 rollout=4.4s train=0.6s transitions=1636
[iter 739] score=2442 margin=-655 win_rate=0.44 eps=0.282 policy_loss=0.1144 value_loss=0.1362 entropy=5.8652 clip_frac=0.332 rollout=4.7s train=1.5s transitions=1626
[iter 740] score=1971 margin=-279 win_rate=0.44 eps=0.281 policy_loss=0.0095 value_loss=0.0565 entropy=5.7729 clip_frac=0.379 rollout=3.0s train=1.4s transitions=1624
[iter 741] score=2405 margin=-214 win_rate=0.25 eps=0.281 policy_loss=-0.0247 value_loss=0.0282 entropy=5.7596 clip_frac=0.222 rollout=3.2s train=0.6s transitions=1566
[iter 742] score=2036 margin=-764 win_rate=0.31 eps=0.281 policy_loss=-0.0090 value_loss=0.1040 entropy=5.8698 clip_frac=0.219 rollout=4.5s train=1.5s transitions=1561
[iter 743] score=2232 margin=-275 win_rate=0.44 eps=0.281 policy_loss=0.0487 value_loss=0.0580 entropy=5.7421 clip_frac=0.232 rollout=2.8s train=1.0s transitions=1555
[iter 744] score=3026 margin=+387 win_rate=0.69 eps=0.281 policy_loss=0.0817 value_loss=0.1076 entropy=5.8626 clip_frac=0.385 rollout=4.1s train=0.6s transitions=1615
[iter 745] score=2164 margin=-156 win_rate=0.31 eps=0.281 policy_loss=0.0134 value_loss=0.0417 entropy=5.7045 clip_frac=0.212 rollout=6.7s train=1.6s transitions=1598
[iter 746] score=1892 margin=-359 win_rate=0.38 eps=0.281 policy_loss=-0.0053 value_loss=0.0534 entropy=5.7505 clip_frac=0.200 rollout=3.5s train=1.2s transitions=1588
[iter 747] score=2031 margin=-225 win_rate=0.38 eps=0.281 policy_loss=0.0248 value_loss=0.0440 entropy=5.7240 clip_frac=0.255 rollout=3.2s train=0.7s transitions=1564
[iter 748] score=2016 margin=-1233 win_rate=0.19 eps=0.281 policy_loss=0.2152 value_loss=0.1927 entropy=5.8932 clip_frac=0.297 rollout=4.8s train=1.5s transitions=1609
[iter 749] score=1975 margin=-764 win_rate=0.31 eps=0.281 policy_loss=-0.0262 value_loss=0.0541 entropy=5.9319 clip_frac=0.178 rollout=3.1s train=1.2s transitions=1615
[iter 750] score=2972 margin=-198 win_rate=0.50 eps=0.281 policy_loss=-0.0048 value_loss=0.0858 entropy=5.7287 clip_frac=0.237 rollout=3.4s train=0.6s transitions=1576
[iter 751] score=2029 margin=-799 win_rate=0.31 eps=0.281 policy_loss=0.0044 value_loss=0.0785 entropy=5.9463 clip_frac=0.184 rollout=5.6s train=1.5s transitions=1603
[iter 752] score=2247 margin=-229 win_rate=0.56 eps=0.281 policy_loss=0.0643 value_loss=0.0579 entropy=5.7556 clip_frac=0.245 rollout=3.3s train=1.2s transitions=1599
[iter 753] score=2221 margin=-386 win_rate=0.44 eps=0.281 policy_loss=-0.0075 value_loss=0.0610 entropy=5.7765 clip_frac=0.259 rollout=2.8s train=0.6s transitions=1557
[iter 754] score=2095 margin=-150 win_rate=0.38 eps=0.281 policy_loss=0.0027 value_loss=0.0493 entropy=5.6247 clip_frac=0.236 rollout=4.7s train=1.5s transitions=1594
[iter 755] score=2292 margin=-280 win_rate=0.31 eps=0.281 policy_loss=0.0035 value_loss=0.0379 entropy=5.7981 clip_frac=0.181 rollout=2.6s train=1.4s transitions=1644
[iter 756] score=1918 margin=-622 win_rate=0.44 eps=0.281 policy_loss=0.0038 value_loss=0.0772 entropy=5.8940 clip_frac=0.197 rollout=3.2s train=0.6s transitions=1570
[iter 757] score=2194 margin=-680 win_rate=0.50 eps=0.281 policy_loss=-0.0115 value_loss=0.0846 entropy=5.6372 clip_frac=0.213 rollout=4.6s train=2.4s transitions=1630
[iter 758] score=2628 margin=-112 win_rate=0.56 eps=0.281 policy_loss=0.0048 value_loss=0.0903 entropy=5.8195 clip_frac=0.317 rollout=3.9s train=1.0s transitions=1619
[iter 759] score=2127 margin=-1318 win_rate=0.19 eps=0.281 policy_loss=0.0411 value_loss=0.1733 entropy=5.8301 clip_frac=0.204 rollout=2.4s train=0.7s transitions=1574
[iter 760] score=2632 margin=-914 win_rate=0.38 eps=0.281 policy_loss=0.0205 value_loss=0.0893 entropy=5.9272 clip_frac=0.274 rollout=4.2s train=1.5s transitions=1581
[iter 761] score=2435 margin=-623 win_rate=0.50 eps=0.281 policy_loss=0.0285 value_loss=0.1059 entropy=5.9789 clip_frac=0.253 rollout=3.7s train=1.0s transitions=1611
[iter 762] score=2708 margin=-760 win_rate=0.31 eps=0.281 policy_loss=0.0462 value_loss=0.0831 entropy=5.7681 clip_frac=0.327 rollout=2.9s train=0.6s transitions=1628
[iter 763] score=2453 margin=-570 win_rate=0.44 eps=0.281 policy_loss=0.0058 value_loss=0.0979 entropy=5.9520 clip_frac=0.336 rollout=4.3s train=1.5s transitions=1566
[iter 764] score=2194 margin=-16 win_rate=0.50 eps=0.281 policy_loss=0.0641 value_loss=0.0988 entropy=5.7964 clip_frac=0.339 rollout=2.7s train=1.3s transitions=1581
[iter 765] score=1884 margin=-729 win_rate=0.38 eps=0.281 policy_loss=0.0024 value_loss=0.0731 entropy=5.6313 clip_frac=0.206 rollout=4.4s train=0.6s transitions=1594
[iter 766] score=2347 margin=-403 win_rate=0.38 eps=0.281 policy_loss=0.0559 value_loss=0.0679 entropy=5.7573 clip_frac=0.288 rollout=4.9s train=1.5s transitions=1622
[iter 767] score=3108 margin=+177 win_rate=0.69 eps=0.281 policy_loss=-0.0045 value_loss=0.0951 entropy=5.8384 clip_frac=0.330 rollout=3.2s train=1.5s transitions=1568
[iter 768] score=2678 margin=-668 win_rate=0.31 eps=0.281 policy_loss=0.0526 value_loss=0.2184 entropy=5.7651 clip_frac=0.302 rollout=3.0s train=0.6s transitions=1579
[iter 769] score=2030 margin=-691 win_rate=0.31 eps=0.281 policy_loss=0.0053 value_loss=0.0779 entropy=5.8251 clip_frac=0.249 rollout=4.5s train=1.5s transitions=1602
[iter 770] score=2421 margin=-627 win_rate=0.25 eps=0.281 policy_loss=-0.0205 value_loss=0.0705 entropy=5.8465 clip_frac=0.188 rollout=3.3s train=1.2s transitions=1569
[iter 771] score=2321 margin=-494 win_rate=0.25 eps=0.281 policy_loss=0.0164 value_loss=0.0423 entropy=5.9379 clip_frac=0.239 rollout=2.9s train=1.5s transitions=1584
[iter 772] score=2444 margin=-366 win_rate=0.38 eps=0.281 policy_loss=0.0001 value_loss=0.0422 entropy=5.7304 clip_frac=0.169 rollout=4.5s train=1.5s transitions=1606
[iter 773] score=2277 margin=-512 win_rate=0.31 eps=0.281 policy_loss=-0.0104 value_loss=0.0483 entropy=5.7727 clip_frac=0.155 rollout=3.8s train=0.9s transitions=1631
[iter 774] score=1870 margin=-485 win_rate=0.50 eps=0.281 policy_loss=-0.0016 value_loss=0.0546 entropy=5.7582 clip_frac=0.139 rollout=2.5s train=0.6s transitions=1606
[iter 775] score=2076 margin=+85 win_rate=0.50 eps=0.281 policy_loss=0.0151 value_loss=0.0719 entropy=5.6978 clip_frac=0.154 rollout=4.2s train=1.5s transitions=1572
[iter 776] score=2271 margin=-1177 win_rate=0.31 eps=0.281 policy_loss=0.0151 value_loss=0.2505 entropy=5.8235 clip_frac=0.240 rollout=2.8s train=1.2s transitions=1629
[iter 777] score=1758 margin=-988 win_rate=0.25 eps=0.281 policy_loss=-0.0077 value_loss=0.0758 entropy=5.7016 clip_frac=0.188 rollout=3.0s train=0.6s transitions=1610
[iter 778] score=2107 margin=-523 win_rate=0.12 eps=0.281 policy_loss=0.0442 value_loss=0.0478 entropy=5.9505 clip_frac=0.140 rollout=5.7s train=1.6s transitions=1541
[iter 779] score=1914 margin=-788 win_rate=0.38 eps=0.281 policy_loss=-0.0027 value_loss=0.1078 entropy=5.8922 clip_frac=0.176 rollout=2.5s train=1.1s transitions=1566
[iter 780] score=2454 margin=-493 win_rate=0.31 eps=0.280 policy_loss=0.0962 value_loss=0.0831 entropy=5.8707 clip_frac=0.258 rollout=3.6s train=0.6s transitions=1653
[iter 781] score=2629 margin=-189 win_rate=0.56 eps=0.280 policy_loss=0.0304 value_loss=0.1025 entropy=5.9136 clip_frac=0.180 rollout=4.7s train=1.5s transitions=1634
[iter 782] score=2466 margin=-310 win_rate=0.44 eps=0.280 policy_loss=-0.0228 value_loss=0.0565 entropy=5.9351 clip_frac=0.142 rollout=2.7s train=1.1s transitions=1607
[iter 783] score=2174 margin=-371 win_rate=0.56 eps=0.280 policy_loss=-0.0205 value_loss=0.0606 entropy=5.9447 clip_frac=0.196 rollout=3.2s train=0.6s transitions=1549
[iter 784] score=2241 margin=-617 win_rate=0.31 eps=0.280 policy_loss=0.0025 value_loss=0.0788 entropy=5.9586 clip_frac=0.157 rollout=4.8s train=1.5s transitions=1616
[iter 785] score=2111 margin=-351 win_rate=0.38 eps=0.280 policy_loss=0.0074 value_loss=0.0632 entropy=5.7956 clip_frac=0.143 rollout=4.6s train=1.0s transitions=1604
[iter 786] score=2276 margin=-398 win_rate=0.31 eps=0.280 policy_loss=0.0131 value_loss=0.0490 entropy=5.8010 clip_frac=0.165 rollout=2.8s train=0.6s transitions=1617
[iter 787] score=2941 margin=+100 win_rate=0.50 eps=0.280 policy_loss=0.0213 value_loss=0.0567 entropy=5.7854 clip_frac=0.230 rollout=4.5s train=1.4s transitions=1644
[iter 788] score=2102 margin=+18 win_rate=0.50 eps=0.280 policy_loss=0.0118 value_loss=0.0398 entropy=5.8020 clip_frac=0.197 rollout=4.1s train=0.8s transitions=1604
[iter 789] score=2775 margin=+286 win_rate=0.50 eps=0.280 policy_loss=-0.0010 value_loss=0.0507 entropy=5.7720 clip_frac=0.162 rollout=2.5s train=0.7s transitions=1635
[iter 790] score=2958 margin=-357 win_rate=0.38 eps=0.280 policy_loss=0.0447 value_loss=0.0920 entropy=5.9094 clip_frac=0.230 rollout=4.3s train=1.2s transitions=1569
[iter 791] score=3035 margin=+432 win_rate=0.56 eps=0.280 policy_loss=0.0132 value_loss=0.0904 entropy=5.7359 clip_frac=0.203 rollout=4.0s train=0.8s transitions=1656
[iter 792] score=2717 margin=+50 win_rate=0.56 eps=0.280 policy_loss=-0.0065 value_loss=0.0475 entropy=5.7648 clip_frac=0.189 rollout=2.5s train=1.5s transitions=1658
[iter 793] score=2649 margin=+288 win_rate=0.75 eps=0.280 policy_loss=-0.0033 value_loss=0.0419 entropy=5.6085 clip_frac=0.185 rollout=4.3s train=1.5s transitions=1640
[iter 794] score=2779 margin=+274 win_rate=0.62 eps=0.280 policy_loss=-0.0089 value_loss=0.0324 entropy=5.8804 clip_frac=0.203 rollout=3.6s train=1.0s transitions=1598
[iter 795] score=2474 margin=+153 win_rate=0.62 eps=0.280 policy_loss=-0.0152 value_loss=0.0210 entropy=5.9450 clip_frac=0.162 rollout=2.7s train=0.6s transitions=1610
[iter 796] score=2802 margin=-536 win_rate=0.25 eps=0.280 policy_loss=0.0394 value_loss=0.0836 entropy=5.9743 clip_frac=0.208 rollout=4.5s train=1.5s transitions=1593
[iter 797] score=3060 margin=+122 win_rate=0.56 eps=0.280 policy_loss=-0.0148 value_loss=0.0413 entropy=5.9853 clip_frac=0.182 rollout=3.5s train=1.1s transitions=1578
[iter 798] score=2641 margin=+126 win_rate=0.44 eps=0.280 policy_loss=-0.0021 value_loss=0.0934 entropy=5.7831 clip_frac=0.212 rollout=2.5s train=0.6s transitions=1626
[iter 799] score=2838 margin=+114 win_rate=0.62 eps=0.280 policy_loss=0.0052 value_loss=0.0395 entropy=5.9493 clip_frac=0.237 rollout=5.2s train=1.5s transitions=1585
[iter 799] checkpoint saved: checkpoints/20260910-090433_iter800.pt

  eval @ iter 800 - 100 greedy episodes vs each boss (108s)
boss           score      opp    margin    win   conn   zero
------------------------------------------------------------
level1          1149        0     +1149   0.97    29%     3%
level1Pro       1185       44     +1140   1.00    31%     0%
level2          3196     2547      +649   0.73    96%     0%
level2Pro       3496     3277      +219   0.61   100%     0%

[iter 800] score=2544 margin=-69 win_rate=0.56 eps=0.280 policy_loss=0.0120 value_loss=0.0449 entropy=5.8465 clip_frac=0.225 rollout=2.4s train=0.6s transitions=1588
[iter 801] score=2860 margin=+445 win_rate=0.69 eps=0.280 policy_loss=0.0137 value_loss=0.0499 entropy=5.8822 clip_frac=0.146 rollout=4.5s train=1.5s transitions=1613
[iter 802] score=2295 margin=-70 win_rate=0.50 eps=0.280 policy_loss=-0.0101 value_loss=0.0676 entropy=5.8684 clip_frac=0.167 rollout=2.8s train=1.2s transitions=1584
[iter 803] score=3624 margin=+606 win_rate=0.75 eps=0.280 policy_loss=0.0868 value_loss=0.0979 entropy=5.9094 clip_frac=0.312 rollout=3.0s train=0.6s transitions=1623
[iter 804] score=3004 margin=+269 win_rate=0.69 eps=0.280 policy_loss=-0.0013 value_loss=0.0382 entropy=5.9564 clip_frac=0.158 rollout=4.5s train=2.4s transitions=1612
[iter 805] score=2751 margin=-6 win_rate=0.56 eps=0.280 policy_loss=0.0062 value_loss=0.0463 entropy=5.9638 clip_frac=0.152 rollout=3.6s train=1.0s transitions=1633
[iter 806] score=2944 margin=+213 win_rate=0.50 eps=0.280 policy_loss=0.0246 value_loss=0.0524 entropy=6.0424 clip_frac=0.167 rollout=2.8s train=0.6s transitions=1611
[iter 807] score=2794 margin=-92 win_rate=0.44 eps=0.280 policy_loss=0.0209 value_loss=0.0513 entropy=6.0399 clip_frac=0.298 rollout=4.3s train=1.5s transitions=1553
[iter 808] score=2620 margin=-15 win_rate=0.50 eps=0.280 policy_loss=-0.0180 value_loss=0.0348 entropy=5.9375 clip_frac=0.207 rollout=3.4s train=1.1s transitions=1660
[iter 809] score=2930 margin=+204 win_rate=0.56 eps=0.280 policy_loss=0.0051 value_loss=0.0387 entropy=5.9979 clip_frac=0.168 rollout=2.8s train=0.6s transitions=1615
[iter 810] score=3152 margin=+544 win_rate=0.69 eps=0.280 policy_loss=-0.0114 value_loss=0.0598 entropy=5.8937 clip_frac=0.157 rollout=4.7s train=0.9s transitions=1648
[iter 811] score=2273 margin=-244 win_rate=0.38 eps=0.280 policy_loss=0.0050 value_loss=0.0894 entropy=5.8198 clip_frac=0.195 rollout=5.7s train=1.4s transitions=1632
[iter 812] score=2362 margin=+148 win_rate=0.62 eps=0.280 policy_loss=-0.0117 value_loss=0.0513 entropy=5.9051 clip_frac=0.166 rollout=2.6s train=1.1s transitions=1597
[iter 813] score=2786 margin=+390 win_rate=0.75 eps=0.280 policy_loss=-0.0250 value_loss=0.0359 entropy=5.8700 clip_frac=0.207 rollout=3.8s train=0.6s transitions=1643
[iter 814] score=2118 margin=+36 win_rate=0.56 eps=0.280 policy_loss=0.0084 value_loss=0.0488 entropy=5.6777 clip_frac=0.225 rollout=4.5s train=1.5s transitions=1619
[iter 815] score=3165 margin=+295 win_rate=0.62 eps=0.280 policy_loss=-0.0027 value_loss=0.0522 entropy=5.8900 clip_frac=0.253 rollout=4.0s train=0.8s transitions=1596
[iter 816] score=3062 margin=+643 win_rate=0.81 eps=0.280 policy_loss=0.0141 value_loss=0.0671 entropy=5.6721 clip_frac=0.191 rollout=2.8s train=0.6s transitions=1631
[iter 817] score=3188 margin=+886 win_rate=0.81 eps=0.280 policy_loss=0.0307 value_loss=0.0472 entropy=5.8449 clip_frac=0.271 rollout=4.7s train=1.2s transitions=1593
[iter 818] score=2901 margin=+427 win_rate=0.75 eps=0.280 policy_loss=0.0016 value_loss=0.0362 entropy=5.7880 clip_frac=0.243 rollout=4.9s train=0.8s transitions=1623
[iter 819] score=3174 margin=+425 win_rate=0.81 eps=0.280 policy_loss=-0.0101 value_loss=0.0576 entropy=5.7753 clip_frac=0.160 rollout=2.7s train=0.7s transitions=1629
[iter 820] score=2877 margin=+700 win_rate=0.94 eps=0.279 policy_loss=0.0090 value_loss=0.0330 entropy=5.5610 clip_frac=0.298 rollout=4.2s train=1.3s transitions=1606
[iter 821] score=3005 margin=+611 win_rate=0.69 eps=0.279 policy_loss=0.0039 value_loss=0.0336 entropy=5.6102 clip_frac=0.254 rollout=4.3s train=0.7s transitions=1581
[iter 822] score=2759 margin=+514 win_rate=0.88 eps=0.279 policy_loss=-0.0017 value_loss=0.0225 entropy=5.4691 clip_frac=0.279 rollout=2.4s train=0.7s transitions=1610
[iter 823] score=2907 margin=+754 win_rate=0.75 eps=0.279 policy_loss=0.0103 value_loss=0.0317 entropy=5.5173 clip_frac=0.216 rollout=4.3s train=0.9s transitions=1581
[iter 824] score=3245 margin=+258 win_rate=0.75 eps=0.279 policy_loss=0.1843 value_loss=0.0650 entropy=5.6617 clip_frac=0.346 rollout=4.4s train=1.2s transitions=1636
[iter 825] score=3336 margin=+424 win_rate=0.50 eps=0.279 policy_loss=0.1024 value_loss=0.0425 entropy=5.7740 clip_frac=0.458 rollout=3.0s train=0.7s transitions=1617
[iter 826] score=2721 margin=+258 win_rate=0.56 eps=0.279 policy_loss=0.0174 value_loss=0.0448 entropy=5.8290 clip_frac=0.247 rollout=3.6s train=0.9s transitions=1587
[iter 827] score=2801 margin=+309 win_rate=0.62 eps=0.279 policy_loss=-0.0144 value_loss=0.0379 entropy=5.7825 clip_frac=0.194 rollout=4.3s train=1.3s transitions=1663
[iter 828] score=2901 margin=+548 win_rate=0.69 eps=0.279 policy_loss=0.0141 value_loss=0.0417 entropy=5.7747 clip_frac=0.328 rollout=2.1s train=0.9s transitions=1647
[iter 829] score=3030 margin=+275 win_rate=0.56 eps=0.279 policy_loss=0.0289 value_loss=0.0684 entropy=5.8046 clip_frac=0.315 rollout=3.4s train=0.9s transitions=1625
[iter 830] score=2240 margin=+229 win_rate=0.62 eps=0.279 policy_loss=0.0349 value_loss=0.0249 entropy=5.7883 clip_frac=0.254 rollout=4.1s train=1.1s transitions=1584
[iter 831] score=2483 margin=-203 win_rate=0.56 eps=0.279 policy_loss=0.0196 value_loss=0.0353 entropy=5.7560 clip_frac=0.199 rollout=2.2s train=1.0s transitions=1573
[iter 832] score=2520 margin=-522 win_rate=0.44 eps=0.279 policy_loss=0.0189 value_loss=0.0544 entropy=5.7140 clip_frac=0.210 rollout=3.6s train=0.8s transitions=1620
[iter 833] score=2941 margin=+159 win_rate=0.62 eps=0.279 policy_loss=-0.0085 value_loss=0.0886 entropy=5.7235 clip_frac=0.225 rollout=5.2s train=1.5s transitions=1607
[iter 834] score=2563 margin=-480 win_rate=0.50 eps=0.279 policy_loss=0.0153 value_loss=0.0612 entropy=5.7146 clip_frac=0.339 rollout=2.1s train=1.1s transitions=1621
[iter 835] score=2734 margin=+655 win_rate=0.81 eps=0.279 policy_loss=0.0250 value_loss=0.0868 entropy=5.4231 clip_frac=0.328 rollout=3.3s train=0.6s transitions=1608
[iter 836] score=2825 margin=-102 win_rate=0.62 eps=0.279 policy_loss=0.0138 value_loss=0.0978 entropy=5.5626 clip_frac=0.308 rollout=4.5s train=1.5s transitions=1623
[iter 837] score=3404 margin=+371 win_rate=0.69 eps=0.279 policy_loss=0.0804 value_loss=0.0730 entropy=5.8030 clip_frac=0.404 rollout=2.2s train=1.2s transitions=1609
[iter 838] score=2552 margin=+230 win_rate=0.69 eps=0.279 policy_loss=0.0108 value_loss=0.0957 entropy=5.7958 clip_frac=0.294 rollout=3.2s train=0.6s transitions=1648
[iter 839] score=3024 margin=-288 win_rate=0.69 eps=0.279 policy_loss=-0.0024 value_loss=0.0716 entropy=5.7306 clip_frac=0.224 rollout=4.1s train=1.5s transitions=1632
[iter 840] score=2994 margin=+22 win_rate=0.50 eps=0.279 policy_loss=0.0010 value_loss=0.0752 entropy=5.8257 clip_frac=0.225 rollout=3.3s train=1.2s transitions=1656
[iter 841] score=3238 margin=+903 win_rate=0.75 eps=0.279 policy_loss=0.1071 value_loss=0.1732 entropy=5.5065 clip_frac=0.479 rollout=2.7s train=0.6s transitions=1611
[iter 842] score=2893 margin=+617 win_rate=0.69 eps=0.279 policy_loss=0.0489 value_loss=0.0655 entropy=5.6274 clip_frac=0.298 rollout=4.2s train=1.5s transitions=1621
[iter 843] score=2787 margin=+522 win_rate=0.75 eps=0.279 policy_loss=-0.0179 value_loss=0.0397 entropy=5.6890 clip_frac=0.189 rollout=2.8s train=1.3s transitions=1593
[iter 844] score=3402 margin=+757 win_rate=0.69 eps=0.279 policy_loss=-0.0566 value_loss=0.1126 entropy=5.6987 clip_frac=0.211 rollout=3.9s train=0.6s transitions=1573
[iter 845] score=2676 margin=+382 win_rate=0.69 eps=0.279 policy_loss=0.0026 value_loss=0.0410 entropy=5.5618 clip_frac=0.189 rollout=4.8s train=1.6s transitions=1649
[iter 846] score=3348 margin=+468 win_rate=0.69 eps=0.279 policy_loss=0.0072 value_loss=0.0558 entropy=5.8160 clip_frac=0.236 rollout=3.4s train=0.8s transitions=1622
[iter 847] score=3749 margin=+400 win_rate=0.69 eps=0.279 policy_loss=0.0036 value_loss=0.0577 entropy=5.5509 clip_frac=0.294 rollout=3.4s train=0.7s transitions=1643
[iter 848] score=2519 margin=+366 win_rate=0.69 eps=0.279 policy_loss=0.0856 value_loss=0.0572 entropy=5.6291 clip_frac=0.312 rollout=3.8s train=1.4s transitions=1611
[iter 849] score=3133 margin=+390 win_rate=0.50 eps=0.279 policy_loss=0.0413 value_loss=0.0902 entropy=5.7884 clip_frac=0.360 rollout=4.2s train=1.0s transitions=1621
[iter 850] score=2990 margin=+239 win_rate=0.56 eps=0.279 policy_loss=0.0046 value_loss=0.0408 entropy=5.5406 clip_frac=0.177 rollout=2.7s train=0.8s transitions=1599
[iter 851] score=3010 margin=+728 win_rate=0.75 eps=0.279 policy_loss=-0.0231 value_loss=0.0444 entropy=5.4661 clip_frac=0.213 rollout=4.2s train=0.6s transitions=1605
[iter 852] score=3020 margin=+437 win_rate=0.56 eps=0.279 policy_loss=0.0052 value_loss=0.0599 entropy=5.8371 clip_frac=0.247 rollout=4.1s train=0.6s transitions=1582
[iter 853] score=2234 margin=+43 win_rate=0.50 eps=0.279 policy_loss=0.0092 value_loss=0.0510 entropy=5.6487 clip_frac=0.209 rollout=1.9s train=0.6s transitions=1614
[iter 854] score=2486 margin=+219 win_rate=0.75 eps=0.279 policy_loss=-0.0022 value_loss=0.0445 entropy=5.7350 clip_frac=0.159 rollout=3.4s train=0.8s transitions=1602
[iter 855] score=2881 margin=-76 win_rate=0.50 eps=0.279 policy_loss=0.0086 value_loss=0.0816 entropy=5.9623 clip_frac=0.203 rollout=4.3s train=0.6s transitions=1614
[iter 856] score=2882 margin=+152 win_rate=0.56 eps=0.279 policy_loss=0.0037 value_loss=0.0383 entropy=5.9433 clip_frac=0.204 rollout=2.0s train=0.6s transitions=1623
[iter 857] score=3712 margin=+419 win_rate=0.69 eps=0.279 policy_loss=0.0155 value_loss=0.0701 entropy=5.8456 clip_frac=0.312 rollout=3.6s train=0.5s transitions=1581
[iter 858] score=1847 margin=+56 win_rate=0.62 eps=0.279 policy_loss=0.0669 value_loss=0.0536 entropy=5.6232 clip_frac=0.310 rollout=3.7s train=1.4s transitions=1598
[iter 859] score=2207 margin=+24 win_rate=0.56 eps=0.279 policy_loss=-0.0188 value_loss=0.0398 entropy=5.8597 clip_frac=0.143 rollout=1.9s train=0.9s transitions=1639
[iter 860] score=2738 margin=-23 win_rate=0.44 eps=0.278 policy_loss=0.0222 value_loss=0.0515 entropy=5.7847 clip_frac=0.299 rollout=3.2s train=0.5s transitions=1631
[iter 861] score=2315 margin=+81 win_rate=0.62 eps=0.278 policy_loss=0.0097 value_loss=0.0326 entropy=5.7888 clip_frac=0.241 rollout=3.5s train=0.9s transitions=1626
[iter 862] score=3058 margin=+78 win_rate=0.62 eps=0.278 policy_loss=0.0053 value_loss=0.0863 entropy=5.7294 clip_frac=0.279 rollout=3.6s train=0.6s transitions=1625
[iter 863] score=3323 margin=+363 win_rate=0.62 eps=0.278 policy_loss=0.0200 value_loss=0.0510 entropy=5.7184 clip_frac=0.284 rollout=2.1s train=1.5s transitions=1679
[iter 864] score=2548 margin=-199 win_rate=0.44 eps=0.278 policy_loss=0.0686 value_loss=0.0628 entropy=5.7869 clip_frac=0.266 rollout=3.4s train=0.7s transitions=1605
[iter 865] score=2560 margin=+199 win_rate=0.56 eps=0.278 policy_loss=-0.0025 value_loss=0.0745 entropy=5.8297 clip_frac=0.299 rollout=3.9s train=0.8s transitions=1639
[iter 866] score=3572 margin=+526 win_rate=0.69 eps=0.278 policy_loss=0.0315 value_loss=0.0572 entropy=5.5686 clip_frac=0.393 rollout=2.0s train=0.7s transitions=1558
[iter 867] score=2957 margin=+94 win_rate=0.56 eps=0.278 policy_loss=0.0401 value_loss=0.0783 entropy=5.6828 clip_frac=0.347 rollout=3.4s train=0.6s transitions=1641
[iter 868] score=2252 margin=-240 win_rate=0.38 eps=0.278 policy_loss=-0.0050 value_loss=0.0628 entropy=5.6579 clip_frac=0.222 rollout=4.4s train=1.4s transitions=1654
[iter 869] score=2635 margin=+144 win_rate=0.62 eps=0.278 policy_loss=-0.0027 value_loss=0.0384 entropy=5.6228 clip_frac=0.223 rollout=2.0s train=1.0s transitions=1657
[iter 870] score=2876 margin=+475 win_rate=0.81 eps=0.278 policy_loss=0.0016 value_loss=0.0396 entropy=5.6925 clip_frac=0.244 rollout=3.0s train=0.5s transitions=1668
[iter 871] score=2739 margin=+180 win_rate=0.69 eps=0.278 policy_loss=0.0186 value_loss=0.0637 entropy=5.4119 clip_frac=0.257 rollout=4.1s train=2.3s transitions=1634
[iter 872] score=2833 margin=+387 win_rate=0.69 eps=0.278 policy_loss=0.0147 value_loss=0.0387 entropy=5.5726 clip_frac=0.219 rollout=2.7s train=0.9s transitions=1662
[iter 873] score=2516 margin=+168 win_rate=0.50 eps=0.278 policy_loss=0.0447 value_loss=0.0478 entropy=5.6789 clip_frac=0.277 rollout=2.4s train=0.6s transitions=1632
[iter 874] score=2902 margin=+542 win_rate=0.56 eps=0.278 policy_loss=0.0079 value_loss=0.0533 entropy=5.5803 clip_frac=0.319 rollout=3.5s train=1.0s transitions=1606
[iter 875] score=2558 margin=+92 win_rate=0.69 eps=0.278 policy_loss=-0.0083 value_loss=0.0414 entropy=5.6029 clip_frac=0.264 rollout=3.4s train=0.6s transitions=1633
[iter 876] score=2437 margin=+32 win_rate=0.44 eps=0.278 policy_loss=-0.0318 value_loss=0.0472 entropy=5.5628 clip_frac=0.261 rollout=2.0s train=0.5s transitions=1612
[iter 877] score=2394 margin=+158 win_rate=0.69 eps=0.278 policy_loss=-0.0166 value_loss=0.0463 entropy=5.4801 clip_frac=0.216 rollout=3.4s train=0.8s transitions=1619
[iter 878] score=2782 margin=+558 win_rate=0.69 eps=0.278 policy_loss=0.0028 value_loss=0.0552 entropy=5.3822 clip_frac=0.268 rollout=3.6s train=0.6s transitions=1634
[iter 879] score=2841 margin=+159 win_rate=0.62 eps=0.278 policy_loss=0.0389 value_loss=0.0551 entropy=5.4784 clip_frac=0.299 rollout=1.9s train=0.6s transitions=1634
[iter 880] score=2784 margin=+409 win_rate=0.62 eps=0.278 policy_loss=0.0105 value_loss=0.0339 entropy=5.3472 clip_frac=0.291 rollout=4.3s train=0.6s transitions=1653
[iter 881] score=2907 margin=+514 win_rate=0.69 eps=0.278 policy_loss=0.0782 value_loss=0.0446 entropy=5.2773 clip_frac=0.306 rollout=4.1s train=1.4s transitions=1618
[iter 882] score=3497 margin=+1127 win_rate=0.88 eps=0.278 policy_loss=0.0975 value_loss=0.0839 entropy=5.3737 clip_frac=0.456 rollout=2.2s train=0.9s transitions=1658
[iter 883] score=3255 margin=+788 win_rate=0.81 eps=0.278 policy_loss=-0.0029 value_loss=0.0425 entropy=5.3929 clip_frac=0.240 rollout=3.3s train=0.6s transitions=1675
[iter 884] score=3178 margin=+416 win_rate=0.56 eps=0.278 policy_loss=-0.0021 value_loss=0.0589 entropy=5.3675 clip_frac=0.232 rollout=4.4s train=1.6s transitions=1672
[iter 885] score=3131 margin=+825 win_rate=0.75 eps=0.278 policy_loss=0.0132 value_loss=0.0375 entropy=5.1820 clip_frac=0.303 rollout=2.4s train=1.2s transitions=1664
[iter 886] score=3100 margin=+874 win_rate=0.69 eps=0.278 policy_loss=0.0268 value_loss=0.0546 entropy=4.9104 clip_frac=0.271 rollout=2.8s train=0.6s transitions=1586
[iter 887] score=3435 margin=+533 win_rate=0.69 eps=0.278 policy_loss=0.0235 value_loss=0.0877 entropy=5.1577 clip_frac=0.314 rollout=4.2s train=0.8s transitions=1605
[iter 888] score=3607 margin=+829 win_rate=0.62 eps=0.278 policy_loss=0.0121 value_loss=0.0764 entropy=5.0736 clip_frac=0.244 rollout=5.0s train=1.2s transitions=1662
[iter 889] score=2792 margin=+816 win_rate=0.81 eps=0.278 policy_loss=0.0828 value_loss=0.0912 entropy=5.0581 clip_frac=0.308 rollout=2.1s train=0.9s transitions=1645
[iter 890] score=3387 margin=+1029 win_rate=0.75 eps=0.278 policy_loss=0.0283 value_loss=0.1281 entropy=5.3085 clip_frac=0.363 rollout=3.6s train=0.6s transitions=1624
[iter 891] score=3200 margin=+802 win_rate=0.62 eps=0.278 policy_loss=0.0110 value_loss=0.0769 entropy=5.0393 clip_frac=0.201 rollout=4.1s train=1.6s transitions=1666
[iter 892] score=2927 margin=+465 win_rate=0.69 eps=0.278 policy_loss=-0.0061 value_loss=0.0589 entropy=5.3278 clip_frac=0.255 rollout=1.9s train=1.1s transitions=1623
[iter 893] score=3218 margin=+422 win_rate=0.56 eps=0.278 policy_loss=-0.0001 value_loss=0.0586 entropy=5.2203 clip_frac=0.202 rollout=3.2s train=0.7s transitions=1621
[iter 894] score=3150 margin=+1007 win_rate=0.88 eps=0.278 policy_loss=0.0351 value_loss=0.0891 entropy=5.0927 clip_frac=0.212 rollout=4.1s train=1.4s transitions=1662
[iter 895] score=2193 margin=+149 win_rate=0.62 eps=0.278 policy_loss=0.0309 value_loss=0.0768 entropy=5.2830 clip_frac=0.258 rollout=3.0s train=1.0s transitions=1620
[iter 896] score=2610 margin=+133 win_rate=0.50 eps=0.278 policy_loss=-0.0146 value_loss=0.0753 entropy=5.5258 clip_frac=0.262 rollout=3.2s train=0.6s transitions=1584
[iter 897] score=3902 margin=+1261 win_rate=0.81 eps=0.278 policy_loss=0.0514 value_loss=0.2019 entropy=5.4596 clip_frac=0.339 rollout=4.4s train=1.5s transitions=1645
[iter 898] score=3871 margin=+935 win_rate=0.62 eps=0.278 policy_loss=0.0524 value_loss=0.0917 entropy=5.1981 clip_frac=0.296 rollout=2.9s train=1.0s transitions=1653
[iter 899] score=2592 margin=+199 win_rate=0.38 eps=0.278 policy_loss=0.1020 value_loss=0.0960 entropy=5.2201 clip_frac=0.285 rollout=2.4s train=0.6s transitions=1711
[iter 899] checkpoint saved: checkpoints/20260910-090433_iter900.pt

  eval @ iter 900 - 100 greedy episodes vs each boss (88s)
boss           score      opp    margin    win   conn   zero
------------------------------------------------------------
level1          1357        0     +1357   0.96    34%     4%
level1Pro       1441       58     +1383   0.96    38%     4%
level2          3171     2566      +605   0.68    95%     0%
level2Pro       3672     3328      +344   0.61   100%     1%

[iter 900] score=3253 margin=-197 win_rate=0.31 eps=0.277 policy_loss=0.0292 value_loss=0.0706 entropy=5.4309 clip_frac=0.253 rollout=2.2s train=1.0s transitions=1664
[iter 901] score=3115 margin=+468 win_rate=0.69 eps=0.277 policy_loss=0.0247 value_loss=0.0722 entropy=5.2906 clip_frac=0.302 rollout=3.5s train=0.6s transitions=1670
[iter 902] score=2915 margin=+104 win_rate=0.56 eps=0.277 policy_loss=-0.0088 value_loss=0.0500 entropy=5.4112 clip_frac=0.286 rollout=4.5s train=1.6s transitions=1664
[iter 903] score=3136 margin=+477 win_rate=0.50 eps=0.277 policy_loss=0.0197 value_loss=0.0584 entropy=5.4110 clip_frac=0.291 rollout=3.7s train=0.8s transitions=1651
[iter 904] score=2810 margin=+251 win_rate=0.50 eps=0.277 policy_loss=0.0767 value_loss=0.0800 entropy=5.5649 clip_frac=0.317 rollout=2.1s train=0.7s transitions=1623
[iter 905] score=2774 margin=+192 win_rate=0.44 eps=0.277 policy_loss=-0.0110 value_loss=0.0548 entropy=5.5962 clip_frac=0.219 rollout=4.0s train=1.0s transitions=1651
[iter 906] score=2937 margin=+186 win_rate=0.50 eps=0.277 policy_loss=0.0021 value_loss=0.0456 entropy=5.5569 clip_frac=0.256 rollout=4.5s train=0.7s transitions=1607
[iter 907] score=3190 margin=+484 win_rate=0.75 eps=0.277 policy_loss=0.0151 value_loss=0.0802 entropy=5.3949 clip_frac=0.322 rollout=2.3s train=0.8s transitions=1641
[iter 908] score=3156 margin=+151 win_rate=0.50 eps=0.277 policy_loss=0.0382 value_loss=0.0562 entropy=5.5337 clip_frac=0.277 rollout=3.9s train=1.4s transitions=1660
[iter 909] score=2422 margin=-241 win_rate=0.38 eps=0.277 policy_loss=0.0952 value_loss=0.0971 entropy=5.4258 clip_frac=0.272 rollout=3.7s train=0.8s transitions=1597
[iter 910] score=2074 margin=-263 win_rate=0.50 eps=0.277 policy_loss=0.0059 value_loss=0.0379 entropy=5.6592 clip_frac=0.213 rollout=2.1s train=0.7s transitions=1626
[iter 911] score=2383 margin=-235 win_rate=0.56 eps=0.277 policy_loss=0.0132 value_loss=0.0504 entropy=5.5806 clip_frac=0.311 rollout=3.8s train=1.2s transitions=1638
[iter 912] score=3263 margin=-206 win_rate=0.44 eps=0.277 policy_loss=-0.0091 value_loss=0.0370 entropy=5.3634 clip_frac=0.262 rollout=4.0s train=0.8s transitions=1665
[iter 913] score=2655 margin=+320 win_rate=0.56 eps=0.277 policy_loss=0.0204 value_loss=0.0553 entropy=5.0417 clip_frac=0.293 rollout=2.0s train=0.7s transitions=1613
[iter 914] score=2871 margin=+460 win_rate=0.69 eps=0.277 policy_loss=0.0321 value_loss=0.0635 entropy=5.2173 clip_frac=0.293 rollout=4.9s train=1.0s transitions=1604
[iter 915] score=2892 margin=+173 win_rate=0.62 eps=0.277 policy_loss=0.0193 value_loss=0.0313 entropy=5.2607 clip_frac=0.277 rollout=4.3s train=1.2s transitions=1626
[iter 916] score=2776 margin=-52 win_rate=0.38 eps=0.277 policy_loss=0.0316 value_loss=0.0567 entropy=5.2669 clip_frac=0.317 rollout=2.2s train=0.9s transitions=1608
[iter 917] score=3547 margin=+844 win_rate=0.69 eps=0.277 policy_loss=0.0549 value_loss=0.1331 entropy=5.1743 clip_frac=0.319 rollout=3.5s train=0.6s transitions=1594
[iter 918] score=3006 margin=+433 win_rate=0.69 eps=0.277 policy_loss=0.0222 value_loss=0.0504 entropy=5.4373 clip_frac=0.251 rollout=4.9s train=1.6s transitions=1632
[iter 919] score=2955 margin=+210 win_rate=0.62 eps=0.277 policy_loss=0.0068 value_loss=0.0312 entropy=5.4608 clip_frac=0.207 rollout=2.2s train=1.0s transitions=1607
[iter 920] score=2946 margin=+332 win_rate=0.44 eps=0.277 policy_loss=0.0025 value_loss=0.0745 entropy=5.4039 clip_frac=0.227 rollout=3.2s train=0.5s transitions=1611
[iter 921] score=2957 margin=+58 win_rate=0.50 eps=0.277 policy_loss=0.0182 value_loss=0.0950 entropy=5.5678 clip_frac=0.269 rollout=5.8s train=1.0s transitions=1653
[iter 922] score=3043 margin=+124 win_rate=0.56 eps=0.277 policy_loss=0.0174 value_loss=0.0460 entropy=5.4628 clip_frac=0.291 rollout=5.4s train=0.6s transitions=1648
[iter 923] score=3434 margin=+608 win_rate=0.62 eps=0.277 policy_loss=0.0468 value_loss=0.0831 entropy=5.3321 clip_frac=0.376 rollout=4.8s train=1.0s transitions=1693
[iter 924] score=2212 margin=+25 win_rate=0.56 eps=0.277 policy_loss=0.0223 value_loss=0.0619 entropy=5.4343 clip_frac=0.308 rollout=4.9s train=0.7s transitions=1633
[iter 925] score=2700 margin=+67 win_rate=0.56 eps=0.277 policy_loss=0.0133 value_loss=0.0780 entropy=5.5304 clip_frac=0.203 rollout=4.6s train=0.7s transitions=1642
[iter 926] score=2509 margin=+5 win_rate=0.44 eps=0.277 policy_loss=-0.0050 value_loss=0.0403 entropy=5.6768 clip_frac=0.232 rollout=6.9s train=0.6s transitions=1625
[iter 927] score=2316 margin=-314 win_rate=0.44 eps=0.277 policy_loss=0.0067 value_loss=0.0480 entropy=5.5863 clip_frac=0.253 rollout=4.9s train=0.8s transitions=1646
[iter 928] score=3178 margin=+306 win_rate=0.62 eps=0.277 policy_loss=0.0516 value_loss=0.0744 entropy=5.6925 clip_frac=0.360 rollout=6.5s train=1.1s transitions=1593
[iter 929] score=2249 margin=+97 win_rate=0.56 eps=0.277 policy_loss=0.0277 value_loss=0.0624 entropy=5.5152 clip_frac=0.272 rollout=4.7s train=0.7s transitions=1594
[iter 930] score=2754 margin=-176 win_rate=0.31 eps=0.277 policy_loss=-0.0075 value_loss=0.0538 entropy=5.7613 clip_frac=0.211 rollout=2.7s train=0.6s transitions=1630
[iter 931] score=3377 margin=+356 win_rate=0.62 eps=0.277 policy_loss=0.0266 value_loss=0.0484 entropy=5.4090 clip_frac=0.206 rollout=2.3s train=0.6s transitions=1667
[iter 932] score=3170 margin=+375 win_rate=0.56 eps=0.277 policy_loss=0.0115 value_loss=0.0447 entropy=5.3388 clip_frac=0.283 rollout=4.2s train=1.1s transitions=1664
[iter 933] score=2824 margin=-21 win_rate=0.50 eps=0.277 policy_loss=0.0685 value_loss=0.1124 entropy=5.5405 clip_frac=0.258 rollout=3.1s train=1.0s transitions=1616
[iter 934] score=3040 margin=+235 win_rate=0.56 eps=0.277 policy_loss=0.0079 value_loss=0.0534 entropy=5.5198 clip_frac=0.250 rollout=3.6s train=0.7s transitions=1663
[iter 935] score=1912 margin=-373 win_rate=0.19 eps=0.277 policy_loss=0.0555 value_loss=0.0865 entropy=5.5521 clip_frac=0.236 rollout=4.3s train=1.6s transitions=1645
[iter 936] score=3289 margin=+729 win_rate=0.69 eps=0.277 policy_loss=0.0342 value_loss=0.0794 entropy=5.6955 clip_frac=0.272 rollout=2.1s train=1.0s transitions=1637
[iter 937] score=2751 margin=-241 win_rate=0.38 eps=0.277 policy_loss=0.0617 value_loss=0.0958 entropy=5.6007 clip_frac=0.156 rollout=3.4s train=0.7s transitions=1585
[iter 938] score=3108 margin=+435 win_rate=0.56 eps=0.277 policy_loss=0.0455 value_loss=0.0570 entropy=5.4210 clip_frac=0.265 rollout=4.3s train=1.5s transitions=1659
[iter 939] score=2473 margin=-416 win_rate=0.38 eps=0.277 policy_loss=0.1377 value_loss=0.1249 entropy=5.5692 clip_frac=0.293 rollout=2.2s train=0.7s transitions=1617
[iter 940] score=2606 margin=-173 win_rate=0.44 eps=0.276 policy_loss=0.0270 value_loss=0.0516 entropy=5.7840 clip_frac=0.219 rollout=4.5s train=0.8s transitions=1615
[iter 941] score=2549 margin=-123 win_rate=0.56 eps=0.276 policy_loss=0.0056 value_loss=0.0511 entropy=5.8226 clip_frac=0.175 rollout=4.3s train=1.6s transitions=1606
[iter 942] score=2275 margin=+16 win_rate=0.38 eps=0.276 policy_loss=0.0073 value_loss=0.0401 entropy=5.6385 clip_frac=0.178 rollout=2.0s train=1.1s transitions=1642
[iter 943] score=3460 margin=-140 win_rate=0.44 eps=0.276 policy_loss=0.0869 value_loss=0.0763 entropy=5.8538 clip_frac=0.333 rollout=3.6s train=0.6s transitions=1667
[iter 944] score=2677 margin=-124 win_rate=0.50 eps=0.276 policy_loss=0.0266 value_loss=0.0463 entropy=5.7119 clip_frac=0.258 rollout=4.4s train=1.6s transitions=1653
[iter 945] score=3060 margin=-67 win_rate=0.56 eps=0.276 policy_loss=0.0070 value_loss=0.0487 entropy=5.5425 clip_frac=0.231 rollout=2.5s train=1.4s transitions=1693
[iter 946] score=2218 margin=-238 win_rate=0.44 eps=0.276 policy_loss=-0.0025 value_loss=0.0440 entropy=5.6684 clip_frac=0.219 rollout=2.9s train=0.7s transitions=1639
[iter 947] score=3094 margin=-141 win_rate=0.56 eps=0.276 policy_loss=0.0687 value_loss=0.0654 entropy=5.8595 clip_frac=0.259 rollout=4.0s train=1.9s transitions=1672
[iter 948] score=2309 margin=-109 win_rate=0.44 eps=0.276 policy_loss=0.0158 value_loss=0.0467 entropy=5.7451 clip_frac=0.230 rollout=4.3s train=1.2s transitions=1623
[iter 949] score=2514 margin=-122 win_rate=0.38 eps=0.276 policy_loss=0.0053 value_loss=0.0350 entropy=5.7306 clip_frac=0.225 rollout=2.1s train=0.9s transitions=1628
[iter 950] score=2231 margin=-656 win_rate=0.19 eps=0.276 policy_loss=-0.0092 value_loss=0.0464 entropy=5.7855 clip_frac=0.177 rollout=3.7s train=1.1s transitions=1636
[iter 951] score=2496 margin=-0 win_rate=0.44 eps=0.276 policy_loss=0.0253 value_loss=0.0437 entropy=5.8552 clip_frac=0.214 rollout=4.1s train=0.7s transitions=1605
[iter 952] score=2987 margin=+114 win_rate=0.38 eps=0.276 policy_loss=0.0350 value_loss=0.0417 entropy=5.7751 clip_frac=0.261 rollout=2.2s train=1.0s transitions=1650
[iter 953] score=2725 margin=-312 win_rate=0.38 eps=0.276 policy_loss=0.0078 value_loss=0.0515 entropy=5.8509 clip_frac=0.227 rollout=3.6s train=1.0s transitions=1634
[iter 954] score=1952 margin=-947 win_rate=0.25 eps=0.276 policy_loss=0.0378 value_loss=0.1171 entropy=5.7721 clip_frac=0.131 rollout=4.4s train=2.1s transitions=1626
[iter 955] score=1902 margin=-290 win_rate=0.38 eps=0.276 policy_loss=0.0014 value_loss=0.0314 entropy=5.7883 clip_frac=0.119 rollout=2.2s train=1.0s transitions=1602
[iter 956] score=2510 margin=-169 win_rate=0.44 eps=0.276 policy_loss=0.0136 value_loss=0.0394 entropy=5.7249 clip_frac=0.206 rollout=3.8s train=0.7s transitions=1652
[iter 957] score=2662 margin=-15 win_rate=0.56 eps=0.276 policy_loss=-0.0120 value_loss=0.0306 entropy=5.7666 clip_frac=0.163 rollout=4.4s train=1.6s transitions=1602
[iter 958] score=2754 margin=-116 win_rate=0.38 eps=0.276 policy_loss=0.0116 value_loss=0.0448 entropy=5.7927 clip_frac=0.218 rollout=2.2s train=1.1s transitions=1637
[iter 959] score=2287 margin=-402 win_rate=0.56 eps=0.276 policy_loss=0.0082 value_loss=0.0635 entropy=5.9084 clip_frac=0.161 rollout=3.4s train=0.6s transitions=1645
[iter 960] score=2781 margin=-400 win_rate=0.44 eps=0.276 policy_loss=-0.0022 value_loss=0.0479 entropy=5.7515 clip_frac=0.135 rollout=4.2s train=1.6s transitions=1662
[iter 961] score=3040 margin=+91 win_rate=0.50 eps=0.276 policy_loss=0.0492 value_loss=0.0651 entropy=5.8151 clip_frac=0.240 rollout=2.2s train=1.3s transitions=1649
[iter 962] score=1866 margin=-459 win_rate=0.50 eps=0.276 policy_loss=0.0210 value_loss=0.0791 entropy=5.8372 clip_frac=0.199 rollout=4.1s train=0.6s transitions=1601
[iter 963] score=2820 margin=-197 win_rate=0.56 eps=0.276 policy_loss=0.0248 value_loss=0.0928 entropy=5.8548 clip_frac=0.262 rollout=4.5s train=1.6s transitions=1678
[iter 964] score=2911 margin=+204 win_rate=0.56 eps=0.276 policy_loss=-0.0119 value_loss=0.0470 entropy=5.8109 clip_frac=0.142 rollout=2.5s train=1.3s transitions=1624
[iter 965] score=2654 margin=+480 win_rate=0.75 eps=0.276 policy_loss=0.0189 value_loss=0.0374 entropy=5.7605 clip_frac=0.217 rollout=2.8s train=0.6s transitions=1597
[iter 966] score=2780 margin=+218 win_rate=0.62 eps=0.276 policy_loss=-0.0039 value_loss=0.0311 entropy=5.7536 clip_frac=0.190 rollout=4.2s train=1.6s transitions=1656
[iter 967] score=2820 margin=+330 win_rate=0.69 eps=0.276 policy_loss=-0.0135 value_loss=0.0345 entropy=5.8781 clip_frac=0.148 rollout=3.5s train=0.8s transitions=1667
[iter 968] score=2988 margin=+447 win_rate=0.81 eps=0.276 policy_loss=-0.0141 value_loss=0.0321 entropy=5.8477 clip_frac=0.161 rollout=2.3s train=0.6s transitions=1668
[iter 969] score=3255 margin=+323 win_rate=0.69 eps=0.276 policy_loss=0.0154 value_loss=0.0798 entropy=5.8039 clip_frac=0.286 rollout=5.1s train=1.7s transitions=1617
[iter 970] score=2812 margin=+423 win_rate=0.69 eps=0.276 policy_loss=0.0230 value_loss=0.0401 entropy=5.8741 clip_frac=0.253 rollout=2.8s train=1.3s transitions=1642
[iter 971] score=2737 margin=+161 win_rate=0.62 eps=0.276 policy_loss=0.0017 value_loss=0.0363 entropy=5.8078 clip_frac=0.155 rollout=2.6s train=0.6s transitions=1661
[iter 972] score=2680 margin=+387 win_rate=0.75 eps=0.276 policy_loss=0.0087 value_loss=0.0318 entropy=5.7488 clip_frac=0.239 rollout=4.3s train=1.6s transitions=1680
[iter 973] score=2528 margin=-24 win_rate=0.50 eps=0.276 policy_loss=0.0164 value_loss=0.0439 entropy=5.8008 clip_frac=0.220 rollout=2.5s train=1.3s transitions=1670
[iter 974] score=3164 margin=+359 win_rate=0.75 eps=0.276 policy_loss=0.0281 value_loss=0.0406 entropy=5.7977 clip_frac=0.279 rollout=2.7s train=0.7s transitions=1692
[iter 975] score=3174 margin=+883 win_rate=0.81 eps=0.276 policy_loss=0.0087 value_loss=0.0504 entropy=5.6467 clip_frac=0.269 rollout=4.0s train=1.5s transitions=1634
[iter 976] score=2918 margin=+32 win_rate=0.50 eps=0.276 policy_loss=0.0098 value_loss=0.0707 entropy=5.7827 clip_frac=0.204 rollout=4.1s train=1.6s transitions=1654
[iter 977] score=3317 margin=+448 win_rate=0.69 eps=0.276 policy_loss=-0.0308 value_loss=0.0395 entropy=5.7690 clip_frac=0.199 rollout=2.3s train=0.9s transitions=1672
[iter 978] score=3381 margin=+858 win_rate=0.81 eps=0.276 policy_loss=0.0055 value_loss=0.0404 entropy=5.7988 clip_frac=0.267 rollout=3.8s train=1.3s transitions=1638
[iter 979] score=2244 margin=-78 win_rate=0.44 eps=0.276 policy_loss=0.0699 value_loss=0.0705 entropy=5.8152 clip_frac=0.358 rollout=4.0s train=0.9s transitions=1626
[iter 980] score=2892 margin=+393 win_rate=0.75 eps=0.275 policy_loss=0.0147 value_loss=0.0324 entropy=5.8383 clip_frac=0.287 rollout=2.2s train=0.8s transitions=1654
[iter 981] score=3133 margin=+153 win_rate=0.75 eps=0.275 policy_loss=-0.0029 value_loss=0.0328 entropy=5.9125 clip_frac=0.216 rollout=3.9s train=1.2s transitions=1667
[iter 982] score=3079 margin=+322 win_rate=0.69 eps=0.275 policy_loss=-0.0139 value_loss=0.0358 entropy=5.9555 clip_frac=0.161 rollout=4.0s train=1.0s transitions=1631
[iter 983] score=3321 margin=+535 win_rate=0.62 eps=0.275 policy_loss=-0.0138 value_loss=0.0459 entropy=5.7475 clip_frac=0.229 rollout=2.3s train=0.9s transitions=1667
[iter 984] score=3354 margin=+575 win_rate=0.81 eps=0.275 policy_loss=0.0343 value_loss=0.0502 entropy=5.8730 clip_frac=0.396 rollout=4.6s train=1.0s transitions=1665
[iter 985] score=3419 margin=+781 win_rate=0.81 eps=0.275 policy_loss=-0.0188 value_loss=0.0768 entropy=5.9461 clip_frac=0.189 rollout=4.4s train=1.3s transitions=1656
[iter 986] score=2846 margin=+334 win_rate=0.56 eps=0.275 policy_loss=0.0150 value_loss=0.0317 entropy=5.8287 clip_frac=0.304 rollout=2.1s train=0.8s transitions=1628
[iter 987] score=3596 margin=+753 win_rate=0.75 eps=0.275 policy_loss=0.0156 value_loss=0.0471 entropy=5.9947 clip_frac=0.312 rollout=3.6s train=1.1s transitions=1642
[iter 988] score=2945 margin=+633 win_rate=0.75 eps=0.275 policy_loss=0.0076 value_loss=0.0524 entropy=5.8616 clip_frac=0.225 rollout=4.2s train=1.1s transitions=1628
[iter 989] score=2802 margin=+610 win_rate=0.75 eps=0.275 policy_loss=0.0159 value_loss=0.0371 entropy=5.7697 clip_frac=0.237 rollout=2.1s train=1.0s transitions=1631
[iter 990] score=2716 margin=+513 win_rate=0.88 eps=0.275 policy_loss=-0.0110 value_loss=0.0347 entropy=5.8233 clip_frac=0.244 rollout=3.6s train=1.5s transitions=1687
[iter 991] score=2983 margin=+474 win_rate=0.69 eps=0.275 policy_loss=0.0078 value_loss=0.0312 entropy=5.6701 clip_frac=0.288 rollout=4.3s train=0.9s transitions=1683
[iter 992] score=3422 margin=+785 win_rate=0.81 eps=0.275 policy_loss=-0.0007 value_loss=0.0550 entropy=5.6254 clip_frac=0.269 rollout=2.5s train=0.7s transitions=1690
[iter 993] score=2782 margin=+641 win_rate=0.81 eps=0.275 policy_loss=0.0289 value_loss=0.0546 entropy=5.5136 clip_frac=0.353 rollout=4.1s train=0.9s transitions=1621
[iter 994] score=3556 margin=+1392 win_rate=1.00 eps=0.275 policy_loss=0.1129 value_loss=0.1198 entropy=5.8035 clip_frac=0.462 rollout=4.5s train=1.7s transitions=1635
[iter 995] score=2743 margin=+715 win_rate=0.94 eps=0.275 policy_loss=0.0750 value_loss=0.0634 entropy=5.7153 clip_frac=0.316 rollout=2.4s train=1.4s transitions=1639
[iter 996] score=3673 margin=+960 win_rate=0.81 eps=0.275 policy_loss=0.0394 value_loss=0.0624 entropy=5.9246 clip_frac=0.408 rollout=2.6s train=0.6s transitions=1640
[iter 997] score=3279 margin=+569 win_rate=0.75 eps=0.275 policy_loss=0.0153 value_loss=0.0542 entropy=5.7912 clip_frac=0.222 rollout=4.5s train=1.5s transitions=1632
[iter 998] score=2990 margin=+576 win_rate=0.62 eps=0.275 policy_loss=-0.0110 value_loss=0.0550 entropy=5.7700 clip_frac=0.221 rollout=3.5s train=1.8s transitions=1663
[iter 999] score=3082 margin=+688 win_rate=0.81 eps=0.275 policy_loss=0.0162 value_loss=0.0578 entropy=5.7703 clip_frac=0.217 rollout=2.5s train=0.7s transitions=1643
[iter 999] checkpoint saved: checkpoints/20260910-090433_iter1000.pt

  eval @ iter 1000 - 100 greedy episodes vs each boss (84s)
boss           score      opp    margin    win   conn   zero
------------------------------------------------------------
level1          2407        0     +2407   1.00    61%     0%
level1Pro       2478       99     +2378   1.00    62%     0%
level2          3857     2186     +1672   0.95    98%     0%
level2Pro       4075     2954     +1120   0.83   100%     0%

[iter 1000] score=3801 margin=+438 win_rate=0.56 eps=0.275 policy_loss=-0.0037 value_loss=0.0972 entropy=5.8779 clip_frac=0.196 rollout=4.5s train=1.6s transitions=1643
[iter 1001] score=2741 margin=+600 win_rate=0.81 eps=0.275 policy_loss=0.0302 value_loss=0.0381 entropy=5.8289 clip_frac=0.249 rollout=2.3s train=1.3s transitions=1656
[iter 1002] score=2656 margin=+571 win_rate=0.69 eps=0.275 policy_loss=0.0119 value_loss=0.0344 entropy=5.7943 clip_frac=0.205 rollout=3.7s train=0.7s transitions=1718
[iter 1003] score=2688 margin=+781 win_rate=0.69 eps=0.275 policy_loss=-0.0075 value_loss=0.0454 entropy=5.7150 clip_frac=0.223 rollout=4.2s train=1.4s transitions=1658
[iter 1004] score=4063 margin=+1645 win_rate=0.88 eps=0.275 policy_loss=0.0313 value_loss=0.1868 entropy=5.8548 clip_frac=0.418 rollout=3.7s train=0.8s transitions=1621
[iter 1005] score=3276 margin=+1026 win_rate=0.75 eps=0.275 policy_loss=0.0052 value_loss=0.0818 entropy=5.8703 clip_frac=0.258 rollout=2.1s train=0.8s transitions=1633
[iter 1006] score=2871 margin=+453 win_rate=0.75 eps=0.275 policy_loss=0.0055 value_loss=0.0889 entropy=5.7418 clip_frac=0.199 rollout=3.7s train=1.3s transitions=1701
[iter 1007] score=3398 margin=+927 win_rate=0.94 eps=0.275 policy_loss=0.0176 value_loss=0.0583 entropy=5.7736 clip_frac=0.271 rollout=4.5s train=1.5s transitions=1671
[iter 1008] score=2739 margin=+733 win_rate=0.88 eps=0.275 policy_loss=0.0332 value_loss=0.0415 entropy=5.7949 clip_frac=0.252 rollout=2.1s train=1.0s transitions=1636
[iter 1009] score=3006 margin=+482 win_rate=0.56 eps=0.275 policy_loss=0.0386 value_loss=0.0634 entropy=5.9161 clip_frac=0.259 rollout=4.7s train=0.9s transitions=1645
[iter 1010] score=3425 margin=+685 win_rate=0.50 eps=0.275 policy_loss=-0.0081 value_loss=0.0571 entropy=5.8653 clip_frac=0.121 rollout=4.6s train=1.6s transitions=1635
[iter 1011] score=3095 margin=+1142 win_rate=0.88 eps=0.275 policy_loss=-0.0032 value_loss=0.0536 entropy=5.7902 clip_frac=0.287 rollout=2.3s train=1.2s transitions=1646
[iter 1012] score=3855 margin=+1054 win_rate=0.75 eps=0.275 policy_loss=0.0347 value_loss=0.0999 entropy=5.7404 clip_frac=0.302 rollout=3.4s train=0.7s transitions=1633
[iter 1013] score=2938 margin=+889 win_rate=0.56 eps=0.275 policy_loss=-0.0215 value_loss=0.0525 entropy=5.6822 clip_frac=0.154 rollout=4.1s train=1.3s transitions=1628
[iter 1014] score=3468 margin=+1153 win_rate=0.88 eps=0.275 policy_loss=-0.0025 value_loss=0.0508 entropy=5.9440 clip_frac=0.188 rollout=3.9s train=0.8s transitions=1627
[iter 1015] score=3317 margin=+988 win_rate=0.81 eps=0.275 policy_loss=0.0121 value_loss=0.0626 entropy=5.8611 clip_frac=0.210 rollout=2.1s train=0.6s transitions=1644
[iter 1016] score=3313 margin=+1446 win_rate=0.94 eps=0.275 policy_loss=0.0039 value_loss=0.0675 entropy=5.7981 clip_frac=0.178 rollout=5.4s train=1.6s transitions=1659
[iter 1017] score=2798 margin=+528 win_rate=0.88 eps=0.275 policy_loss=0.0118 value_loss=0.1035 entropy=5.8778 clip_frac=0.211 rollout=3.4s train=0.8s transitions=1615
[iter 1018] score=3313 margin=+1042 win_rate=0.88 eps=0.275 policy_loss=-0.0143 value_loss=0.0602 entropy=5.7963 clip_frac=0.132 rollout=2.4s train=0.7s transitions=1641
[iter 1019] score=4206 margin=+1840 win_rate=0.88 eps=0.275 policy_loss=0.0190 value_loss=0.1517 entropy=5.6849 clip_frac=0.252 rollout=4.0s train=1.6s transitions=1688
[iter 1020] score=3718 margin=+825 win_rate=0.75 eps=0.274 policy_loss=0.0024 value_loss=0.0991 entropy=5.8480 clip_frac=0.236 rollout=2.6s train=1.4s transitions=1599
[iter 1021] score=2855 margin=+444 win_rate=0.62 eps=0.274 policy_loss=0.0678 value_loss=0.1500 entropy=5.9159 clip_frac=0.209 rollout=2.5s train=0.6s transitions=1633
[iter 1022] score=4820 margin=+1451 win_rate=0.88 eps=0.274 policy_loss=0.0609 value_loss=0.1481 entropy=6.0212 clip_frac=0.334 rollout=4.2s train=1.6s transitions=1628
[iter 1023] score=2962 margin=+557 win_rate=0.56 eps=0.274 policy_loss=0.0125 value_loss=0.0884 entropy=5.8536 clip_frac=0.161 rollout=4.7s train=0.7s transitions=1639
[iter 1024] score=3033 margin=+633 win_rate=0.69 eps=0.274 policy_loss=-0.0148 value_loss=0.0455 entropy=5.9120 clip_frac=0.125 rollout=2.0s train=0.7s transitions=1620
[iter 1025] score=3473 margin=+745 win_rate=0.75 eps=0.274 policy_loss=0.0151 value_loss=0.0535 entropy=5.9494 clip_frac=0.120 rollout=4.0s train=0.8s transitions=1599
[iter 1026] score=3424 margin=+964 win_rate=0.88 eps=0.274 policy_loss=0.0016 value_loss=0.0414 entropy=5.9535 clip_frac=0.158 rollout=4.5s train=1.6s transitions=1664
[iter 1027] score=2723 margin=+673 win_rate=0.81 eps=0.274 policy_loss=-0.0117 value_loss=0.0377 entropy=5.8374 clip_frac=0.145 rollout=2.2s train=1.2s transitions=1609
[iter 1028] score=3139 margin=+754 win_rate=0.69 eps=0.274 policy_loss=-0.0075 value_loss=0.0480 entropy=5.8879 clip_frac=0.163 rollout=3.2s train=0.6s transitions=1639
[iter 1029] score=3004 margin=+820 win_rate=0.81 eps=0.274 policy_loss=-0.0020 value_loss=0.0368 entropy=5.8331 clip_frac=0.151 rollout=4.5s train=1.7s transitions=1649
[iter 1030] score=3052 margin=+777 win_rate=0.81 eps=0.274 policy_loss=-0.0163 value_loss=0.0349 entropy=5.8721 clip_frac=0.142 rollout=2.2s train=1.4s transitions=1636
[iter 1031] score=3007 margin=+976 win_rate=0.81 eps=0.274 policy_loss=-0.0187 value_loss=0.0675 entropy=5.8716 clip_frac=0.187 rollout=3.8s train=0.6s transitions=1624
[iter 1032] score=3628 margin=+1024 win_rate=0.81 eps=0.274 policy_loss=0.0286 value_loss=0.0602 entropy=5.9149 clip_frac=0.223 rollout=4.3s train=1.6s transitions=1681
[iter 1033] score=2579 margin=+460 win_rate=0.56 eps=0.274 policy_loss=-0.0010 value_loss=0.0898 entropy=5.8030 clip_frac=0.226 rollout=2.9s train=1.2s transitions=1632
[iter 1034] score=2567 margin=+635 win_rate=0.69 eps=0.274 policy_loss=0.0007 value_loss=0.0593 entropy=5.8001 clip_frac=0.161 rollout=2.5s train=0.7s transitions=1628
[iter 1035] score=3508 margin=+988 win_rate=0.62 eps=0.274 policy_loss=0.0070 value_loss=0.0827 entropy=5.7826 clip_frac=0.229 rollout=4.3s train=0.7s transitions=1643
[iter 1036] score=2341 margin=+432 win_rate=0.62 eps=0.274 policy_loss=0.0120 value_loss=0.0741 entropy=5.7184 clip_frac=0.266 rollout=4.4s train=1.6s transitions=1623
[iter 1037] score=3636 margin=+1268 win_rate=0.88 eps=0.274 policy_loss=0.0667 value_loss=0.1935 entropy=5.7807 clip_frac=0.403 rollout=2.2s train=1.1s transitions=1637
[iter 1038] score=3549 margin=+1083 win_rate=0.75 eps=0.274 policy_loss=0.0485 value_loss=0.0523 entropy=5.9043 clip_frac=0.265 rollout=4.5s train=0.6s transitions=1654
[iter 1039] score=3469 margin=+1063 win_rate=0.81 eps=0.274 policy_loss=0.0236 value_loss=0.0351 entropy=5.9099 clip_frac=0.266 rollout=4.5s train=1.6s transitions=1658
[iter 1040] score=4225 margin=+1382 win_rate=0.88 eps=0.274 policy_loss=0.0760 value_loss=0.1066 entropy=5.9573 clip_frac=0.316 rollout=3.5s train=1.1s transitions=1702
[iter 1041] score=2570 margin=+65 win_rate=0.50 eps=0.274 policy_loss=0.0050 value_loss=0.1422 entropy=5.8718 clip_frac=0.229 rollout=2.3s train=0.6s transitions=1627
[iter 1042] score=2718 margin=+522 win_rate=0.81 eps=0.274 policy_loss=-0.0177 value_loss=0.0435 entropy=5.8226 clip_frac=0.178 rollout=4.1s train=1.6s transitions=1656
[iter 1043] score=3506 margin=+804 win_rate=0.75 eps=0.274 policy_loss=-0.0125 value_loss=0.0818 entropy=5.8749 clip_frac=0.205 rollout=2.7s train=1.4s transitions=1643
[iter 1044] score=3358 margin=+1222 win_rate=0.88 eps=0.274 policy_loss=-0.0117 value_loss=0.0821 entropy=5.8913 clip_frac=0.180 rollout=2.6s train=0.6s transitions=1622
[iter 1045] score=3107 margin=+1061 win_rate=1.00 eps=0.274 policy_loss=-0.0010 value_loss=0.0357 entropy=5.8677 clip_frac=0.261 rollout=5.0s train=1.6s transitions=1602
[iter 1046] score=2827 margin=+792 win_rate=0.81 eps=0.274 policy_loss=0.0101 value_loss=0.0494 entropy=5.8622 clip_frac=0.265 rollout=2.2s train=1.3s transitions=1645
[iter 1047] score=2690 margin=+537 win_rate=0.75 eps=0.274 policy_loss=-0.0093 value_loss=0.0576 entropy=5.9330 clip_frac=0.206 rollout=3.3s train=0.6s transitions=1637
[iter 1048] score=3242 margin=+867 win_rate=0.88 eps=0.274 policy_loss=-0.0182 value_loss=0.0348 entropy=5.8979 clip_frac=0.285 rollout=4.3s train=1.6s transitions=1620
[iter 1049] score=2469 margin=+359 win_rate=0.75 eps=0.274 policy_loss=0.0483 value_loss=0.0541 entropy=5.8431 clip_frac=0.353 rollout=3.5s train=0.8s transitions=1646
[iter 1050] score=2618 margin=+583 win_rate=0.81 eps=0.274 policy_loss=0.0391 value_loss=0.0571 entropy=5.6559 clip_frac=0.348 rollout=2.2s train=0.6s transitions=1640
[iter 1051] score=2336 margin=-142 win_rate=0.56 eps=0.274 policy_loss=0.0251 value_loss=0.0859 entropy=5.8209 clip_frac=0.246 rollout=4.1s train=1.0s transitions=1631
[iter 1052] score=3117 margin=+554 win_rate=0.62 eps=0.274 policy_loss=0.0177 value_loss=0.0703 entropy=5.7620 clip_frac=0.279 rollout=5.1s train=1.3s transitions=1635
[iter 1053] score=2884 margin=+460 win_rate=0.69 eps=0.274 policy_loss=0.0065 value_loss=0.0347 entropy=5.8108 clip_frac=0.268 rollout=2.1s train=1.0s transitions=1638
[iter 1054] score=2529 margin=-325 win_rate=0.50 eps=0.274 policy_loss=-0.0100 value_loss=0.0825 entropy=5.8399 clip_frac=0.349 rollout=3.5s train=1.1s transitions=1641
[iter 1055] score=2401 margin=-16 win_rate=0.62 eps=0.274 policy_loss=0.0043 value_loss=0.0654 entropy=5.7430 clip_frac=0.297 rollout=4.3s train=1.3s transitions=1636
[iter 1056] score=2910 margin=+119 win_rate=0.62 eps=0.274 policy_loss=0.0166 value_loss=0.0440 entropy=5.6092 clip_frac=0.343 rollout=2.2s train=1.1s transitions=1606
[iter 1057] score=2409 margin=+215 win_rate=0.62 eps=0.274 policy_loss=0.0648 value_loss=0.0505 entropy=5.4853 clip_frac=0.543 rollout=3.4s train=0.8s transitions=1595
[iter 1058] score=2945 margin=+343 win_rate=0.75 eps=0.274 policy_loss=0.1029 value_loss=0.0533 entropy=5.2699 clip_frac=0.490 rollout=4.5s train=1.4s transitions=1584
[iter 1059] score=2825 margin=-365 win_rate=0.50 eps=0.274 policy_loss=0.0190 value_loss=0.1084 entropy=5.6559 clip_frac=0.309 rollout=2.2s train=1.0s transitions=1603
[iter 1060] score=2552 margin=+35 win_rate=0.75 eps=0.273 policy_loss=-0.0041 value_loss=0.0856 entropy=5.3757 clip_frac=0.370 rollout=4.5s train=0.8s transitions=1655
[iter 1061] score=2469 margin=+4 win_rate=0.69 eps=0.273 policy_loss=0.0163 value_loss=0.0436 entropy=5.2056 clip_frac=0.394 rollout=5.1s train=1.1s transitions=1669
[iter 1062] score=2906 margin=-112 win_rate=0.62 eps=0.273 policy_loss=0.0490 value_loss=0.1135 entropy=5.0695 clip_frac=0.435 rollout=4.7s train=0.7s transitions=1643
[iter 1063] score=2154 margin=+11 win_rate=0.56 eps=0.273 policy_loss=0.0385 value_loss=0.0571 entropy=5.2172 clip_frac=0.390 rollout=5.0s train=0.7s transitions=1631
[iter 1064] score=3005 margin=-461 win_rate=0.44 eps=0.273 policy_loss=0.1038 value_loss=0.1288 entropy=5.2112 clip_frac=0.465 rollout=5.6s train=0.7s transitions=1670
[iter 1065] score=2505 margin=-216 win_rate=0.56 eps=0.273 policy_loss=0.1732 value_loss=0.0857 entropy=5.2825 clip_frac=0.705 rollout=5.8s train=1.1s transitions=1606
[iter 1066] score=2084 margin=-443 win_rate=0.56 eps=0.273 policy_loss=0.0324 value_loss=0.1056 entropy=5.3721 clip_frac=0.461 rollout=4.5s train=0.8s transitions=1598
[iter 1067] score=2162 margin=-299 win_rate=0.50 eps=0.273 policy_loss=0.0045 value_loss=0.0717 entropy=5.3020 clip_frac=0.330 rollout=4.2s train=0.9s transitions=1632
[iter 1068] score=2647 margin=-267 win_rate=0.50 eps=0.273 policy_loss=0.0440 value_loss=0.1386 entropy=5.0301 clip_frac=0.401 rollout=6.5s train=0.9s transitions=1592
[iter 1069] score=2633 margin=-157 win_rate=0.50 eps=0.273 policy_loss=0.0261 value_loss=0.0629 entropy=5.3963 clip_frac=0.496 rollout=5.0s train=0.7s transitions=1582
[iter 1070] score=2000 margin=-54 win_rate=0.69 eps=0.273 policy_loss=0.0292 value_loss=0.0670 entropy=5.2634 clip_frac=0.423 rollout=2.9s train=0.6s transitions=1648
[iter 1071] score=2511 margin=-123 win_rate=0.56 eps=0.273 policy_loss=-0.0056 value_loss=0.0866 entropy=5.0888 clip_frac=0.328 rollout=2.2s train=0.6s transitions=1617
[iter 1072] score=3133 margin=+478 win_rate=0.75 eps=0.273 policy_loss=0.0580 value_loss=0.0719 entropy=4.8844 clip_frac=0.361 rollout=3.0s train=1.0s transitions=1605
[iter 1073] score=2401 margin=-214 win_rate=0.50 eps=0.273 policy_loss=0.1015 value_loss=0.0933 entropy=5.1833 clip_frac=0.312 rollout=3.9s train=0.6s transitions=1578
[iter 1074] score=2657 margin=-518 win_rate=0.56 eps=0.273 policy_loss=-0.0024 value_loss=0.0920 entropy=5.3210 clip_frac=0.380 rollout=4.4s train=1.6s transitions=1600
[iter 1075] score=2615 margin=-39 win_rate=0.56 eps=0.273 policy_loss=0.0144 value_loss=0.0635 entropy=5.3022 clip_frac=0.285 rollout=2.5s train=1.4s transitions=1622
[iter 1076] score=2582 margin=+88 win_rate=0.50 eps=0.273 policy_loss=0.0214 value_loss=0.0599 entropy=5.2984 clip_frac=0.360 rollout=3.0s train=1.1s transitions=1612
[iter 1077] score=2755 margin=+641 win_rate=0.88 eps=0.273 policy_loss=0.0454 value_loss=0.0467 entropy=5.3157 clip_frac=0.370 rollout=4.4s train=1.3s transitions=1630
[iter 1078] score=2350 margin=+91 win_rate=0.62 eps=0.273 policy_loss=0.0089 value_loss=0.0548 entropy=5.3764 clip_frac=0.306 rollout=2.3s train=1.0s transitions=1619
[iter 1079] score=2554 margin=-284 win_rate=0.44 eps=0.273 policy_loss=0.0052 value_loss=0.0693 entropy=5.6686 clip_frac=0.343 rollout=4.5s train=1.1s transitions=1599
[iter 1080] score=2367 margin=-142 win_rate=0.62 eps=0.273 policy_loss=0.0030 value_loss=0.0513 entropy=5.5712 clip_frac=0.303 rollout=4.1s train=0.8s transitions=1666
[iter 1081] score=2006 margin=-538 win_rate=0.44 eps=0.273 policy_loss=0.0260 value_loss=0.0911 entropy=5.5310 clip_frac=0.188 rollout=2.2s train=0.9s transitions=1639
[iter 1082] score=2074 margin=-603 win_rate=0.25 eps=0.273 policy_loss=0.0131 value_loss=0.0615 entropy=5.7105 clip_frac=0.260 rollout=3.9s train=1.0s transitions=1602
[iter 1083] score=2254 margin=+96 win_rate=0.62 eps=0.273 policy_loss=0.0291 value_loss=0.0669 entropy=5.4100 clip_frac=0.329 rollout=4.5s train=1.2s transitions=1606
[iter 1084] score=2615 margin=-775 win_rate=0.38 eps=0.273 policy_loss=0.0816 value_loss=0.1617 entropy=5.4568 clip_frac=0.355 rollout=2.3s train=0.7s transitions=1648
[iter 1085] score=3171 margin=-449 win_rate=0.56 eps=0.273 policy_loss=0.0281 value_loss=0.0807 entropy=5.5207 clip_frac=0.244 rollout=3.8s train=0.9s transitions=1678
[iter 1086] score=2048 margin=-188 win_rate=0.62 eps=0.273 policy_loss=0.0628 value_loss=0.0540 entropy=5.3739 clip_frac=0.383 rollout=5.1s train=1.0s transitions=1667
[iter 1087] score=2550 margin=-350 win_rate=0.56 eps=0.273 policy_loss=0.0376 value_loss=0.1873 entropy=5.3512 clip_frac=0.349 rollout=2.2s train=0.9s transitions=1632
[iter 1088] score=2406 margin=-56 win_rate=0.69 eps=0.273 policy_loss=0.0117 value_loss=0.0384 entropy=5.4041 clip_frac=0.317 rollout=3.5s train=1.1s transitions=1643
[iter 1089] score=2182 margin=-204 win_rate=0.56 eps=0.273 policy_loss=0.0161 value_loss=0.0560 entropy=5.4453 clip_frac=0.316 rollout=3.9s train=0.8s transitions=1652
[iter 1090] score=2202 margin=-150 win_rate=0.62 eps=0.273 policy_loss=0.0374 value_loss=0.1196 entropy=5.3739 clip_frac=0.385 rollout=2.1s train=0.8s transitions=1602
[iter 1091] score=2887 margin=+341 win_rate=0.69 eps=0.273 policy_loss=0.0734 value_loss=0.1057 entropy=5.2966 clip_frac=0.370 rollout=3.9s train=1.1s transitions=1697
[iter 1092] score=2380 margin=-31 win_rate=0.50 eps=0.273 policy_loss=0.0124 value_loss=0.0600 entropy=5.5800 clip_frac=0.286 rollout=4.2s train=1.3s transitions=1608
[iter 1093] score=2521 margin=+654 win_rate=0.69 eps=0.273 policy_loss=0.0352 value_loss=0.1081 entropy=5.4480 clip_frac=0.389 rollout=2.0s train=0.9s transitions=1604
[iter 1094] score=2632 margin=-262 win_rate=0.50 eps=0.273 policy_loss=0.0603 value_loss=0.0881 entropy=5.6440 clip_frac=0.338 rollout=4.7s train=0.9s transitions=1664
[iter 1095] score=2799 margin=+709 win_rate=0.81 eps=0.273 policy_loss=0.0122 value_loss=0.0845 entropy=5.6302 clip_frac=0.316 rollout=4.4s train=1.6s transitions=1616
[iter 1096] score=3262 margin=-10 win_rate=0.56 eps=0.273 policy_loss=0.1649 value_loss=0.1474 entropy=5.5959 clip_frac=0.395 rollout=2.2s train=1.3s transitions=1713
[iter 1097] score=2340 margin=-108 win_rate=0.50 eps=0.273 policy_loss=0.0720 value_loss=0.0451 entropy=5.7907 clip_frac=0.368 rollout=3.1s train=0.6s transitions=1638
[iter 1098] score=2462 margin=-158 win_rate=0.50 eps=0.273 policy_loss=0.0286 value_loss=0.0420 entropy=5.6768 clip_frac=0.254 rollout=4.3s train=1.6s transitions=1642
[iter 1099] score=2847 margin=+559 win_rate=0.75 eps=0.273 policy_loss=0.0600 value_loss=0.1063 entropy=5.4081 clip_frac=0.391 rollout=2.5s train=1.3s transitions=1611
[iter 1099] checkpoint saved: checkpoints/20260910-090433_iter1100.pt

  eval @ iter 1100 - 100 greedy episodes vs each boss (91s)
boss           score      opp    margin    win   conn   zero
------------------------------------------------------------
level1          1246        0     +1246   1.00    41%     0%
level1Pro       1307       62     +1245   0.99    40%     1%
level2          2977     2453      +523   0.71    95%     0%
level2Pro       3522     3338      +185   0.64   100%     0%

[iter 1100] score=2566 margin=+90 win_rate=0.56 eps=0.272 policy_loss=0.0213 value_loss=0.0606 entropy=5.6185 clip_frac=0.329 rollout=2.7s train=0.6s transitions=1624
[iter 1101] score=2540 margin=+248 win_rate=0.62 eps=0.272 policy_loss=0.0300 value_loss=0.0455 entropy=5.6215 clip_frac=0.338 rollout=4.4s train=1.6s transitions=1631
[iter 1102] score=2581 margin=+252 win_rate=0.56 eps=0.272 policy_loss=0.0314 value_loss=0.0284 entropy=5.3504 clip_frac=0.295 rollout=2.1s train=1.1s transitions=1627
[iter 1103] score=3252 margin=+451 win_rate=0.69 eps=0.272 policy_loss=0.0390 value_loss=0.0597 entropy=5.3686 clip_frac=0.345 rollout=4.5s train=0.6s transitions=1597
[iter 1104] score=3015 margin=+862 win_rate=0.88 eps=0.272 policy_loss=0.0208 value_loss=0.0415 entropy=5.3689 clip_frac=0.328 rollout=4.3s train=1.6s transitions=1632
[iter 1105] score=2996 margin=+393 win_rate=0.50 eps=0.272 policy_loss=0.0483 value_loss=0.0553 entropy=5.4959 clip_frac=0.346 rollout=2.5s train=1.7s transitions=1601
[iter 1106] score=2590 margin=-60 win_rate=0.50 eps=0.272 policy_loss=0.0418 value_loss=0.0410 entropy=5.5785 clip_frac=0.301 rollout=2.7s train=0.7s transitions=1651
[iter 1107] score=3036 margin=+487 win_rate=0.69 eps=0.272 policy_loss=0.0168 value_loss=0.0703 entropy=5.6563 clip_frac=0.325 rollout=4.1s train=1.5s transitions=1628
[iter 1108] score=1988 margin=+208 win_rate=0.50 eps=0.272 policy_loss=0.0469 value_loss=0.0452 entropy=5.4375 clip_frac=0.307 rollout=4.3s train=0.8s transitions=1651
[iter 1109] score=3104 margin=+143 win_rate=0.50 eps=0.272 policy_loss=0.0325 value_loss=0.0753 entropy=5.5233 clip_frac=0.390 rollout=2.3s train=0.8s transitions=1631
[iter 1110] score=2695 margin=+190 win_rate=0.62 eps=0.272 policy_loss=0.0195 value_loss=0.0346 entropy=5.3104 clip_frac=0.361 rollout=4.6s train=0.7s transitions=1619
[iter 1111] score=2704 margin=+100 win_rate=0.69 eps=0.272 policy_loss=0.0208 value_loss=0.0314 entropy=4.9830 clip_frac=0.274 rollout=4.3s train=1.6s transitions=1644
[iter 1112] score=3641 margin=+493 win_rate=0.62 eps=0.272 policy_loss=0.0425 value_loss=0.0736 entropy=5.2627 clip_frac=0.323 rollout=2.3s train=1.4s transitions=1643
[iter 1113] score=2335 margin=+141 win_rate=0.50 eps=0.272 policy_loss=0.0332 value_loss=0.0488 entropy=5.3153 clip_frac=0.351 rollout=2.8s train=0.6s transitions=1620
[iter 1114] score=2455 margin=+22 win_rate=0.56 eps=0.272 policy_loss=0.0310 value_loss=0.0509 entropy=5.5424 clip_frac=0.219 rollout=4.3s train=1.6s transitions=1589
[iter 1115] score=3178 margin=+405 win_rate=0.56 eps=0.272 policy_loss=0.0420 value_loss=0.0717 entropy=5.2521 clip_frac=0.349 rollout=2.2s train=1.4s transitions=1626
[iter 1116] score=2299 margin=-52 win_rate=0.44 eps=0.272 policy_loss=0.1289 value_loss=0.0371 entropy=5.3975 clip_frac=0.309 rollout=2.7s train=0.7s transitions=1637
[iter 1117] score=2623 margin=+268 win_rate=0.50 eps=0.272 policy_loss=0.0088 value_loss=0.0517 entropy=5.5052 clip_frac=0.312 rollout=4.6s train=2.7s transitions=1648
[iter 1118] score=2475 margin=+40 win_rate=0.56 eps=0.272 policy_loss=0.0133 value_loss=0.0554 entropy=5.5513 clip_frac=0.293 rollout=3.2s train=1.2s transitions=1669
[iter 1119] score=3068 margin=+323 win_rate=0.56 eps=0.272 policy_loss=0.0947 value_loss=0.0576 entropy=5.4407 clip_frac=0.445 rollout=2.5s train=0.6s transitions=1629
[iter 1120] score=2087 margin=+32 win_rate=0.56 eps=0.272 policy_loss=0.0948 value_loss=0.0311 entropy=5.4631 clip_frac=0.300 rollout=4.1s train=1.6s transitions=1617
[iter 1121] score=2929 margin=+18 win_rate=0.50 eps=0.272 policy_loss=0.0208 value_loss=0.0319 entropy=5.7440 clip_frac=0.333 rollout=2.8s train=1.2s transitions=1641
[iter 1122] score=2103 margin=+301 win_rate=0.62 eps=0.272 policy_loss=0.0714 value_loss=0.0328 entropy=5.4783 clip_frac=0.290 rollout=2.5s train=0.6s transitions=1618
[iter 1123] score=3209 margin=+384 win_rate=0.69 eps=0.272 policy_loss=0.0685 value_loss=0.0449 entropy=5.6968 clip_frac=0.376 rollout=4.5s train=1.6s transitions=1655
[iter 1124] score=2703 margin=+238 win_rate=0.56 eps=0.272 policy_loss=0.0189 value_loss=0.0422 entropy=5.6676 clip_frac=0.223 rollout=2.3s train=1.4s transitions=1661
[iter 1125] score=3204 margin=+756 win_rate=0.75 eps=0.272 policy_loss=0.0165 value_loss=0.0657 entropy=5.5239 clip_frac=0.255 rollout=4.0s train=0.7s transitions=1659
[iter 1126] score=2593 margin=+73 win_rate=0.56 eps=0.272 policy_loss=0.0425 value_loss=0.0508 entropy=5.5141 clip_frac=0.256 rollout=4.2s train=1.1s transitions=1623
[iter 1127] score=3573 margin=+924 win_rate=0.69 eps=0.272 policy_loss=0.1150 value_loss=0.0839 entropy=5.5618 clip_frac=0.471 rollout=4.3s train=1.2s transitions=1619
[iter 1128] score=1967 margin=-119 win_rate=0.38 eps=0.272 policy_loss=0.0295 value_loss=0.0726 entropy=5.5646 clip_frac=0.252 rollout=2.1s train=1.1s transitions=1635
[iter 1129] score=2237 margin=-216 win_rate=0.50 eps=0.272 policy_loss=0.0551 value_loss=0.0494 entropy=5.6387 clip_frac=0.220 rollout=3.5s train=0.6s transitions=1662
[iter 1130] score=2596 margin=-155 win_rate=0.44 eps=0.272 policy_loss=0.0432 value_loss=0.0611 entropy=5.7920 clip_frac=0.313 rollout=4.3s train=1.7s transitions=1673
[iter 1131] score=3478 margin=+100 win_rate=0.56 eps=0.272 policy_loss=0.0434 value_loss=0.0920 entropy=5.5090 clip_frac=0.315 rollout=3.0s train=1.1s transitions=1636
[iter 1132] score=2539 margin=-438 win_rate=0.31 eps=0.272 policy_loss=0.0858 value_loss=0.1041 entropy=5.5736 clip_frac=0.255 rollout=3.4s train=0.7s transitions=1608
[iter 1133] score=2104 margin=-108 win_rate=0.44 eps=0.272 policy_loss=0.0168 value_loss=0.0396 entropy=5.7981 clip_frac=0.175 rollout=4.1s train=1.1s transitions=1670
[iter 1134] score=2642 margin=+197 win_rate=0.56 eps=0.272 policy_loss=0.0208 value_loss=0.0397 entropy=5.6865 clip_frac=0.136 rollout=4.2s train=1.2s transitions=1634
[iter 1135] score=2732 margin=+33 win_rate=0.50 eps=0.272 policy_loss=0.0218 value_loss=0.0387 entropy=5.7397 clip_frac=0.224 rollout=2.3s train=1.0s transitions=1653
[iter 1136] score=2411 margin=+162 win_rate=0.69 eps=0.272 policy_loss=0.0093 value_loss=0.1022 entropy=5.6686 clip_frac=0.203 rollout=3.4s train=0.7s transitions=1635
[iter 1137] score=2763 margin=-66 win_rate=0.44 eps=0.272 policy_loss=0.0259 value_loss=0.0560 entropy=5.7350 clip_frac=0.289 rollout=4.3s train=1.6s transitions=1663
[iter 1138] score=3225 margin=+521 win_rate=0.75 eps=0.272 policy_loss=0.0509 value_loss=0.0586 entropy=5.7148 clip_frac=0.348 rollout=2.2s train=1.2s transitions=1592
[iter 1139] score=2263 margin=+61 win_rate=0.50 eps=0.272 policy_loss=0.0703 value_loss=0.0549 entropy=5.6702 clip_frac=0.301 rollout=4.1s train=0.7s transitions=1607
[iter 1140] score=3048 margin=+209 win_rate=0.69 eps=0.271 policy_loss=0.0301 value_loss=0.0731 entropy=5.7649 clip_frac=0.362 rollout=4.5s train=1.6s transitions=1643
[iter 1141] score=3111 margin=+130 win_rate=0.69 eps=0.271 policy_loss=0.0202 value_loss=0.0561 entropy=5.8795 clip_frac=0.300 rollout=2.8s train=1.6s transitions=1687
[iter 1142] score=3002 margin=+684 win_rate=0.75 eps=0.271 policy_loss=0.0145 value_loss=0.0635 entropy=5.7797 clip_frac=0.235 rollout=2.3s train=0.7s transitions=1633
[iter 1143] score=2373 margin=+286 win_rate=0.69 eps=0.271 policy_loss=0.0141 value_loss=0.0431 entropy=5.8062 clip_frac=0.260 rollout=4.2s train=1.4s transitions=1620
[iter 1144] score=3017 margin=+181 win_rate=0.62 eps=0.271 policy_loss=0.0113 value_loss=0.0499 entropy=5.7861 clip_frac=0.269 rollout=3.9s train=0.8s transitions=1649
[iter 1145] score=3049 margin=+189 win_rate=0.62 eps=0.271 policy_loss=0.0576 value_loss=0.0686 entropy=5.7507 clip_frac=0.353 rollout=2.2s train=0.7s transitions=1600
[iter 1146] score=2692 margin=+6 win_rate=0.56 eps=0.271 policy_loss=0.0145 value_loss=0.0573 entropy=5.5689 clip_frac=0.224 rollout=4.0s train=1.9s transitions=1651
[iter 1147] score=2479 margin=-5 win_rate=0.50 eps=0.271 policy_loss=0.0373 value_loss=0.0473 entropy=5.5554 clip_frac=0.246 rollout=4.3s train=1.2s transitions=1635
[iter 1148] score=3715 margin=+991 win_rate=0.75 eps=0.271 policy_loss=0.0998 value_loss=0.1686 entropy=5.8003 clip_frac=0.449 rollout=2.2s train=1.0s transitions=1662
[iter 1149] score=2638 margin=+72 win_rate=0.56 eps=0.271 policy_loss=0.0178 value_loss=0.0919 entropy=5.7218 clip_frac=0.263 rollout=3.5s train=0.9s transitions=1625
[iter 1150] score=2315 margin=+73 win_rate=0.62 eps=0.271 policy_loss=-0.0046 value_loss=0.0401 entropy=5.6825 clip_frac=0.183 rollout=4.5s train=1.6s transitions=1660
[iter 1151] score=3170 margin=+659 win_rate=0.81 eps=0.271 policy_loss=0.0354 value_loss=0.0739 entropy=5.8303 clip_frac=0.302 rollout=2.2s train=1.2s transitions=1648
[iter 1152] score=2732 margin=+310 win_rate=0.81 eps=0.271 policy_loss=-0.0165 value_loss=0.0350 entropy=5.7382 clip_frac=0.217 rollout=3.2s train=0.6s transitions=1616
[iter 1153] score=2766 margin=+247 win_rate=0.62 eps=0.271 policy_loss=0.0060 value_loss=0.0503 entropy=5.6617 clip_frac=0.284 rollout=4.6s train=2.5s transitions=1615
[iter 1154] score=2745 margin=+336 win_rate=0.56 eps=0.271 policy_loss=0.0605 value_loss=0.0634 entropy=5.6535 clip_frac=0.340 rollout=3.5s train=1.0s transitions=1585
[iter 1155] score=2348 margin=-170 win_rate=0.50 eps=0.271 policy_loss=0.0469 value_loss=0.0664 entropy=5.6891 clip_frac=0.279 rollout=2.5s train=0.7s transitions=1655
[iter 1156] score=2512 margin=+356 win_rate=0.75 eps=0.271 policy_loss=0.0195 value_loss=0.0473 entropy=5.7321 clip_frac=0.308 rollout=4.1s train=1.4s transitions=1641
[iter 1157] score=2442 margin=+265 win_rate=0.75 eps=0.271 policy_loss=0.0624 value_loss=0.0789 entropy=5.6434 clip_frac=0.251 rollout=3.9s train=0.8s transitions=1633
[iter 1158] score=2821 margin=+486 win_rate=0.69 eps=0.271 policy_loss=0.0360 value_loss=0.0366 entropy=5.6225 clip_frac=0.272 rollout=2.1s train=0.8s transitions=1632
[iter 1159] score=2683 margin=-178 win_rate=0.62 eps=0.271 policy_loss=0.0023 value_loss=0.0545 entropy=5.4828 clip_frac=0.266 rollout=3.8s train=1.3s transitions=1635
[iter 1160] score=2765 margin=+485 win_rate=0.69 eps=0.271 policy_loss=0.0467 value_loss=0.0525 entropy=5.6284 clip_frac=0.244 rollout=4.2s train=1.1s transitions=1610
[iter 1161] score=2656 margin=+522 win_rate=0.62 eps=0.271 policy_loss=0.0392 value_loss=0.0486 entropy=5.7119 clip_frac=0.265 rollout=3.0s train=1.0s transitions=1679
[iter 1162] score=2874 margin=+114 win_rate=0.56 eps=0.271 policy_loss=0.0153 value_loss=0.0535 entropy=5.7200 clip_frac=0.236 rollout=3.5s train=1.0s transitions=1674
[iter 1163] score=2589 margin=+767 win_rate=0.88 eps=0.271 policy_loss=0.0687 value_loss=0.0532 entropy=5.5128 clip_frac=0.420 rollout=4.4s train=1.6s transitions=1596
[iter 1164] score=2328 margin=+228 win_rate=0.69 eps=0.271 policy_loss=0.0155 value_loss=0.0373 entropy=5.5245 clip_frac=0.252 rollout=2.2s train=1.2s transitions=1620
[iter 1165] score=2387 margin=+330 win_rate=0.75 eps=0.271 policy_loss=0.0118 value_loss=0.0302 entropy=5.6249 clip_frac=0.249 rollout=3.3s train=0.8s transitions=1606
[iter 1166] score=2350 margin=+331 win_rate=0.75 eps=0.271 policy_loss=0.0229 value_loss=0.0388 entropy=5.5851 clip_frac=0.257 rollout=4.8s train=1.6s transitions=1608
[iter 1167] score=2259 margin=+179 win_rate=0.62 eps=0.271 policy_loss=0.0228 value_loss=0.0332 entropy=5.4964 clip_frac=0.264 rollout=2.4s train=1.6s transitions=1666
[iter 1168] score=2552 margin=+327 win_rate=0.75 eps=0.271 policy_loss=0.0089 value_loss=0.0284 entropy=5.4509 clip_frac=0.321 rollout=3.4s train=0.6s transitions=1604
[iter 1169] score=3292 margin=+537 win_rate=0.75 eps=0.271 policy_loss=0.0377 value_loss=0.0367 entropy=5.4566 clip_frac=0.300 rollout=4.3s train=1.6s transitions=1635
[iter 1170] score=2546 margin=+740 win_rate=0.88 eps=0.271 policy_loss=0.0007 value_loss=0.0628 entropy=5.5398 clip_frac=0.289 rollout=2.4s train=1.6s transitions=1645
[iter 1171] score=2719 margin=+364 win_rate=0.75 eps=0.271 policy_loss=-0.0062 value_loss=0.0393 entropy=5.4364 clip_frac=0.196 rollout=2.6s train=0.6s transitions=1651
[iter 1172] score=2373 margin=+400 win_rate=0.69 eps=0.271 policy_loss=0.0727 value_loss=0.0198 entropy=5.5756 clip_frac=0.337 rollout=4.2s train=1.6s transitions=1588
[iter 1173] score=2222 margin=+111 win_rate=0.62 eps=0.271 policy_loss=0.0128 value_loss=0.0615 entropy=5.6293 clip_frac=0.290 rollout=3.1s train=1.3s transitions=1649
[iter 1174] score=2521 margin=+752 win_rate=0.81 eps=0.271 policy_loss=0.0256 value_loss=0.0675 entropy=5.5966 clip_frac=0.210 rollout=2.5s train=0.7s transitions=1674
[iter 1175] score=2282 margin=+186 win_rate=0.44 eps=0.271 policy_loss=0.0025 value_loss=0.0425 entropy=5.7399 clip_frac=0.220 rollout=5.0s train=1.6s transitions=1642
[iter 1176] score=2430 margin=+220 win_rate=0.56 eps=0.271 policy_loss=0.0484 value_loss=0.0474 entropy=5.5870 clip_frac=0.271 rollout=3.0s train=1.0s transitions=1611
[iter 1177] score=2646 margin=-94 win_rate=0.50 eps=0.271 policy_loss=0.0096 value_loss=0.1203 entropy=5.8290 clip_frac=0.206 rollout=2.6s train=0.6s transitions=1622
[iter 1178] score=2561 margin=-202 win_rate=0.50 eps=0.271 policy_loss=0.0042 value_loss=0.0490 entropy=5.8232 clip_frac=0.204 rollout=4.2s train=1.1s transitions=1643
[iter 1179] score=2895 margin=+142 win_rate=0.56 eps=0.271 policy_loss=-0.0020 value_loss=0.0574 entropy=5.8479 clip_frac=0.239 rollout=4.5s train=1.2s transitions=1652
[iter 1180] score=2694 margin=+524 win_rate=0.81 eps=0.270 policy_loss=0.0449 value_loss=0.0581 entropy=5.7827 clip_frac=0.294 rollout=2.2s train=1.1s transitions=1599
[iter 1181] score=1867 margin=-593 win_rate=0.44 eps=0.270 policy_loss=0.0674 value_loss=0.1172 entropy=5.7801 clip_frac=0.222 rollout=3.6s train=0.6s transitions=1636
[iter 1182] score=3000 margin=+203 win_rate=0.62 eps=0.270 policy_loss=0.0296 value_loss=0.0680 entropy=5.8514 clip_frac=0.324 rollout=4.4s train=2.4s transitions=1625
[iter 1183] score=2913 margin=+294 win_rate=0.56 eps=0.270 policy_loss=-0.0010 value_loss=0.0563 entropy=5.7498 clip_frac=0.256 rollout=2.2s train=1.4s transitions=1630
[iter 1184] score=2640 margin=+874 win_rate=0.88 eps=0.270 policy_loss=0.1003 value_loss=0.0620 entropy=5.4962 clip_frac=0.412 rollout=2.9s train=0.6s transitions=1651
[iter 1185] score=2773 margin=-129 win_rate=0.44 eps=0.270 policy_loss=0.0462 value_loss=0.1599 entropy=5.6642 clip_frac=0.335 rollout=4.2s train=1.6s transitions=1585
[iter 1186] score=2424 margin=-457 win_rate=0.31 eps=0.270 policy_loss=0.0107 value_loss=0.0808 entropy=5.6991 clip_frac=0.212 rollout=3.5s train=0.9s transitions=1630
[iter 1187] score=2210 margin=-262 win_rate=0.38 eps=0.270 policy_loss=-0.0036 value_loss=0.0313 entropy=5.7176 clip_frac=0.184 rollout=2.4s train=0.6s transitions=1636
[iter 1188] score=2836 margin=+104 win_rate=0.62 eps=0.270 policy_loss=0.0335 value_loss=0.0749 entropy=5.5526 clip_frac=0.284 rollout=4.4s train=1.0s transitions=1671
[iter 1189] score=2712 margin=+195 win_rate=0.69 eps=0.270 policy_loss=0.0205 value_loss=0.0385 entropy=5.5773 clip_frac=0.269 rollout=4.3s train=2.1s transitions=1644
[iter 1190] score=2927 margin=-343 win_rate=0.31 eps=0.270 policy_loss=-0.0019 value_loss=0.0650 entropy=5.7353 clip_frac=0.304 rollout=2.3s train=0.8s transitions=1623
[iter 1191] score=2853 margin=+151 win_rate=0.69 eps=0.270 policy_loss=-0.0035 value_loss=0.0608 entropy=5.6903 clip_frac=0.220 rollout=3.8s train=0.9s transitions=1662
[iter 1192] score=2448 margin=-184 win_rate=0.56 eps=0.270 policy_loss=-0.0323 value_loss=0.0489 entropy=5.7106 clip_frac=0.251 rollout=4.4s train=1.2s transitions=1650
[iter 1193] score=2365 margin=-183 win_rate=0.38 eps=0.270 policy_loss=-0.0002 value_loss=0.0547 entropy=5.4843 clip_frac=0.196 rollout=2.1s train=1.0s transitions=1627
[iter 1194] score=2763 margin=+452 win_rate=0.75 eps=0.270 policy_loss=0.0153 value_loss=0.0456 entropy=5.5995 clip_frac=0.281 rollout=3.5s train=1.0s transitions=1626
[iter 1195] score=2889 margin=+548 win_rate=0.81 eps=0.270 policy_loss=-0.0033 value_loss=0.0403 entropy=5.5092 clip_frac=0.243 rollout=4.5s train=1.4s transitions=1705
[iter 1196] score=2197 margin=-154 win_rate=0.56 eps=0.270 policy_loss=0.0860 value_loss=0.1040 entropy=5.6632 clip_frac=0.287 rollout=2.0s train=0.9s transitions=1568
[iter 1197] score=2730 margin=+273 win_rate=0.69 eps=0.270 policy_loss=0.0124 value_loss=0.0645 entropy=5.5433 clip_frac=0.245 rollout=4.5s train=0.9s transitions=1613
[iter 1198] score=2615 margin=+495 win_rate=0.94 eps=0.270 policy_loss=0.0214 value_loss=0.0284 entropy=5.5227 clip_frac=0.207 rollout=4.5s train=1.7s transitions=1604
[iter 1199] score=2544 margin=-41 win_rate=0.56 eps=0.270 policy_loss=0.0229 value_loss=0.0556 entropy=5.6788 clip_frac=0.244 rollout=2.3s train=0.8s transitions=1623
[iter 1199] checkpoint saved: checkpoints/20260910-090433_iter1200.pt

  eval @ iter 1200 - 100 greedy episodes vs each boss (105s)
boss           score      opp    margin    win   conn   zero
------------------------------------------------------------
level1          1021        0     +1021   1.00    33%     0%
level1Pro       1085       52     +1033   1.00    36%     0%
level2          2784     2402      +382   0.69    96%     0%
level2Pro       3279     3281        -1   0.62   100%     0%

[iter 1200] score=2750 margin=-38 win_rate=0.50 eps=0.270 policy_loss=0.0034 value_loss=0.0501 entropy=5.6619 clip_frac=0.275 rollout=2.2s train=1.2s transitions=1622
[iter 1201] score=1991 margin=-235 win_rate=0.50 eps=0.270 policy_loss=-0.0114 value_loss=0.0443 entropy=5.6660 clip_frac=0.213 rollout=3.4s train=0.6s transitions=1634
[iter 1202] score=2661 margin=+427 win_rate=0.75 eps=0.270 policy_loss=0.0402 value_loss=0.0708 entropy=5.3137 clip_frac=0.294 rollout=4.4s train=1.6s transitions=1661
[iter 1203] score=2892 margin=+674 win_rate=0.75 eps=0.270 policy_loss=0.0031 value_loss=0.0348 entropy=5.3422 clip_frac=0.220 rollout=4.1s train=1.2s transitions=1669
[iter 1204] score=2107 margin=-26 win_rate=0.56 eps=0.270 policy_loss=0.0302 value_loss=0.0503 entropy=5.5465 clip_frac=0.220 rollout=2.4s train=0.6s transitions=1610
[iter 1205] score=2177 margin=+163 win_rate=0.69 eps=0.270 policy_loss=0.0184 value_loss=0.0330 entropy=5.2870 clip_frac=0.265 rollout=4.2s train=1.1s transitions=1636
[iter 1206] score=2482 margin=+16 win_rate=0.56 eps=0.270 policy_loss=0.3028 value_loss=0.0425 entropy=5.3377 clip_frac=0.341 rollout=4.0s train=0.9s transitions=1599
[iter 1207] score=2708 margin=+205 win_rate=0.56 eps=0.270 policy_loss=0.0299 value_loss=0.0352 entropy=5.7504 clip_frac=0.282 rollout=2.3s train=0.8s transitions=1669
[iter 1208] score=2532 margin=+185 win_rate=0.56 eps=0.270 policy_loss=0.0307 value_loss=0.0592 entropy=5.5539 clip_frac=0.269 rollout=3.9s train=1.1s transitions=1631
[iter 1209] score=2258 margin=+296 win_rate=0.62 eps=0.270 policy_loss=0.0153 value_loss=0.0361 entropy=5.5364 clip_frac=0.230 rollout=4.2s train=1.2s transitions=1616
[iter 1210] score=2312 margin=-230 win_rate=0.44 eps=0.270 policy_loss=0.1071 value_loss=0.1045 entropy=5.5296 clip_frac=0.321 rollout=3.1s train=1.1s transitions=1667
[iter 1211] score=2584 margin=+156 win_rate=0.50 eps=0.270 policy_loss=0.0120 value_loss=0.0527 entropy=5.7679 clip_frac=0.238 rollout=3.6s train=0.8s transitions=1657
[iter 1212] score=2465 margin=+71 win_rate=0.50 eps=0.270 policy_loss=-0.0136 value_loss=0.0431 entropy=5.7776 clip_frac=0.189 rollout=4.4s train=1.6s transitions=1658
[iter 1213] score=2770 margin=+580 win_rate=0.69 eps=0.270 policy_loss=0.0163 value_loss=0.0570 entropy=5.3867 clip_frac=0.299 rollout=2.2s train=1.2s transitions=1628
[iter 1214] score=2610 margin=+180 win_rate=0.62 eps=0.270 policy_loss=0.0560 value_loss=0.0597 entropy=5.5377 clip_frac=0.258 rollout=3.5s train=0.7s transitions=1680
[iter 1215] score=2670 margin=+382 win_rate=0.75 eps=0.270 policy_loss=0.0003 value_loss=0.0423 entropy=5.6276 clip_frac=0.220 rollout=4.4s train=1.6s transitions=1640
[iter 1216] score=2180 margin=-343 win_rate=0.50 eps=0.270 policy_loss=0.0109 value_loss=0.0722 entropy=5.7213 clip_frac=0.266 rollout=3.2s train=1.3s transitions=1653
[iter 1217] score=2964 margin=+518 win_rate=0.75 eps=0.270 policy_loss=0.1145 value_loss=0.1327 entropy=5.5625 clip_frac=0.442 rollout=3.8s train=0.7s transitions=1631
[iter 1218] score=1877 margin=-198 win_rate=0.50 eps=0.270 policy_loss=0.0212 value_loss=0.0742 entropy=5.7619 clip_frac=0.230 rollout=4.5s train=1.3s transitions=1595
[iter 1219] score=2612 margin=-174 win_rate=0.50 eps=0.270 policy_loss=-0.0119 value_loss=0.0581 entropy=5.6956 clip_frac=0.273 rollout=4.4s train=0.8s transitions=1618
[iter 1220] score=2124 margin=+104 win_rate=0.62 eps=0.269 policy_loss=0.0132 value_loss=0.0490 entropy=5.5858 clip_frac=0.186 rollout=2.3s train=0.7s transitions=1630
[iter 1221] score=2271 margin=-85 win_rate=0.56 eps=0.269 policy_loss=0.0020 value_loss=0.0637 entropy=5.5748 clip_frac=0.202 rollout=4.2s train=0.8s transitions=1652
[iter 1222] score=2854 margin=+711 win_rate=0.88 eps=0.269 policy_loss=0.0364 value_loss=0.0801 entropy=5.6191 clip_frac=0.337 rollout=4.8s train=1.3s transitions=1627
[iter 1223] score=2714 margin=-125 win_rate=0.62 eps=0.269 policy_loss=0.0319 value_loss=0.1144 entropy=5.5844 clip_frac=0.237 rollout=2.3s train=1.0s transitions=1630
[iter 1224] score=2813 margin=+468 win_rate=0.62 eps=0.269 policy_loss=0.0240 value_loss=0.0572 entropy=5.4387 clip_frac=0.252 rollout=4.7s train=1.1s transitions=1625
[iter 1225] score=2588 margin=+111 win_rate=0.44 eps=0.269 policy_loss=0.0093 value_loss=0.0605 entropy=5.4822 clip_frac=0.200 rollout=4.5s train=1.0s transitions=1652
[iter 1226] score=2020 margin=+39 win_rate=0.62 eps=0.269 policy_loss=-0.0015 value_loss=0.0653 entropy=5.4791 clip_frac=0.197 rollout=2.4s train=0.9s transitions=1625
[iter 1227] score=2785 margin=+521 win_rate=0.75 eps=0.269 policy_loss=0.0513 value_loss=0.0834 entropy=5.5449 clip_frac=0.278 rollout=3.7s train=0.7s transitions=1675
[iter 1228] score=2675 margin=+458 win_rate=0.69 eps=0.269 policy_loss=0.0142 value_loss=0.0772 entropy=5.6634 clip_frac=0.195 rollout=4.3s train=1.7s transitions=1624
[iter 1229] score=2860 margin=+79 win_rate=0.50 eps=0.269 policy_loss=0.0285 value_loss=0.0465 entropy=5.6095 clip_frac=0.259 rollout=2.2s train=1.1s transitions=1604
[iter 1230] score=2073 margin=-317 win_rate=0.44 eps=0.269 policy_loss=0.0256 value_loss=0.0944 entropy=5.5601 clip_frac=0.230 rollout=3.5s train=0.7s transitions=1675
[iter 1231] score=3015 margin=+494 win_rate=0.62 eps=0.269 policy_loss=0.0166 value_loss=0.0770 entropy=5.5807 clip_frac=0.265 rollout=5.2s train=1.6s transitions=1625
[iter 1232] score=3177 margin=+722 win_rate=0.94 eps=0.269 policy_loss=0.0293 value_loss=0.0473 entropy=5.5528 clip_frac=0.269 rollout=2.6s train=1.8s transitions=1668
[iter 1233] score=3206 margin=+390 win_rate=0.69 eps=0.269 policy_loss=0.0422 value_loss=0.0461 entropy=5.5101 clip_frac=0.288 rollout=2.7s train=0.7s transitions=1624
[iter 1234] score=2750 margin=+20 win_rate=0.38 eps=0.269 policy_loss=0.0192 value_loss=0.0638 entropy=5.6106 clip_frac=0.258 rollout=4.1s train=1.0s transitions=1658
[iter 1235] score=3025 margin=+611 win_rate=0.69 eps=0.269 policy_loss=0.0103 value_loss=0.0874 entropy=5.4481 clip_frac=0.192 rollout=4.4s train=1.2s transitions=1590
[iter 1236] score=3392 margin=+843 win_rate=0.75 eps=0.269 policy_loss=0.1497 value_loss=0.0576 entropy=5.5845 clip_frac=0.289 rollout=2.4s train=1.2s transitions=1653
[iter 1237] score=2801 margin=-190 win_rate=0.50 eps=0.269 policy_loss=0.0361 value_loss=0.1312 entropy=5.8880 clip_frac=0.261 rollout=3.4s train=0.7s transitions=1613
[iter 1238] score=1835 margin=-608 win_rate=0.38 eps=0.269 policy_loss=0.0030 value_loss=0.0832 entropy=5.7897 clip_frac=0.140 rollout=5.5s train=1.7s transitions=1663
[iter 1239] score=2347 margin=+3 win_rate=0.44 eps=0.269 policy_loss=-0.0058 value_loss=0.0729 entropy=5.7421 clip_frac=0.214 rollout=3.8s train=0.9s transitions=1651
[iter 1240] score=2442 margin=-127 win_rate=0.62 eps=0.269 policy_loss=0.0120 value_loss=0.0709 entropy=5.6821 clip_frac=0.185 rollout=2.3s train=0.8s transitions=1683
[iter 1241] score=3235 margin=+797 win_rate=0.69 eps=0.269 policy_loss=0.0254 value_loss=0.1489 entropy=5.7185 clip_frac=0.340 rollout=3.9s train=1.0s transitions=1636
[iter 1242] score=2393 margin=+6 win_rate=0.62 eps=0.269 policy_loss=-0.0094 value_loss=0.0584 entropy=5.8060 clip_frac=0.231 rollout=4.4s train=1.2s transitions=1657
[iter 1243] score=1813 margin=-595 win_rate=0.31 eps=0.269 policy_loss=0.0167 value_loss=0.0695 entropy=5.5816 clip_frac=0.181 rollout=2.2s train=1.2s transitions=1645
[iter 1244] score=2970 margin=+37 win_rate=0.56 eps=0.269 policy_loss=0.0495 value_loss=0.0942 entropy=5.6322 clip_frac=0.301 rollout=3.5s train=0.6s transitions=1656
[iter 1245] score=3289 margin=+251 win_rate=0.62 eps=0.269 policy_loss=0.0067 value_loss=0.1090 entropy=5.8337 clip_frac=0.206 rollout=5.6s train=1.7s transitions=1667
[iter 1246] score=2793 margin=+234 win_rate=0.56 eps=0.269 policy_loss=0.0115 value_loss=0.0822 entropy=5.7135 clip_frac=0.230 rollout=3.3s train=1.3s transitions=1640
[iter 1247] score=2909 margin=+355 win_rate=0.62 eps=0.269 policy_loss=-0.0169 value_loss=0.0467 entropy=5.6418 clip_frac=0.222 rollout=2.4s train=0.8s transitions=1655
[iter 1248] score=3649 margin=+595 win_rate=0.75 eps=0.269 policy_loss=0.0233 value_loss=0.1267 entropy=5.6774 clip_frac=0.322 rollout=4.0s train=0.8s transitions=1661
[iter 1249] score=3201 margin=+808 win_rate=0.69 eps=0.269 policy_loss=0.0044 value_loss=0.0719 entropy=5.4599 clip_frac=0.260 rollout=4.5s train=1.6s transitions=1638
[iter 1250] score=2886 margin=+467 win_rate=0.81 eps=0.269 policy_loss=-0.0157 value_loss=0.0457 entropy=5.6164 clip_frac=0.209 rollout=2.2s train=1.2s transitions=1647
[iter 1251] score=3148 margin=+1004 win_rate=0.81 eps=0.269 policy_loss=0.0128 value_loss=0.0386 entropy=5.3857 clip_frac=0.248 rollout=3.3s train=0.6s transitions=1668
[iter 1252] score=3939 margin=+1189 win_rate=0.69 eps=0.269 policy_loss=0.0231 value_loss=0.1424 entropy=5.5647 clip_frac=0.361 rollout=5.5s train=1.6s transitions=1645
[iter 1253] score=2207 margin=+260 win_rate=0.62 eps=0.269 policy_loss=0.0479 value_loss=0.0644 entropy=5.7056 clip_frac=0.226 rollout=2.1s train=1.1s transitions=1608
[iter 1254] score=3301 margin=+555 win_rate=0.69 eps=0.269 policy_loss=0.0881 value_loss=0.0918 entropy=5.6664 clip_frac=0.429 rollout=3.4s train=0.6s transitions=1603
[iter 1255] score=3603 margin=+941 win_rate=0.81 eps=0.269 policy_loss=0.0659 value_loss=0.0745 entropy=5.5492 clip_frac=0.298 rollout=4.4s train=1.6s transitions=1662
[iter 1256] score=2546 margin=+563 win_rate=0.81 eps=0.269 policy_loss=0.0064 value_loss=0.0719 entropy=5.5054 clip_frac=0.225 rollout=2.5s train=1.5s transitions=1640
[iter 1257] score=3511 margin=+799 win_rate=0.75 eps=0.269 policy_loss=-0.0003 value_loss=0.0827 entropy=5.5244 clip_frac=0.272 rollout=2.8s train=0.7s transitions=1619
[iter 1258] score=3361 margin=+669 win_rate=0.81 eps=0.269 policy_loss=0.0293 value_loss=0.0585 entropy=5.5814 clip_frac=0.258 rollout=4.2s train=0.9s transitions=1680
[iter 1259] score=2850 margin=+790 win_rate=0.81 eps=0.269 policy_loss=0.0188 value_loss=0.0690 entropy=5.3853 clip_frac=0.265 rollout=5.5s train=1.6s transitions=1632
[iter 1260] score=2334 margin=+352 win_rate=0.69 eps=0.268 policy_loss=0.0277 value_loss=0.0555 entropy=5.3621 clip_frac=0.278 rollout=2.1s train=1.0s transitions=1675
[iter 1261] score=3678 margin=+1076 win_rate=0.88 eps=0.268 policy_loss=0.0445 value_loss=0.1189 entropy=5.3145 clip_frac=0.388 rollout=3.7s train=1.2s transitions=1609
[iter 1262] score=3040 margin=+789 win_rate=0.75 eps=0.268 policy_loss=0.0210 value_loss=0.0482 entropy=5.5143 clip_frac=0.256 rollout=3.8s train=0.8s transitions=1652
[iter 1263] score=2726 margin=+240 win_rate=0.56 eps=0.268 policy_loss=0.0165 value_loss=0.0933 entropy=5.6308 clip_frac=0.205 rollout=2.3s train=1.0s transitions=1669
[iter 1264] score=2948 margin=+958 win_rate=0.69 eps=0.268 policy_loss=0.0231 value_loss=0.1157 entropy=5.4256 clip_frac=0.224 rollout=3.6s train=0.7s transitions=1678
[iter 1265] score=3635 margin=+1309 win_rate=0.88 eps=0.268 policy_loss=0.0261 value_loss=0.0939 entropy=5.4008 clip_frac=0.270 rollout=4.5s train=1.6s transitions=1660
[iter 1266] score=3054 margin=+493 win_rate=0.62 eps=0.268 policy_loss=0.0229 value_loss=0.0803 entropy=5.4579 clip_frac=0.241 rollout=2.5s train=2.3s transitions=1686
[iter 1267] score=2869 margin=+298 win_rate=0.62 eps=0.268 policy_loss=0.0222 value_loss=0.0918 entropy=5.4530 clip_frac=0.229 rollout=3.1s train=0.6s transitions=1637
[iter 1268] score=2678 margin=+373 win_rate=0.62 eps=0.268 policy_loss=0.0122 value_loss=0.0721 entropy=5.5367 clip_frac=0.254 rollout=4.5s train=1.6s transitions=1619
[iter 1269] score=2441 margin=+636 win_rate=0.69 eps=0.268 policy_loss=0.0236 value_loss=0.0552 entropy=5.5556 clip_frac=0.213 rollout=2.1s train=1.1s transitions=1620
[iter 1270] score=2995 margin=+830 win_rate=0.69 eps=0.268 policy_loss=0.0212 value_loss=0.0616 entropy=5.2887 clip_frac=0.272 rollout=3.4s train=0.6s transitions=1653
[iter 1271] score=3040 margin=+691 win_rate=0.69 eps=0.268 policy_loss=0.0490 value_loss=0.0420 entropy=5.2445 clip_frac=0.237 rollout=4.3s train=1.6s transitions=1635
[iter 1272] score=2630 margin=+662 win_rate=0.81 eps=0.268 policy_loss=0.0042 value_loss=0.0304 entropy=5.4009 clip_frac=0.211 rollout=2.7s train=1.3s transitions=1676
[iter 1273] score=3084 margin=+937 win_rate=0.81 eps=0.268 policy_loss=0.0121 value_loss=0.0572 entropy=5.0888 clip_frac=0.254 rollout=2.6s train=0.7s transitions=1644
[iter 1274] score=3731 margin=+1513 win_rate=1.00 eps=0.268 policy_loss=0.0351 value_loss=0.0822 entropy=4.9891 clip_frac=0.321 rollout=5.1s train=1.0s transitions=1669
[iter 1275] score=3222 margin=+482 win_rate=0.56 eps=0.268 policy_loss=0.0786 value_loss=0.1012 entropy=5.2206 clip_frac=0.299 rollout=4.3s train=1.2s transitions=1675
[iter 1276] score=3593 margin=+1354 win_rate=0.81 eps=0.268 policy_loss=0.0256 value_loss=0.1201 entropy=5.0044 clip_frac=0.250 rollout=2.3s train=0.9s transitions=1645
[iter 1277] score=4302 margin=+2052 win_rate=0.94 eps=0.268 policy_loss=0.0436 value_loss=0.1149 entropy=4.6545 clip_frac=0.355 rollout=3.8s train=0.7s transitions=1675
[iter 1278] score=3149 margin=+732 win_rate=0.69 eps=0.268 policy_loss=0.0406 value_loss=0.1441 entropy=4.9822 clip_frac=0.364 rollout=4.6s train=1.6s transitions=1640
[iter 1279] score=3051 margin=+587 win_rate=0.75 eps=0.268 policy_loss=0.0196 value_loss=0.1123 entropy=5.2027 clip_frac=0.287 rollout=2.2s train=1.0s transitions=1622
[iter 1280] score=3028 margin=+457 win_rate=0.62 eps=0.268 policy_loss=0.1210 value_loss=0.0482 entropy=5.2492 clip_frac=0.338 rollout=3.4s train=0.8s transitions=1651
[iter 1281] score=3162 margin=+706 win_rate=0.81 eps=0.268 policy_loss=0.0396 value_loss=0.0542 entropy=5.3618 clip_frac=0.287 rollout=5.6s train=1.6s transitions=1637
[iter 1282] score=2452 margin=+164 win_rate=0.50 eps=0.268 policy_loss=0.0274 value_loss=0.0791 entropy=5.2645 clip_frac=0.229 rollout=2.2s train=1.2s transitions=1639
[iter 1283] score=2826 margin=-109 win_rate=0.56 eps=0.268 policy_loss=0.0276 value_loss=0.0799 entropy=5.4760 clip_frac=0.223 rollout=3.2s train=0.8s transitions=1651
[iter 1284] score=4435 margin=+1317 win_rate=0.94 eps=0.268 policy_loss=0.1291 value_loss=0.1868 entropy=5.4795 clip_frac=0.443 rollout=4.6s train=1.6s transitions=1663
[iter 1285] score=2377 margin=+474 win_rate=0.50 eps=0.268 policy_loss=0.2070 value_loss=0.1115 entropy=5.5408 clip_frac=0.259 rollout=2.1s train=1.3s transitions=1656
[iter 1286] score=2586 margin=+26 win_rate=0.50 eps=0.268 policy_loss=0.0239 value_loss=0.1292 entropy=5.5626 clip_frac=0.221 rollout=3.2s train=0.8s transitions=1615
[iter 1287] score=3186 margin=+671 win_rate=0.81 eps=0.268 policy_loss=0.0347 value_loss=0.0782 entropy=5.3353 clip_frac=0.295 rollout=4.8s train=2.6s transitions=1693
[iter 1288] score=3227 margin=+1121 win_rate=0.75 eps=0.268 policy_loss=0.0603 value_loss=0.0833 entropy=5.3009 clip_frac=0.195 rollout=2.1s train=1.1s transitions=1676
[iter 1289] score=3101 margin=+646 win_rate=0.62 eps=0.268 policy_loss=-0.0051 value_loss=0.0702 entropy=5.3776 clip_frac=0.212 rollout=3.5s train=0.9s transitions=1622
[iter 1290] score=2364 margin=+28 win_rate=0.50 eps=0.268 policy_loss=0.0129 value_loss=0.0774 entropy=5.5634 clip_frac=0.189 rollout=4.2s train=1.2s transitions=1641
[iter 1291] score=2159 margin=-123 win_rate=0.31 eps=0.268 policy_loss=0.0792 value_loss=0.0844 entropy=5.5942 clip_frac=0.199 rollout=2.2s train=0.9s transitions=1623
[iter 1292] score=2711 margin=+32 win_rate=0.56 eps=0.268 policy_loss=0.0059 value_loss=0.0933 entropy=5.7325 clip_frac=0.199 rollout=3.7s train=1.0s transitions=1660
[iter 1293] score=3636 margin=+1088 win_rate=0.75 eps=0.268 policy_loss=0.1040 value_loss=0.1706 entropy=5.4562 clip_frac=0.444 rollout=4.6s train=1.2s transitions=1635
[iter 1294] score=2989 margin=-303 win_rate=0.38 eps=0.268 policy_loss=0.1678 value_loss=0.2074 entropy=5.3817 clip_frac=0.283 rollout=2.3s train=1.0s transitions=1676
[iter 1295] score=2790 margin=+208 win_rate=0.50 eps=0.268 policy_loss=0.0742 value_loss=0.0574 entropy=5.4175 clip_frac=0.249 rollout=4.5s train=0.7s transitions=1605
[iter 1296] score=2270 margin=-51 win_rate=0.56 eps=0.268 policy_loss=0.1400 value_loss=0.0595 entropy=5.4830 clip_frac=0.227 rollout=4.4s train=1.6s transitions=1630
[iter 1297] score=2450 margin=-10 win_rate=0.44 eps=0.268 policy_loss=-0.0242 value_loss=0.0433 entropy=5.6308 clip_frac=0.145 rollout=2.2s train=1.2s transitions=1639
[iter 1298] score=3281 margin=+486 win_rate=0.69 eps=0.268 policy_loss=0.0815 value_loss=0.1223 entropy=5.5495 clip_frac=0.387 rollout=3.3s train=0.9s transitions=1637
[iter 1299] score=1616 margin=-287 win_rate=0.44 eps=0.268 policy_loss=-0.0029 value_loss=0.0516 entropy=5.5617 clip_frac=0.181 rollout=4.2s train=1.2s transitions=1580
[iter 1299] checkpoint saved: checkpoints/20260910-090433_iter1300.pt

  eval @ iter 1300 - 100 greedy episodes vs each boss (95s)
boss           score      opp    margin    win   conn   zero
------------------------------------------------------------
level1           803        0      +803   0.99    26%     1%
level1Pro        934       49      +885   1.00    32%     0%
level2          3100     2621      +479   0.65    95%     0%
level2Pro       3375     3817      -442   0.41   100%     0%

[iter 1300] score=2133 margin=-1067 win_rate=0.38 eps=0.267 policy_loss=0.0262 value_loss=0.1984 entropy=5.6693 clip_frac=0.212 rollout=2.5s train=1.4s transitions=1665
[iter 1301] score=2039 margin=-818 win_rate=0.38 eps=0.267 policy_loss=-0.0071 value_loss=0.0746 entropy=5.8218 clip_frac=0.127 rollout=3.0s train=0.6s transitions=1651
[iter 1302] score=2490 margin=-201 win_rate=0.44 eps=0.267 policy_loss=0.0023 value_loss=0.0729 entropy=5.7439 clip_frac=0.201 rollout=4.3s train=1.2s transitions=1624
[iter 1303] score=2469 margin=-719 win_rate=0.25 eps=0.267 policy_loss=0.0204 value_loss=0.0857 entropy=5.6034 clip_frac=0.177 rollout=4.8s train=0.7s transitions=1654
[iter 1304] score=3456 margin=+149 win_rate=0.56 eps=0.267 policy_loss=0.0201 value_loss=0.1067 entropy=5.4397 clip_frac=0.235 rollout=2.2s train=0.8s transitions=1638
[iter 1305] score=3012 margin=-182 win_rate=0.50 eps=0.267 policy_loss=0.0145 value_loss=0.0755 entropy=5.7113 clip_frac=0.211 rollout=3.9s train=0.8s transitions=1668
[iter 1306] score=2217 margin=-61 win_rate=0.31 eps=0.267 policy_loss=0.0267 value_loss=0.0965 entropy=5.5205 clip_frac=0.173 rollout=4.3s train=1.6s transitions=1654
[iter 1307] score=2556 margin=+107 win_rate=0.62 eps=0.267 policy_loss=0.0333 value_loss=0.0638 entropy=5.6843 clip_frac=0.164 rollout=2.1s train=1.0s transitions=1644
[iter 1308] score=2783 margin=+416 win_rate=0.75 eps=0.267 policy_loss=0.0297 value_loss=0.0687 entropy=5.7822 clip_frac=0.240 rollout=3.3s train=0.6s transitions=1629
[iter 1309] score=2915 margin=-75 win_rate=0.50 eps=0.267 policy_loss=0.0535 value_loss=0.1105 entropy=5.5869 clip_frac=0.241 rollout=4.4s train=1.6s transitions=1597
[iter 1310] score=3402 margin=+484 win_rate=0.75 eps=0.267 policy_loss=0.0079 value_loss=0.0675 entropy=5.6481 clip_frac=0.220 rollout=3.0s train=2.3s transitions=1647
[iter 1311] score=2538 margin=+418 win_rate=0.56 eps=0.267 policy_loss=0.0521 value_loss=0.0387 entropy=5.5323 clip_frac=0.259 rollout=2.5s train=0.6s transitions=1607
[iter 1312] score=2579 margin=-87 win_rate=0.50 eps=0.267 policy_loss=0.0622 value_loss=0.0667 entropy=5.4265 clip_frac=0.243 rollout=4.3s train=1.3s transitions=1639
[iter 1313] score=2654 margin=-147 win_rate=0.50 eps=0.267 policy_loss=0.0225 value_loss=0.0534 entropy=5.6791 clip_frac=0.247 rollout=4.3s train=0.8s transitions=1628
[iter 1314] score=2915 margin=+537 win_rate=0.69 eps=0.267 policy_loss=0.0135 value_loss=0.0582 entropy=5.6030 clip_frac=0.197 rollout=2.4s train=0.8s transitions=1656
[iter 1315] score=3253 margin=+80 win_rate=0.50 eps=0.267 policy_loss=0.0099 value_loss=0.1094 entropy=5.6619 clip_frac=0.220 rollout=4.0s train=0.8s transitions=1665
[iter 1316] score=2560 margin=+421 win_rate=0.62 eps=0.267 policy_loss=0.0304 value_loss=0.0675 entropy=5.6024 clip_frac=0.227 rollout=4.4s train=1.5s transitions=1593
[iter 1317] score=1897 margin=+107 win_rate=0.50 eps=0.267 policy_loss=0.0313 value_loss=0.0427 entropy=5.5233 clip_frac=0.219 rollout=2.2s train=1.1s transitions=1633
[iter 1318] score=2115 margin=-372 win_rate=0.31 eps=0.267 policy_loss=0.0832 value_loss=0.0940 entropy=5.7005 clip_frac=0.205 rollout=4.3s train=0.6s transitions=1579
[iter 1319] score=2672 margin=+37 win_rate=0.62 eps=0.267 policy_loss=0.0142 value_loss=0.0563 entropy=5.6148 clip_frac=0.220 rollout=5.1s train=0.7s transitions=1663
[iter 1320] score=2368 margin=-698 win_rate=0.31 eps=0.267 policy_loss=0.0546 value_loss=0.1483 entropy=5.8136 clip_frac=0.213 rollout=5.6s train=0.6s transitions=1644
[iter 1321] score=2736 margin=+222 win_rate=0.56 eps=0.267 policy_loss=0.0922 value_loss=0.0633 entropy=5.7487 clip_frac=0.258 rollout=5.0s train=0.9s transitions=1660
[iter 1322] score=2697 margin=+355 win_rate=0.69 eps=0.267 policy_loss=0.0202 value_loss=0.0744 entropy=5.7699 clip_frac=0.159 rollout=4.5s train=0.8s transitions=1666
[iter 1323] score=2478 margin=-234 win_rate=0.38 eps=0.267 policy_loss=0.0019 value_loss=0.0498 entropy=5.8910 clip_frac=0.183 rollout=4.0s train=1.0s transitions=1676
[iter 1324] score=2370 margin=+6 win_rate=0.62 eps=0.267 policy_loss=0.0056 value_loss=0.0760 entropy=5.5759 clip_frac=0.174 rollout=5.6s train=0.8s transitions=1656
[iter 1325] score=3421 margin=+695 win_rate=0.75 eps=0.267 policy_loss=0.0446 value_loss=0.0808 entropy=5.6458 clip_frac=0.257 rollout=3.3s train=0.7s transitions=1658
[iter 1326] score=2674 margin=+360 win_rate=0.69 eps=0.267 policy_loss=-0.0100 value_loss=0.0394 entropy=5.7570 clip_frac=0.147 rollout=6.7s train=1.0s transitions=1648
[iter 1327] score=2522 margin=-117 win_rate=0.44 eps=0.267 policy_loss=0.0052 value_loss=0.0790 entropy=5.5474 clip_frac=0.145 rollout=6.5s train=0.8s transitions=1639
[iter 1328] score=2237 margin=+20 win_rate=0.50 eps=0.267 policy_loss=0.0025 value_loss=0.0480 entropy=5.6931 clip_frac=0.176 rollout=3.5s train=0.7s transitions=1595
[iter 1329] score=2537 margin=+362 win_rate=0.69 eps=0.267 policy_loss=0.0156 value_loss=0.0532 entropy=5.6190 clip_frac=0.250 rollout=2.1s train=0.7s transitions=1622
[iter 1330] score=2491 margin=-516 win_rate=0.25 eps=0.267 policy_loss=0.0555 value_loss=0.1153 entropy=5.8028 clip_frac=0.174 rollout=5.2s train=0.7s transitions=1649
[iter 1331] score=2186 margin=-248 win_rate=0.56 eps=0.267 policy_loss=0.0129 value_loss=0.0714 entropy=5.6962 clip_frac=0.141 rollout=4.9s train=1.6s transitions=1672
[iter 1332] score=3080 margin=+126 win_rate=0.56 eps=0.267 policy_loss=0.2930 value_loss=0.0604 entropy=5.5510 clip_frac=0.320 rollout=2.4s train=1.3s transitions=1727
[iter 1333] score=2738 margin=+196 win_rate=0.56 eps=0.267 policy_loss=0.0597 value_loss=0.0559 entropy=5.8423 clip_frac=0.300 rollout=3.2s train=1.0s transitions=1630
[iter 1334] score=2086 margin=-357 win_rate=0.38 eps=0.267 policy_loss=-0.0114 value_loss=0.0981 entropy=5.8298 clip_frac=0.140 rollout=4.3s train=0.7s transitions=1614
[iter 1335] score=2584 margin=-852 win_rate=0.38 eps=0.267 policy_loss=0.0127 value_loss=0.1549 entropy=6.0172 clip_frac=0.218 rollout=2.4s train=0.8s transitions=1632
[iter 1336] score=2082 margin=-102 win_rate=0.44 eps=0.267 policy_loss=-0.0015 value_loss=0.0660 entropy=5.7697 clip_frac=0.137 rollout=4.0s train=1.1s transitions=1645
[iter 1337] score=1553 margin=-488 win_rate=0.31 eps=0.267 policy_loss=0.0192 value_loss=0.0383 entropy=5.7429 clip_frac=0.149 rollout=4.9s train=0.7s transitions=1656
[iter 1338] score=2500 margin=+479 win_rate=0.62 eps=0.267 policy_loss=0.0471 value_loss=0.1094 entropy=5.8341 clip_frac=0.239 rollout=2.3s train=0.8s transitions=1648
[iter 1339] score=2738 margin=-129 win_rate=0.56 eps=0.267 policy_loss=0.0107 value_loss=0.0694 entropy=5.9210 clip_frac=0.166 rollout=4.0s train=1.6s transitions=1617
[iter 1340] score=2046 margin=-416 win_rate=0.44 eps=0.266 policy_loss=0.0128 value_loss=0.0474 entropy=5.8812 clip_frac=0.140 rollout=3.7s train=0.8s transitions=1681
[iter 1341] score=2475 margin=-278 win_rate=0.31 eps=0.266 policy_loss=0.0108 value_loss=0.0577 entropy=5.7791 clip_frac=0.163 rollout=2.2s train=0.8s transitions=1658
[iter 1342] score=2401 margin=+220 win_rate=0.62 eps=0.266 policy_loss=0.0101 value_loss=0.0380 entropy=5.8404 clip_frac=0.199 rollout=4.3s train=1.4s transitions=1657
[iter 1343] score=2767 margin=+423 win_rate=0.75 eps=0.266 policy_loss=-0.0068 value_loss=0.0406 entropy=5.9775 clip_frac=0.148 rollout=3.7s train=0.9s transitions=1640
[iter 1344] score=2710 margin=+103 win_rate=0.50 eps=0.266 policy_loss=-0.0082 value_loss=0.0441 entropy=5.9934 clip_frac=0.208 rollout=3.3s train=0.7s transitions=1645
[iter 1345] score=2688 margin=+363 win_rate=0.56 eps=0.266 policy_loss=0.0020 value_loss=0.0622 entropy=5.8609 clip_frac=0.167 rollout=4.2s train=1.0s transitions=1610
[iter 1346] score=2511 margin=-57 win_rate=0.50 eps=0.266 policy_loss=0.0004 value_loss=0.0354 entropy=5.8343 clip_frac=0.163 rollout=4.6s train=1.6s transitions=1649
[iter 1347] score=2474 margin=-52 win_rate=0.44 eps=0.266 policy_loss=-0.0184 value_loss=0.0526 entropy=5.8478 clip_frac=0.162 rollout=2.4s train=1.2s transitions=1654
[iter 1348] score=2600 margin=+521 win_rate=0.62 eps=0.266 policy_loss=0.0166 value_loss=0.0433 entropy=5.7684 clip_frac=0.248 rollout=3.5s train=1.2s transitions=1684
[iter 1349] score=2989 margin=+669 win_rate=0.69 eps=0.266 policy_loss=-0.0183 value_loss=0.0410 entropy=5.6656 clip_frac=0.233 rollout=4.4s train=1.3s transitions=1674
[iter 1350] score=3185 margin=+918 win_rate=0.81 eps=0.266 policy_loss=0.0100 value_loss=0.0619 entropy=5.7190 clip_frac=0.240 rollout=2.3s train=1.0s transitions=1651
[iter 1351] score=2959 margin=+820 win_rate=0.88 eps=0.266 policy_loss=-0.0093 value_loss=0.0455 entropy=5.5654 clip_frac=0.200 rollout=4.7s train=0.7s transitions=1621
[iter 1352] score=3542 margin=+928 win_rate=0.88 eps=0.266 policy_loss=-0.0097 value_loss=0.0323 entropy=5.8167 clip_frac=0.222 rollout=4.4s train=1.7s transitions=1643
[iter 1353] score=2901 margin=+773 win_rate=0.75 eps=0.266 policy_loss=0.0232 value_loss=0.0385 entropy=5.5436 clip_frac=0.269 rollout=2.3s train=1.3s transitions=1633
[iter 1354] score=2700 margin=+370 win_rate=0.81 eps=0.266 policy_loss=-0.0197 value_loss=0.0510 entropy=5.3630 clip_frac=0.279 rollout=3.3s train=0.7s transitions=1640
[iter 1355] score=3264 margin=+947 win_rate=0.81 eps=0.266 policy_loss=-0.0019 value_loss=0.0610 entropy=5.4774 clip_frac=0.309 rollout=4.9s train=1.6s transitions=1604
[iter 1356] score=3460 margin=+929 win_rate=0.81 eps=0.266 policy_loss=0.0037 value_loss=0.0498 entropy=5.2663 clip_frac=0.398 rollout=4.1s train=0.8s transitions=1633
[iter 1357] score=3150 margin=+897 win_rate=0.81 eps=0.266 policy_loss=0.0154 value_loss=0.0624 entropy=5.3784 clip_frac=0.302 rollout=2.3s train=0.7s transitions=1651
[iter 1358] score=3552 margin=+1110 win_rate=0.75 eps=0.266 policy_loss=0.0175 value_loss=0.0640 entropy=5.1657 clip_frac=0.286 rollout=5.3s train=1.2s transitions=1615
[iter 1359] score=3828 margin=+1524 win_rate=1.00 eps=0.266 policy_loss=0.0157 value_loss=0.0561 entropy=4.9264 clip_frac=0.331 rollout=4.1s train=0.8s transitions=1637
[iter 1360] score=2940 margin=+783 win_rate=0.75 eps=0.266 policy_loss=0.0604 value_loss=0.1197 entropy=4.9537 clip_frac=0.310 rollout=2.1s train=0.8s transitions=1635
[iter 1361] score=2915 margin=+825 win_rate=0.88 eps=0.266 policy_loss=0.0371 value_loss=0.0342 entropy=5.3772 clip_frac=0.274 rollout=4.2s train=1.2s transitions=1650
[iter 1362] score=2485 margin=+230 win_rate=0.69 eps=0.266 policy_loss=0.0516 value_loss=0.0710 entropy=5.6911 clip_frac=0.225 rollout=4.0s train=1.1s transitions=1636
[iter 1363] score=4086 margin=+972 win_rate=0.69 eps=0.266 policy_loss=0.0732 value_loss=0.0606 entropy=5.4732 clip_frac=0.406 rollout=2.2s train=0.9s transitions=1643
[iter 1364] score=2926 margin=+666 win_rate=0.75 eps=0.266 policy_loss=0.0214 value_loss=0.0569 entropy=5.4579 clip_frac=0.236 rollout=3.5s train=1.4s transitions=1636
[iter 1365] score=3063 margin=+908 win_rate=0.88 eps=0.266 policy_loss=0.0055 value_loss=0.0588 entropy=5.5383 clip_frac=0.177 rollout=4.7s train=0.7s transitions=1609
[iter 1366] score=3779 margin=+1074 win_rate=0.75 eps=0.266 policy_loss=0.0293 value_loss=0.0531 entropy=5.4761 clip_frac=0.328 rollout=2.1s train=0.7s transitions=1625
[iter 1367] score=2687 margin=+386 win_rate=0.50 eps=0.266 policy_loss=0.0437 value_loss=0.0655 entropy=5.6005 clip_frac=0.254 rollout=3.8s train=1.2s transitions=1696
[iter 1368] score=3256 margin=+722 win_rate=0.81 eps=0.266 policy_loss=0.0682 value_loss=0.0691 entropy=5.5291 clip_frac=0.400 rollout=4.4s train=1.1s transitions=1639
[iter 1369] score=2259 margin=+433 win_rate=0.50 eps=0.266 policy_loss=0.0403 value_loss=0.0722 entropy=5.1157 clip_frac=0.247 rollout=2.1s train=0.8s transitions=1593
[iter 1370] score=3581 margin=+922 win_rate=0.81 eps=0.266 policy_loss=0.0119 value_loss=0.0740 entropy=5.4117 clip_frac=0.252 rollout=3.7s train=1.1s transitions=1667
[iter 1371] score=2959 margin=+379 win_rate=0.56 eps=0.266 policy_loss=0.0039 value_loss=0.0703 entropy=5.4303 clip_frac=0.208 rollout=4.3s train=1.4s transitions=1698
[iter 1372] score=2875 margin=+557 win_rate=0.62 eps=0.266 policy_loss=0.0028 value_loss=0.0842 entropy=5.7069 clip_frac=0.208 rollout=2.1s train=1.0s transitions=1629
[iter 1373] score=2013 margin=-647 win_rate=0.44 eps=0.266 policy_loss=0.0273 value_loss=0.1398 entropy=5.7670 clip_frac=0.132 rollout=4.3s train=1.2s transitions=1665
[iter 1374] score=3068 margin=+921 win_rate=0.75 eps=0.266 policy_loss=0.0745 value_loss=0.1467 entropy=5.5191 clip_frac=0.339 rollout=4.1s train=0.9s transitions=1688
[iter 1375] score=2790 margin=+498 win_rate=0.50 eps=0.266 policy_loss=0.0199 value_loss=0.0591 entropy=5.6566 clip_frac=0.157 rollout=2.1s train=0.8s transitions=1647
[iter 1376] score=2549 margin=+487 win_rate=0.62 eps=0.266 policy_loss=0.0027 value_loss=0.0607 entropy=5.6501 clip_frac=0.158 rollout=3.6s train=1.2s transitions=1635
[iter 1377] score=2779 margin=+795 win_rate=0.56 eps=0.266 policy_loss=0.0197 value_loss=0.0767 entropy=5.3896 clip_frac=0.160 rollout=3.8s train=0.8s transitions=1689
[iter 1378] score=2672 margin=+603 win_rate=0.69 eps=0.266 policy_loss=0.0047 value_loss=0.0472 entropy=5.3625 clip_frac=0.174 rollout=2.0s train=0.8s transitions=1640
[iter 1379] score=2936 margin=+779 win_rate=0.62 eps=0.266 policy_loss=0.0300 value_loss=0.0488 entropy=5.4906 clip_frac=0.209 rollout=3.5s train=1.1s transitions=1625
[iter 1380] score=3569 margin=+1010 win_rate=0.56 eps=0.265 policy_loss=0.0246 value_loss=0.0807 entropy=5.3995 clip_frac=0.261 rollout=5.1s train=0.8s transitions=1625
[iter 1381] score=3934 margin=+1499 win_rate=0.75 eps=0.265 policy_loss=-0.0032 value_loss=0.1351 entropy=5.2571 clip_frac=0.182 rollout=2.1s train=0.8s transitions=1684
[iter 1382] score=3039 margin=+571 win_rate=0.62 eps=0.265 policy_loss=0.0123 value_loss=0.0956 entropy=5.3997 clip_frac=0.219 rollout=3.9s train=0.9s transitions=1670
[iter 1383] score=2599 margin=+347 win_rate=0.56 eps=0.265 policy_loss=0.0861 value_loss=0.0967 entropy=5.6047 clip_frac=0.159 rollout=4.3s train=1.6s transitions=1646
[iter 1384] score=3072 margin=+842 win_rate=0.69 eps=0.265 policy_loss=0.0126 value_loss=0.0713 entropy=5.4949 clip_frac=0.180 rollout=2.0s train=1.0s transitions=1675
[iter 1385] score=2762 margin=+312 win_rate=0.56 eps=0.265 policy_loss=0.0141 value_loss=0.0945 entropy=5.4691 clip_frac=0.152 rollout=3.2s train=0.9s transitions=1648
[iter 1386] score=2893 margin=-244 win_rate=0.31 eps=0.265 policy_loss=0.0195 value_loss=0.1239 entropy=5.5434 clip_frac=0.197 rollout=4.2s train=1.6s transitions=1617
[iter 1387] score=3396 margin=+764 win_rate=0.75 eps=0.265 policy_loss=0.0040 value_loss=0.0884 entropy=5.7320 clip_frac=0.158 rollout=2.2s train=0.9s transitions=1665
[iter 1388] score=3965 margin=+638 win_rate=0.62 eps=0.265 policy_loss=0.0048 value_loss=0.0978 entropy=5.6447 clip_frac=0.186 rollout=4.4s train=0.7s transitions=1671
[iter 1389] score=3441 margin=+915 win_rate=0.62 eps=0.265 policy_loss=0.0159 value_loss=0.0802 entropy=5.5657 clip_frac=0.241 rollout=4.4s train=1.6s transitions=1638
[iter 1390] score=2548 margin=-230 win_rate=0.50 eps=0.265 policy_loss=0.1124 value_loss=0.1888 entropy=5.5663 clip_frac=0.310 rollout=2.5s train=1.2s transitions=1578
[iter 1391] score=1935 margin=+8 win_rate=0.44 eps=0.265 policy_loss=0.0079 value_loss=0.0622 entropy=5.6688 clip_frac=0.164 rollout=2.5s train=0.6s transitions=1628
[iter 1392] score=2960 margin=+163 win_rate=0.38 eps=0.265 policy_loss=-0.0047 value_loss=0.0694 entropy=5.7256 clip_frac=0.204 rollout=4.2s train=1.6s transitions=1660
[iter 1393] score=2713 margin=+77 win_rate=0.56 eps=0.265 policy_loss=-0.0058 value_loss=0.0724 entropy=5.6923 clip_frac=0.141 rollout=3.7s train=0.8s transitions=1659
[iter 1394] score=2961 margin=+361 win_rate=0.69 eps=0.265 policy_loss=0.0088 value_loss=0.0653 entropy=5.7223 clip_frac=0.147 rollout=2.1s train=0.8s transitions=1673
[iter 1395] score=2811 margin=+333 win_rate=0.69 eps=0.265 policy_loss=-0.0146 value_loss=0.0606 entropy=5.6961 clip_frac=0.136 rollout=4.8s train=1.2s transitions=1653
[iter 1396] score=3914 margin=+1597 win_rate=0.88 eps=0.265 policy_loss=0.0481 value_loss=0.2281 entropy=5.6195 clip_frac=0.304 rollout=3.8s train=0.7s transitions=1654
[iter 1397] score=3008 margin=+736 win_rate=0.62 eps=0.265 policy_loss=-0.0164 value_loss=0.0556 entropy=5.5036 clip_frac=0.197 rollout=2.1s train=0.7s transitions=1632
[iter 1398] score=3845 margin=+939 win_rate=0.62 eps=0.265 policy_loss=0.0748 value_loss=0.1076 entropy=5.5648 clip_frac=0.217 rollout=3.9s train=1.0s transitions=1596
[iter 1399] score=3387 margin=+673 win_rate=0.69 eps=0.265 policy_loss=-0.0009 value_loss=0.0602 entropy=5.5161 clip_frac=0.164 rollout=4.1s train=1.3s transitions=1628
[iter 1399] checkpoint saved: checkpoints/20260910-090433_iter1400.pt

  eval @ iter 1400 - 100 greedy episodes vs each boss (89s)
boss           score      opp    margin    win   conn   zero
------------------------------------------------------------
level1          2169        0     +2169   1.00    49%     0%
level1Pro       1992       59     +1933   0.99    46%     1%
level2          3834     2375     +1460   0.86    97%     0%
level2Pro       4199     3041     +1159   0.83   100%     0%

[iter 1400] score=3438 margin=+983 win_rate=0.75 eps=0.265 policy_loss=0.0126 value_loss=0.0901 entropy=5.5618 clip_frac=0.221 rollout=2.0s train=0.8s transitions=1639
[iter 1401] score=3202 margin=+1173 win_rate=0.62 eps=0.265 policy_loss=0.0242 value_loss=0.0533 entropy=5.4905 clip_frac=0.218 rollout=4.0s train=1.3s transitions=1649
[iter 1402] score=3935 margin=+1000 win_rate=0.75 eps=0.265 policy_loss=0.0285 value_loss=0.1029 entropy=5.4479 clip_frac=0.242 rollout=4.1s train=0.8s transitions=1651
[iter 1403] score=2734 margin=+208 win_rate=0.50 eps=0.265 policy_loss=0.0210 value_loss=0.1091 entropy=5.6635 clip_frac=0.217 rollout=2.0s train=0.7s transitions=1629
[iter 1404] score=3139 margin=+1182 win_rate=0.81 eps=0.265 policy_loss=0.0305 value_loss=0.1067 entropy=5.4703 clip_frac=0.251 rollout=3.9s train=0.7s transitions=1621
[iter 1405] score=3095 margin=+844 win_rate=0.69 eps=0.265 policy_loss=0.0126 value_loss=0.0703 entropy=5.4922 clip_frac=0.187 rollout=5.2s train=1.6s transitions=1652
[iter 1406] score=3610 margin=+1190 win_rate=0.88 eps=0.265 policy_loss=0.0035 value_loss=0.0600 entropy=5.4711 clip_frac=0.249 rollout=2.0s train=1.1s transitions=1654
[iter 1407] score=3029 margin=+866 win_rate=0.75 eps=0.265 policy_loss=-0.0016 value_loss=0.0558 entropy=5.7237 clip_frac=0.235 rollout=3.2s train=0.6s transitions=1622
[iter 1408] score=3272 margin=+1152 win_rate=0.88 eps=0.265 policy_loss=0.0158 value_loss=0.0602 entropy=5.3176 clip_frac=0.238 rollout=4.3s train=1.6s transitions=1620
[iter 1409] score=2810 margin=+309 win_rate=0.62 eps=0.265 policy_loss=-0.0112 value_loss=0.1337 entropy=5.3695 clip_frac=0.186 rollout=2.2s train=1.2s transitions=1631
[iter 1410] score=3948 margin=+1404 win_rate=0.88 eps=0.265 policy_loss=0.0457 value_loss=0.0928 entropy=5.4007 clip_frac=0.319 rollout=3.1s train=0.6s transitions=1652
[iter 1411] score=3312 margin=+1168 win_rate=0.81 eps=0.265 policy_loss=0.0153 value_loss=0.0484 entropy=5.3724 clip_frac=0.244 rollout=4.3s train=1.6s transitions=1671
[iter 1412] score=2749 margin=+870 win_rate=0.75 eps=0.265 policy_loss=0.0428 value_loss=0.0883 entropy=5.4904 clip_frac=0.237 rollout=2.1s train=1.1s transitions=1689
[iter 1413] score=3431 margin=+708 win_rate=0.75 eps=0.265 policy_loss=-0.0025 value_loss=0.0729 entropy=5.5105 clip_frac=0.249 rollout=4.0s train=1.1s transitions=1657
[iter 1414] score=3227 margin=+377 win_rate=0.69 eps=0.265 policy_loss=0.0486 value_loss=0.1342 entropy=5.4257 clip_frac=0.283 rollout=4.2s train=1.5s transitions=1637
[iter 1415] score=3552 margin=+1393 win_rate=0.81 eps=0.265 policy_loss=0.0063 value_loss=0.1085 entropy=5.4286 clip_frac=0.188 rollout=2.0s train=1.1s transitions=1645
[iter 1416] score=3947 margin=+1553 win_rate=0.69 eps=0.265 policy_loss=0.0329 value_loss=0.1401 entropy=5.2466 clip_frac=0.260 rollout=3.5s train=1.2s transitions=1688
[iter 1417] score=3109 margin=+1020 win_rate=0.81 eps=0.265 policy_loss=0.0165 value_loss=0.0854 entropy=5.3917 clip_frac=0.184 rollout=3.8s train=0.7s transitions=1653
[iter 1418] score=2869 margin=+305 win_rate=0.50 eps=0.265 policy_loss=0.0421 value_loss=0.1686 entropy=5.6897 clip_frac=0.257 rollout=2.0s train=0.6s transitions=1611
[iter 1419] score=3515 margin=+1174 win_rate=0.81 eps=0.265 policy_loss=0.0370 value_loss=0.1716 entropy=5.5094 clip_frac=0.354 rollout=3.9s train=1.4s transitions=1623
[iter 1420] score=2912 margin=+1083 win_rate=0.81 eps=0.264 policy_loss=0.0429 value_loss=0.0411 entropy=5.5696 clip_frac=0.231 rollout=4.6s train=0.7s transitions=1650
[iter 1421] score=3423 margin=+1014 win_rate=0.81 eps=0.264 policy_loss=0.0093 value_loss=0.0673 entropy=5.5174 clip_frac=0.202 rollout=2.3s train=0.9s transitions=1660
[iter 1422] score=3186 margin=+1244 win_rate=0.88 eps=0.264 policy_loss=-0.0043 value_loss=0.0476 entropy=5.2840 clip_frac=0.180 rollout=3.6s train=1.1s transitions=1654
[iter 1423] score=2907 margin=+726 win_rate=0.69 eps=0.264 policy_loss=-0.0002 value_loss=0.0629 entropy=5.4735 clip_frac=0.158 rollout=3.8s train=0.7s transitions=1627
[iter 1424] score=3318 margin=+927 win_rate=0.75 eps=0.264 policy_loss=0.0181 value_loss=0.0311 entropy=5.4836 clip_frac=0.252 rollout=2.1s train=0.7s transitions=1606
[iter 1425] score=3391 margin=+526 win_rate=0.50 eps=0.264 policy_loss=0.0069 value_loss=0.0734 entropy=5.7144 clip_frac=0.168 rollout=3.8s train=0.9s transitions=1675
[iter 1426] score=2817 margin=+781 win_rate=0.69 eps=0.264 policy_loss=0.0061 value_loss=0.0397 entropy=5.7490 clip_frac=0.167 rollout=4.2s train=1.5s transitions=1653
[iter 1427] score=3066 margin=+882 win_rate=0.75 eps=0.264 policy_loss=-0.0047 value_loss=0.0634 entropy=5.5659 clip_frac=0.170 rollout=2.1s train=0.6s transitions=1672
[iter 1428] score=3063 margin=+845 win_rate=0.75 eps=0.264 policy_loss=-0.0073 value_loss=0.0665 entropy=5.6713 clip_frac=0.152 rollout=4.5s train=0.6s transitions=1654
[iter 1429] score=3220 margin=+1209 win_rate=0.81 eps=0.264 policy_loss=0.0263 value_loss=0.0577 entropy=5.4708 clip_frac=0.216 rollout=4.4s train=1.6s transitions=1701
[iter 1430] score=3526 margin=+1466 win_rate=1.00 eps=0.264 policy_loss=-0.0133 value_loss=0.0558 entropy=5.4083 clip_frac=0.190 rollout=3.9s train=0.8s transitions=1606
[iter 1431] score=2046 margin=+50 win_rate=0.62 eps=0.264 policy_loss=0.0862 value_loss=0.1682 entropy=5.5087 clip_frac=0.211 rollout=2.6s train=0.6s transitions=1644
[iter 1432] score=3190 margin=+1181 win_rate=0.75 eps=0.264 policy_loss=0.0164 value_loss=0.0946 entropy=5.5718 clip_frac=0.224 rollout=4.1s train=1.5s transitions=1582
[iter 1433] score=3318 margin=+1288 win_rate=0.81 eps=0.264 policy_loss=-0.0195 value_loss=0.0641 entropy=5.5252 clip_frac=0.182 rollout=2.0s train=1.0s transitions=1644
[iter 1434] score=3053 margin=+853 win_rate=0.69 eps=0.264 policy_loss=0.0007 value_loss=0.0640 entropy=5.6631 clip_frac=0.184 rollout=3.2s train=0.7s transitions=1655
[iter 1435] score=3602 margin=+1292 win_rate=0.81 eps=0.264 policy_loss=-0.0096 value_loss=0.1128 entropy=5.4581 clip_frac=0.190 rollout=5.0s train=1.6s transitions=1615
[iter 1436] score=3338 margin=+1154 win_rate=0.69 eps=0.264 policy_loss=0.0003 value_loss=0.0634 entropy=5.2646 clip_frac=0.213 rollout=2.1s train=1.1s transitions=1636
[iter 1437] score=3792 margin=+1454 win_rate=0.81 eps=0.264 policy_loss=-0.0005 value_loss=0.0802 entropy=5.1890 clip_frac=0.238 rollout=3.1s train=0.6s transitions=1608
[iter 1438] score=3497 margin=+1111 win_rate=0.81 eps=0.264 policy_loss=0.0655 value_loss=0.1279 entropy=5.4927 clip_frac=0.243 rollout=4.1s train=1.6s transitions=1645
[iter 1439] score=4124 margin=+1561 win_rate=0.88 eps=0.264 policy_loss=0.0023 value_loss=0.0933 entropy=5.5464 clip_frac=0.281 rollout=2.1s train=1.0s transitions=1637
[iter 1440] score=3182 margin=+1241 win_rate=0.81 eps=0.264 policy_loss=0.0087 value_loss=0.0878 entropy=5.6004 clip_frac=0.229 rollout=3.3s train=0.9s transitions=1695
[iter 1441] score=2324 margin=+174 win_rate=0.50 eps=0.264 policy_loss=0.0295 value_loss=0.0982 entropy=5.6040 clip_frac=0.174 rollout=4.2s train=1.6s transitions=1645
[iter 1442] score=2708 margin=+788 win_rate=0.62 eps=0.264 policy_loss=0.0094 value_loss=0.0474 entropy=5.5643 clip_frac=0.186 rollout=2.0s train=1.2s transitions=1616
[iter 1443] score=3087 margin=+1083 win_rate=0.75 eps=0.264 policy_loss=0.0070 value_loss=0.0542 entropy=5.5490 clip_frac=0.193 rollout=4.4s train=0.6s transitions=1659
[iter 1444] score=3060 margin=+560 win_rate=0.75 eps=0.264 policy_loss=0.0066 value_loss=0.0515 entropy=5.5565 clip_frac=0.191 rollout=4.3s train=1.6s transitions=1644
[iter 1445] score=2602 margin=+368 win_rate=0.69 eps=0.264 policy_loss=0.0334 value_loss=0.0656 entropy=5.6404 clip_frac=0.199 rollout=2.1s train=0.9s transitions=1623
[iter 1446] score=3163 margin=+868 win_rate=0.69 eps=0.264 policy_loss=0.0083 value_loss=0.0555 entropy=5.5585 clip_frac=0.187 rollout=3.5s train=1.4s transitions=1665
[iter 1447] score=2950 margin=+559 win_rate=0.62 eps=0.264 policy_loss=-0.0020 value_loss=0.0509 entropy=5.6621 clip_frac=0.127 rollout=3.8s train=0.7s transitions=1659
[iter 1448] score=4025 margin=+1332 win_rate=0.88 eps=0.264 policy_loss=0.0271 value_loss=0.1827 entropy=5.8064 clip_frac=0.293 rollout=2.0s train=0.7s transitions=1604
[iter 1449] score=3101 margin=+1043 win_rate=0.69 eps=0.264 policy_loss=0.0006 value_loss=0.0653 entropy=5.6133 clip_frac=0.235 rollout=3.8s train=1.3s transitions=1646
[iter 1450] score=3392 margin=+958 win_rate=0.88 eps=0.264 policy_loss=0.0106 value_loss=0.0534 entropy=5.5551 clip_frac=0.187 rollout=5.1s train=1.0s transitions=1653
[iter 1451] score=2731 margin=+825 win_rate=0.81 eps=0.264 policy_loss=-0.0095 value_loss=0.0536 entropy=5.6619 clip_frac=0.166 rollout=2.1s train=1.0s transitions=1616
[iter 1452] score=3831 margin=+702 win_rate=0.62 eps=0.264 policy_loss=0.0333 value_loss=0.0562 entropy=5.7959 clip_frac=0.223 rollout=3.5s train=1.3s transitions=1663
[iter 1453] score=3260 margin=+930 win_rate=1.00 eps=0.264 policy_loss=0.0088 value_loss=0.0339 entropy=5.7161 clip_frac=0.237 rollout=3.9s train=0.7s transitions=1634
[iter 1454] score=3378 margin=+1214 win_rate=1.00 eps=0.264 policy_loss=0.0216 value_loss=0.0322 entropy=5.5357 clip_frac=0.199 rollout=2.2s train=0.8s transitions=1624
[iter 1455] score=3071 margin=+1072 win_rate=0.81 eps=0.264 policy_loss=0.0259 value_loss=0.0508 entropy=5.3952 clip_frac=0.239 rollout=3.6s train=1.2s transitions=1620
[iter 1456] score=4272 margin=+1785 win_rate=0.94 eps=0.264 policy_loss=0.0815 value_loss=0.1166 entropy=5.3545 clip_frac=0.363 rollout=4.0s train=0.9s transitions=1630
[iter 1457] score=2037 margin=+504 win_rate=0.81 eps=0.264 policy_loss=0.0685 value_loss=0.0582 entropy=5.6074 clip_frac=0.299 rollout=2.0s train=0.7s transitions=1643
[iter 1458] score=3248 margin=+1307 win_rate=0.88 eps=0.264 policy_loss=0.0268 value_loss=0.0995 entropy=5.1619 clip_frac=0.291 rollout=4.6s train=1.2s transitions=1654
[iter 1459] score=3338 margin=+968 win_rate=0.81 eps=0.264 policy_loss=0.0026 value_loss=0.0398 entropy=5.4902 clip_frac=0.209 rollout=3.8s train=1.0s transitions=1678
[iter 1460] score=3856 margin=+1648 win_rate=0.88 eps=0.263 policy_loss=0.0199 value_loss=0.0543 entropy=5.2826 clip_frac=0.265 rollout=4.8s train=0.8s transitions=1598
[iter 1461] score=3478 margin=+870 win_rate=0.88 eps=0.263 policy_loss=0.0383 value_loss=0.0946 entropy=5.6311 clip_frac=0.207 rollout=2.5s train=1.3s transitions=1617
[iter 1462] score=3265 margin=+1241 win_rate=0.94 eps=0.263 policy_loss=0.0015 value_loss=0.0478 entropy=5.2823 clip_frac=0.258 rollout=4.3s train=1.0s transitions=1657
[iter 1463] score=3517 margin=+1749 win_rate=0.94 eps=0.263 policy_loss=-0.0031 value_loss=0.0475 entropy=5.0434 clip_frac=0.255 rollout=4.2s train=0.6s transitions=1606
[iter 1464] score=3175 margin=+788 win_rate=0.88 eps=0.263 policy_loss=-0.0018 value_loss=0.1178 entropy=5.5105 clip_frac=0.247 rollout=4.7s train=1.6s transitions=1623
[iter 1465] score=2926 margin=+1344 win_rate=0.88 eps=0.263 policy_loss=0.0145 value_loss=0.0470 entropy=5.3991 clip_frac=0.245 rollout=5.0s train=0.7s transitions=1635
[iter 1466] score=3508 margin=+1199 win_rate=0.94 eps=0.263 policy_loss=0.0393 value_loss=0.0362 entropy=5.2531 clip_frac=0.262 rollout=4.1s train=0.8s transitions=1596
[iter 1467] score=3085 margin=+1107 win_rate=0.81 eps=0.263 policy_loss=0.0071 value_loss=0.0468 entropy=5.4227 clip_frac=0.235 rollout=6.6s train=1.0s transitions=1642
[iter 1468] score=3595 margin=+1243 win_rate=0.75 eps=0.263 policy_loss=0.0153 value_loss=0.0695 entropy=5.1122 clip_frac=0.261 rollout=5.0s train=0.7s transitions=1646
[iter 1469] score=3460 margin=+1317 win_rate=1.00 eps=0.263 policy_loss=0.0447 value_loss=0.0384 entropy=4.9724 clip_frac=0.246 rollout=2.6s train=0.7s transitions=1642
[iter 1470] score=3710 margin=+1363 win_rate=0.88 eps=0.263 policy_loss=0.0014 value_loss=0.0499 entropy=5.0986 clip_frac=0.247 rollout=2.3s train=1.2s transitions=1661
[iter 1471] score=3741 margin=+1760 win_rate=0.94 eps=0.263 policy_loss=0.0065 value_loss=0.0775 entropy=5.1541 clip_frac=0.282 rollout=4.2s train=0.6s transitions=1659
[iter 1472] score=3085 margin=+899 win_rate=0.88 eps=0.263 policy_loss=0.1190 value_loss=0.1249 entropy=5.1148 clip_frac=0.344 rollout=4.3s train=1.6s transitions=1623
[iter 1473] score=2910 margin=+843 win_rate=0.81 eps=0.263 policy_loss=0.0204 value_loss=0.0844 entropy=5.3766 clip_frac=0.184 rollout=2.1s train=1.0s transitions=1616
[iter 1474] score=2734 margin=+1012 win_rate=0.81 eps=0.263 policy_loss=-0.0114 value_loss=0.0366 entropy=5.2717 clip_frac=0.182 rollout=3.2s train=0.9s transitions=1605
[iter 1475] score=2596 margin=+167 win_rate=0.69 eps=0.263 policy_loss=-0.0081 value_loss=0.0798 entropy=5.6143 clip_frac=0.208 rollout=4.3s train=1.0s transitions=1654
[iter 1476] score=2899 margin=+812 win_rate=0.75 eps=0.263 policy_loss=0.0103 value_loss=0.0565 entropy=5.4473 clip_frac=0.193 rollout=2.0s train=0.7s transitions=1636
[iter 1477] score=3015 margin=+1067 win_rate=0.81 eps=0.263 policy_loss=0.0041 value_loss=0.0393 entropy=5.3161 clip_frac=0.159 rollout=3.9s train=1.0s transitions=1621
[iter 1478] score=3971 margin=+1769 win_rate=0.88 eps=0.263 policy_loss=0.0117 value_loss=0.1116 entropy=5.1502 clip_frac=0.318 rollout=5.2s train=1.2s transitions=1637
[iter 1479] score=4329 margin=+1766 win_rate=0.94 eps=0.263 policy_loss=0.0338 value_loss=0.0748 entropy=5.1414 clip_frac=0.264 rollout=2.1s train=0.7s transitions=1644
[iter 1480] score=4050 margin=+1554 win_rate=0.81 eps=0.263 policy_loss=0.0029 value_loss=0.0762 entropy=4.9812 clip_frac=0.305 rollout=3.7s train=1.3s transitions=1610
[iter 1481] score=2891 margin=+615 win_rate=0.81 eps=0.263 policy_loss=0.2020 value_loss=0.2109 entropy=5.1106 clip_frac=0.325 rollout=3.8s train=0.8s transitions=1600
[iter 1482] score=3482 margin=+1306 win_rate=1.00 eps=0.263 policy_loss=0.0232 value_loss=0.0377 entropy=5.3553 clip_frac=0.214 rollout=2.2s train=0.8s transitions=1646
[iter 1483] score=3665 margin=+1612 win_rate=0.88 eps=0.263 policy_loss=0.0297 value_loss=0.0674 entropy=4.9871 clip_frac=0.226 rollout=3.7s train=1.5s transitions=1595
[iter 1484] score=3977 margin=+1259 win_rate=0.88 eps=0.263 policy_loss=0.2362 value_loss=0.0920 entropy=5.2607 clip_frac=0.349 rollout=3.3s train=0.9s transitions=1657
[iter 1485] score=3059 margin=+1072 win_rate=0.75 eps=0.263 policy_loss=0.0540 value_loss=0.0635 entropy=5.3624 clip_frac=0.300 rollout=2.2s train=0.6s transitions=1646
[iter 1486] score=3962 margin=+1388 win_rate=0.88 eps=0.263 policy_loss=0.0114 value_loss=0.0517 entropy=5.2556 clip_frac=0.277 rollout=5.1s train=1.5s transitions=1600
[iter 1487] score=4860 margin=+2246 win_rate=0.94 eps=0.263 policy_loss=0.0521 value_loss=0.1639 entropy=4.9464 clip_frac=0.444 rollout=2.8s train=1.0s transitions=1608
[iter 1488] score=2884 margin=+1157 win_rate=0.75 eps=0.263 policy_loss=0.1223 value_loss=0.0741 entropy=5.0067 clip_frac=0.307 rollout=2.5s train=0.7s transitions=1591
[iter 1489] score=4227 margin=+1785 win_rate=0.75 eps=0.263 policy_loss=0.0857 value_loss=0.1176 entropy=5.1057 clip_frac=0.358 rollout=4.1s train=1.0s transitions=1584
[iter 1490] score=2406 margin=-2 win_rate=0.62 eps=0.263 policy_loss=0.5157 value_loss=0.5797 entropy=5.2855 clip_frac=0.331 rollout=3.9s train=1.0s transitions=1610
[iter 1491] score=4109 margin=+1613 win_rate=0.81 eps=0.263 policy_loss=0.0625 value_loss=0.1288 entropy=5.2424 clip_frac=0.401 rollout=2.2s train=1.1s transitions=1626
[iter 1492] score=4174 margin=+1695 win_rate=0.88 eps=0.263 policy_loss=0.0093 value_loss=0.0738 entropy=5.5728 clip_frac=0.235 rollout=3.4s train=0.6s transitions=1667
[iter 1493] score=3288 margin=+1011 win_rate=0.75 eps=0.263 policy_loss=0.0021 value_loss=0.1216 entropy=5.3886 clip_frac=0.233 rollout=4.4s train=2.5s transitions=1645
[iter 1494] score=4223 margin=+1943 win_rate=0.94 eps=0.263 policy_loss=0.0566 value_loss=0.0966 entropy=5.3204 clip_frac=0.259 rollout=2.4s train=1.3s transitions=1651
[iter 1495] score=3989 margin=+1636 win_rate=0.94 eps=0.263 policy_loss=0.1399 value_loss=0.0744 entropy=5.0579 clip_frac=0.246 rollout=3.0s train=0.7s transitions=1662
[iter 1496] score=4531 margin=+2091 win_rate=0.81 eps=0.263 policy_loss=0.0053 value_loss=0.1400 entropy=5.2886 clip_frac=0.193 rollout=4.1s train=1.6s transitions=1680
[iter 1497] score=2970 margin=+1078 win_rate=0.75 eps=0.263 policy_loss=0.0081 value_loss=0.1674 entropy=5.1275 clip_frac=0.231 rollout=2.6s train=1.1s transitions=1578
[iter 1498] score=3426 margin=+860 win_rate=0.69 eps=0.263 policy_loss=0.0324 value_loss=0.0966 entropy=5.3642 clip_frac=0.266 rollout=2.6s train=0.6s transitions=1641
[iter 1499] score=3155 margin=+542 win_rate=0.50 eps=0.263 policy_loss=0.0301 value_loss=0.1583 entropy=5.4621 clip_frac=0.214 rollout=4.0s train=1.5s transitions=1636
[iter 1499] checkpoint saved: checkpoints/20260910-090433_iter1500.pt

  eval @ iter 1500 - 100 greedy episodes vs each boss (87s)
boss           score      opp    margin    win   conn   zero
------------------------------------------------------------
level1          1776        0     +1776   0.95    36%     5%
level1Pro       2044       57     +1987   0.95    42%     5%
level2          3964     2227     +1737   0.90    94%     0%
level2Pro       4191     3057     +1133   0.80   100%     0%

[iter 1500] score=2474 margin=+298 win_rate=0.50 eps=0.262 policy_loss=0.0095 value_loss=0.0641 entropy=5.6358 clip_frac=0.218 rollout=2.9s train=0.6s transitions=1631
[iter 1501] score=3652 margin=+1344 win_rate=0.81 eps=0.262 policy_loss=0.0215 value_loss=0.1364 entropy=5.5234 clip_frac=0.237 rollout=4.2s train=1.6s transitions=1631
[iter 1502] score=2641 margin=+414 win_rate=0.69 eps=0.262 policy_loss=-0.0132 value_loss=0.0813 entropy=5.4896 clip_frac=0.167 rollout=2.1s train=1.1s transitions=1619
[iter 1503] score=2879 margin=+776 win_rate=0.62 eps=0.262 policy_loss=0.0165 value_loss=0.1012 entropy=5.5687 clip_frac=0.240 rollout=3.5s train=0.6s transitions=1641
[iter 1504] score=3581 margin=+1191 win_rate=0.88 eps=0.262 policy_loss=0.0597 value_loss=0.0998 entropy=5.3409 clip_frac=0.246 rollout=5.2s train=1.7s transitions=1681
[iter 1505] score=3285 margin=+880 win_rate=0.69 eps=0.262 policy_loss=0.0145 value_loss=0.0962 entropy=5.5140 clip_frac=0.182 rollout=2.8s train=1.1s transitions=1607
[iter 1506] score=4436 margin=+1397 win_rate=0.88 eps=0.262 policy_loss=0.0123 value_loss=0.0715 entropy=5.5788 clip_frac=0.257 rollout=2.7s train=0.8s transitions=1650
[iter 1507] score=3653 margin=+1326 win_rate=0.81 eps=0.262 policy_loss=0.0035 value_loss=0.0852 entropy=5.3756 clip_frac=0.274 rollout=3.9s train=0.6s transitions=1634
[iter 1508] score=2910 margin=+537 win_rate=0.81 eps=0.262 policy_loss=0.0624 value_loss=0.1350 entropy=5.5981 clip_frac=0.235 rollout=4.1s train=1.5s transitions=1605
[iter 1509] score=3195 margin=+524 win_rate=0.62 eps=0.262 policy_loss=0.0292 value_loss=0.0643 entropy=5.7172 clip_frac=0.207 rollout=3.0s train=1.3s transitions=1686
[iter 1510] score=2677 margin=+241 win_rate=0.50 eps=0.262 policy_loss=0.0453 value_loss=0.0673 entropy=5.5683 clip_frac=0.261 rollout=2.4s train=0.7s transitions=1624
[iter 1511] score=2848 margin=+443 win_rate=0.75 eps=0.262 policy_loss=0.0212 value_loss=0.0475 entropy=5.6050 clip_frac=0.156 rollout=4.9s train=1.0s transitions=1640
[iter 1512] score=3100 margin=+567 win_rate=0.62 eps=0.262 policy_loss=0.0044 value_loss=0.0643 entropy=5.4666 clip_frac=0.230 rollout=4.2s train=1.2s transitions=1654
[iter 1513] score=3208 margin=+914 win_rate=0.69 eps=0.262 policy_loss=-0.0004 value_loss=0.0827 entropy=5.5036 clip_frac=0.198 rollout=2.1s train=1.0s transitions=1656
[iter 1514] score=3170 margin=+796 win_rate=0.81 eps=0.262 policy_loss=0.0196 value_loss=0.0549 entropy=5.2625 clip_frac=0.229 rollout=3.3s train=0.6s transitions=1633
[iter 1515] score=3470 margin=+872 win_rate=0.81 eps=0.262 policy_loss=-0.0028 value_loss=0.0754 entropy=5.4980 clip_frac=0.209 rollout=4.3s train=1.5s transitions=1620
[iter 1516] score=2699 margin=+511 win_rate=0.75 eps=0.262 policy_loss=0.0069 value_loss=0.0623 entropy=5.4704 clip_frac=0.203 rollout=2.6s train=1.3s transitions=1640
[iter 1517] score=3977 margin=+1224 win_rate=0.69 eps=0.262 policy_loss=-0.0014 value_loss=0.1131 entropy=5.3981 clip_frac=0.242 rollout=2.6s train=0.6s transitions=1657
[iter 1518] score=2586 margin=-17 win_rate=0.69 eps=0.262 policy_loss=0.0223 value_loss=0.1182 entropy=5.6247 clip_frac=0.245 rollout=4.2s train=2.5s transitions=1675
[iter 1519] score=2890 margin=+395 win_rate=0.62 eps=0.262 policy_loss=-0.0085 value_loss=0.0856 entropy=5.4406 clip_frac=0.181 rollout=4.1s train=1.0s transitions=1669
[iter 1520] score=3122 margin=+1206 win_rate=0.81 eps=0.262 policy_loss=0.0494 value_loss=0.1122 entropy=5.4349 clip_frac=0.263 rollout=2.0s train=0.8s transitions=1649
[iter 1521] score=3564 margin=+1284 win_rate=0.88 eps=0.262 policy_loss=-0.0123 value_loss=0.0515 entropy=5.2190 clip_frac=0.147 rollout=3.8s train=1.1s transitions=1641
[iter 1522] score=2921 margin=+1090 win_rate=0.75 eps=0.262 policy_loss=0.0132 value_loss=0.0511 entropy=5.3253 clip_frac=0.185 rollout=3.8s train=0.7s transitions=1601
[iter 1523] score=3009 margin=+780 win_rate=0.62 eps=0.262 policy_loss=0.0073 value_loss=0.0686 entropy=5.4160 clip_frac=0.263 rollout=2.1s train=0.7s transitions=1563
[iter 1524] score=2848 margin=+648 win_rate=0.69 eps=0.262 policy_loss=0.0683 value_loss=0.0894 entropy=5.4049 clip_frac=0.208 rollout=3.7s train=0.9s transitions=1564
[iter 1525] score=3556 margin=+1238 win_rate=0.88 eps=0.262 policy_loss=0.0158 value_loss=0.0481 entropy=5.3568 clip_frac=0.257 rollout=4.2s train=1.3s transitions=1643
[iter 1526] score=3147 margin=+632 win_rate=0.69 eps=0.262 policy_loss=0.0188 value_loss=0.0692 entropy=5.4939 clip_frac=0.205 rollout=3.1s train=1.1s transitions=1644
[iter 1527] score=3345 margin=+1167 win_rate=0.75 eps=0.262 policy_loss=0.0048 value_loss=0.1179 entropy=5.5048 clip_frac=0.210 rollout=3.2s train=0.8s transitions=1627
[iter 1528] score=4212 margin=+1479 win_rate=0.88 eps=0.262 policy_loss=0.0074 value_loss=0.0650 entropy=5.4250 clip_frac=0.245 rollout=4.3s train=1.5s transitions=1603
[iter 1529] score=3541 margin=+1088 win_rate=0.81 eps=0.262 policy_loss=0.0020 value_loss=0.0907 entropy=5.2281 clip_frac=0.178 rollout=2.1s train=1.1s transitions=1671
[iter 1530] score=3081 margin=+837 win_rate=0.81 eps=0.262 policy_loss=0.0261 value_loss=0.0558 entropy=5.6081 clip_frac=0.226 rollout=3.3s train=0.6s transitions=1614
[iter 1531] score=2150 margin=-558 win_rate=0.50 eps=0.262 policy_loss=0.0536 value_loss=0.2586 entropy=5.6666 clip_frac=0.168 rollout=4.4s train=1.6s transitions=1640
[iter 1532] score=4036 margin=+1131 win_rate=0.62 eps=0.262 policy_loss=0.0491 value_loss=0.1696 entropy=5.6208 clip_frac=0.303 rollout=2.7s train=1.1s transitions=1667
[iter 1533] score=2849 margin=+566 win_rate=0.69 eps=0.262 policy_loss=0.0217 value_loss=0.0537 entropy=5.5426 clip_frac=0.242 rollout=2.7s train=1.6s transitions=1593
[iter 1534] score=2862 margin=+658 win_rate=0.75 eps=0.262 policy_loss=0.0001 value_loss=0.0428 entropy=5.6597 clip_frac=0.157 rollout=4.3s train=1.6s transitions=1647
[iter 1535] score=2546 margin=+780 win_rate=0.75 eps=0.262 policy_loss=0.0181 value_loss=0.0468 entropy=5.5837 clip_frac=0.221 rollout=2.4s train=1.3s transitions=1564
[iter 1536] score=2487 margin=+268 win_rate=0.62 eps=0.262 policy_loss=0.0579 value_loss=0.0430 entropy=5.4113 clip_frac=0.188 rollout=2.5s train=0.7s transitions=1581
[iter 1537] score=3496 margin=+1458 win_rate=0.81 eps=0.262 policy_loss=0.0433 value_loss=0.1105 entropy=5.2745 clip_frac=0.205 rollout=4.0s train=1.6s transitions=1607
[iter 1538] score=3428 margin=+1141 win_rate=0.81 eps=0.262 policy_loss=0.0220 value_loss=0.0655 entropy=5.3615 clip_frac=0.232 rollout=2.6s train=1.3s transitions=1605
[iter 1539] score=3318 margin=+680 win_rate=0.62 eps=0.262 policy_loss=0.0116 value_loss=0.0902 entropy=5.5453 clip_frac=0.175 rollout=2.6s train=0.6s transitions=1601
[iter 1540] score=2984 margin=+942 win_rate=0.81 eps=0.261 policy_loss=0.0172 value_loss=0.0476 entropy=5.6101 clip_frac=0.181 rollout=4.2s train=1.5s transitions=1636
[iter 1541] score=3126 margin=+958 win_rate=0.75 eps=0.261 policy_loss=-0.0014 value_loss=0.0626 entropy=5.4394 clip_frac=0.243 rollout=4.0s train=0.9s transitions=1598
[iter 1542] score=2724 margin=+810 win_rate=0.81 eps=0.261 policy_loss=0.0227 value_loss=0.0421 entropy=5.5404 clip_frac=0.189 rollout=2.5s train=0.8s transitions=1637
[iter 1543] score=3030 margin=+819 win_rate=0.69 eps=0.261 policy_loss=0.0207 value_loss=0.0807 entropy=5.5121 clip_frac=0.209 rollout=4.0s train=1.2s transitions=1606
[iter 1544] score=3244 margin=+966 win_rate=0.75 eps=0.261 policy_loss=-0.0022 value_loss=0.0576 entropy=5.5281 clip_frac=0.210 rollout=3.9s train=0.8s transitions=1607
[iter 1545] score=2898 margin=+984 win_rate=0.81 eps=0.261 policy_loss=0.0051 value_loss=0.0473 entropy=5.5554 clip_frac=0.174 rollout=2.1s train=0.8s transitions=1653
[iter 1546] score=2992 margin=+806 win_rate=0.75 eps=0.261 policy_loss=0.0084 value_loss=0.0446 entropy=5.3549 clip_frac=0.194 rollout=3.6s train=1.1s transitions=1615
[iter 1547] score=3574 margin=+1400 win_rate=0.88 eps=0.261 policy_loss=0.0088 value_loss=0.0590 entropy=5.3957 clip_frac=0.212 rollout=4.2s train=1.3s transitions=1660
[iter 1548] score=3570 margin=+1385 win_rate=0.81 eps=0.261 policy_loss=0.0091 value_loss=0.0621 entropy=5.3614 clip_frac=0.190 rollout=2.1s train=1.7s transitions=1606
[iter 1549] score=3254 margin=+1009 win_rate=0.75 eps=0.261 policy_loss=0.0114 value_loss=0.0570 entropy=5.3432 clip_frac=0.204 rollout=3.7s train=0.8s transitions=1666
[iter 1550] score=2696 margin=+780 win_rate=0.75 eps=0.261 policy_loss=0.0045 value_loss=0.0738 entropy=5.6491 clip_frac=0.209 rollout=4.5s train=1.6s transitions=1603
[iter 1551] score=3447 margin=+1095 win_rate=0.81 eps=0.261 policy_loss=0.0218 value_loss=0.0882 entropy=5.3846 clip_frac=0.227 rollout=2.2s train=1.2s transitions=1640
[iter 1552] score=3200 margin=+1121 win_rate=0.81 eps=0.261 policy_loss=-0.0168 value_loss=0.0629 entropy=5.3687 clip_frac=0.182 rollout=3.1s train=0.8s transitions=1584
[iter 1553] score=4449 margin=+1772 win_rate=0.75 eps=0.261 policy_loss=0.0326 value_loss=0.1245 entropy=5.2734 clip_frac=0.288 rollout=4.3s train=1.2s transitions=1650
[iter 1554] score=3573 margin=+1410 win_rate=0.69 eps=0.261 policy_loss=0.0160 value_loss=0.0843 entropy=5.3084 clip_frac=0.173 rollout=2.2s train=1.1s transitions=1670
[iter 1555] score=3388 margin=+921 win_rate=0.75 eps=0.261 policy_loss=0.0093 value_loss=0.1049 entropy=5.4700 clip_frac=0.221 rollout=3.2s train=0.8s transitions=1620
[iter 1556] score=3162 margin=+915 win_rate=0.69 eps=0.261 policy_loss=0.0066 value_loss=0.0683 entropy=5.4028 clip_frac=0.197 rollout=5.1s train=1.6s transitions=1575
[iter 1557] score=2975 margin=+731 win_rate=0.69 eps=0.261 policy_loss=0.0157 value_loss=0.0649 entropy=5.3994 clip_frac=0.179 rollout=2.1s train=1.1s transitions=1652
[iter 1558] score=3537 margin=+1213 win_rate=0.75 eps=0.261 policy_loss=0.0188 value_loss=0.0905 entropy=5.2590 clip_frac=0.186 rollout=3.2s train=0.7s transitions=1621
[iter 1559] score=4502 margin=+1845 win_rate=0.75 eps=0.261 policy_loss=0.0301 value_loss=0.1179 entropy=5.3220 clip_frac=0.255 rollout=4.4s train=1.6s transitions=1655
[iter 1560] score=3149 margin=+298 win_rate=0.44 eps=0.261 policy_loss=0.0144 value_loss=0.1768 entropy=5.6019 clip_frac=0.283 rollout=2.2s train=1.1s transitions=1642
[iter 1561] score=3523 margin=+1060 win_rate=0.75 eps=0.261 policy_loss=0.0207 value_loss=0.0853 entropy=5.3418 clip_frac=0.299 rollout=3.2s train=0.6s transitions=1635
[iter 1562] score=4394 margin=+2011 win_rate=0.94 eps=0.261 policy_loss=0.0252 value_loss=0.2002 entropy=5.1336 clip_frac=0.305 rollout=4.4s train=1.6s transitions=1683
[iter 1563] score=3609 margin=+1055 win_rate=0.88 eps=0.261 policy_loss=0.1850 value_loss=0.2363 entropy=5.3300 clip_frac=0.313 rollout=3.7s train=1.2s transitions=1640
[iter 1564] score=3097 margin=+1054 win_rate=0.75 eps=0.261 policy_loss=0.0130 value_loss=0.0829 entropy=5.6429 clip_frac=0.203 rollout=2.6s train=0.7s transitions=1649
[iter 1565] score=3853 margin=+1143 win_rate=0.75 eps=0.261 policy_loss=0.0048 value_loss=0.0632 entropy=5.4970 clip_frac=0.200 rollout=4.3s train=1.0s transitions=1675
[iter 1566] score=2927 margin=+709 win_rate=0.88 eps=0.261 policy_loss=0.0303 value_loss=0.0792 entropy=5.7466 clip_frac=0.212 rollout=4.1s train=1.4s transitions=1586
[iter 1567] score=3536 margin=+1136 win_rate=0.75 eps=0.261 policy_loss=0.0206 value_loss=0.0695 entropy=5.6896 clip_frac=0.183 rollout=2.2s train=1.1s transitions=1627
[iter 1568] score=2950 margin=+1006 win_rate=0.81 eps=0.261 policy_loss=0.0286 value_loss=0.0459 entropy=5.4016 clip_frac=0.185 rollout=3.4s train=1.2s transitions=1580
[iter 1569] score=3584 margin=+922 win_rate=0.69 eps=0.261 policy_loss=0.0181 value_loss=0.0868 entropy=5.4116 clip_frac=0.281 rollout=4.2s train=1.1s transitions=1583
[iter 1570] score=3681 margin=+839 win_rate=0.69 eps=0.261 policy_loss=-0.0172 value_loss=0.0648 entropy=5.5382 clip_frac=0.188 rollout=2.2s train=1.8s transitions=1610
[iter 1571] score=2526 margin=+612 win_rate=0.69 eps=0.261 policy_loss=0.0223 value_loss=0.0332 entropy=5.4904 clip_frac=0.190 rollout=3.5s train=1.0s transitions=1616
[iter 1572] score=2803 margin=+580 win_rate=0.69 eps=0.261 policy_loss=0.0220 value_loss=0.0551 entropy=5.5722 clip_frac=0.245 rollout=4.0s train=0.9s transitions=1595
[iter 1573] score=3334 margin=+600 win_rate=0.62 eps=0.261 policy_loss=0.0098 value_loss=0.0959 entropy=5.5846 clip_frac=0.221 rollout=2.1s train=0.9s transitions=1627
[iter 1574] score=3050 margin=+791 win_rate=0.62 eps=0.261 policy_loss=0.0081 value_loss=0.0621 entropy=5.5084 clip_frac=0.206 rollout=3.4s train=1.1s transitions=1597
[iter 1575] score=3165 margin=+979 win_rate=0.88 eps=0.261 policy_loss=0.0150 value_loss=0.0483 entropy=5.4930 clip_frac=0.158 rollout=4.2s train=1.2s transitions=1581
[iter 1576] score=4261 margin=+1767 win_rate=1.00 eps=0.261 policy_loss=0.0200 value_loss=0.1189 entropy=5.5213 clip_frac=0.246 rollout=2.2s train=1.0s transitions=1639
[iter 1577] score=3155 margin=+1128 win_rate=0.81 eps=0.261 policy_loss=0.0152 value_loss=0.0882 entropy=5.5739 clip_frac=0.185 rollout=3.6s train=0.8s transitions=1593
[iter 1578] score=2398 margin=+622 win_rate=0.62 eps=0.261 policy_loss=0.0279 value_loss=0.0569 entropy=5.5241 clip_frac=0.185 rollout=5.3s train=1.5s transitions=1582
[iter 1579] score=4070 margin=+1454 win_rate=0.75 eps=0.261 policy_loss=-0.0050 value_loss=0.1382 entropy=5.4443 clip_frac=0.187 rollout=2.1s train=1.1s transitions=1637
[iter 1580] score=2548 margin=+162 win_rate=0.62 eps=0.260 policy_loss=0.0479 value_loss=0.1296 entropy=5.8422 clip_frac=0.175 rollout=3.4s train=0.9s transitions=1606
[iter 1581] score=2455 margin=-70 win_rate=0.38 eps=0.260 policy_loss=0.0016 value_loss=0.0620 entropy=5.7228 clip_frac=0.163 rollout=4.1s train=1.0s transitions=1603
[iter 1582] score=1835 margin=+21 win_rate=0.56 eps=0.260 policy_loss=-0.0076 value_loss=0.0335 entropy=5.6793 clip_frac=0.140 rollout=1.9s train=0.8s transitions=1605
[iter 1583] score=3664 margin=+745 win_rate=0.75 eps=0.260 policy_loss=0.0869 value_loss=0.0608 entropy=5.7441 clip_frac=0.245 rollout=3.6s train=1.1s transitions=1667
[iter 1584] score=2995 margin=+804 win_rate=0.62 eps=0.260 policy_loss=0.0166 value_loss=0.0409 entropy=5.6303 clip_frac=0.227 rollout=4.2s train=1.4s transitions=1635
[iter 1585] score=3363 margin=+956 win_rate=0.81 eps=0.260 policy_loss=-0.0001 value_loss=0.0665 entropy=5.7450 clip_frac=0.190 rollout=2.1s train=1.8s transitions=1641
[iter 1586] score=2837 margin=+669 win_rate=0.75 eps=0.260 policy_loss=-0.0020 value_loss=0.0407 entropy=5.9245 clip_frac=0.142 rollout=3.6s train=0.9s transitions=1623
[iter 1587] score=3428 margin=+1194 win_rate=0.88 eps=0.260 policy_loss=0.0065 value_loss=0.0761 entropy=5.8601 clip_frac=0.172 rollout=4.7s train=1.6s transitions=1690
[iter 1588] score=3360 margin=+910 win_rate=0.69 eps=0.260 policy_loss=-0.0246 value_loss=0.0610 entropy=5.8601 clip_frac=0.135 rollout=2.0s train=1.0s transitions=1613
[iter 1589] score=2531 margin=+368 win_rate=0.56 eps=0.260 policy_loss=-0.0098 value_loss=0.0475 entropy=5.7779 clip_frac=0.130 rollout=3.1s train=0.5s transitions=1592
[iter 1590] score=3368 margin=+900 win_rate=0.75 eps=0.260 policy_loss=0.0037 value_loss=0.0818 entropy=5.7366 clip_frac=0.179 rollout=4.6s train=1.7s transitions=1665
[iter 1591] score=2806 margin=+343 win_rate=0.56 eps=0.260 policy_loss=0.0062 value_loss=0.0788 entropy=5.9878 clip_frac=0.143 rollout=2.1s train=1.1s transitions=1685
[iter 1592] score=3678 margin=+1328 win_rate=0.69 eps=0.260 policy_loss=0.0062 value_loss=0.1705 entropy=5.6980 clip_frac=0.217 rollout=3.4s train=0.9s transitions=1627
[iter 1593] score=3109 margin=+1120 win_rate=0.94 eps=0.260 policy_loss=0.0004 value_loss=0.0514 entropy=5.7615 clip_frac=0.171 rollout=5.2s train=0.8s transitions=1609
[iter 1594] score=2484 margin=+452 win_rate=0.50 eps=0.260 policy_loss=0.0168 value_loss=0.0643 entropy=5.6812 clip_frac=0.178 rollout=2.1s train=0.8s transitions=1604
[iter 1595] score=2507 margin=+583 win_rate=0.75 eps=0.260 policy_loss=0.0005 value_loss=0.0328 entropy=5.6005 clip_frac=0.140 rollout=3.7s train=1.1s transitions=1612
[iter 1596] score=2911 margin=+773 win_rate=0.88 eps=0.260 policy_loss=-0.0165 value_loss=0.0407 entropy=5.7344 clip_frac=0.180 rollout=4.0s train=0.9s transitions=1651
[iter 1597] score=2684 margin=+605 win_rate=0.69 eps=0.260 policy_loss=-0.0230 value_loss=0.0483 entropy=5.6560 clip_frac=0.120 rollout=2.4s train=1.1s transitions=1617
[iter 1598] score=3564 margin=+903 win_rate=0.88 eps=0.260 policy_loss=0.0186 value_loss=0.0413 entropy=5.6797 clip_frac=0.167 rollout=3.4s train=0.6s transitions=1640
[iter 1599] score=4239 margin=+1843 win_rate=0.94 eps=0.260 policy_loss=-0.0043 value_loss=0.1094 entropy=5.6735 clip_frac=0.166 rollout=5.2s train=0.8s transitions=1626
[iter 1599] checkpoint saved: checkpoints/20260910-090433_iter1600.pt

  eval @ iter 1600 - 100 greedy episodes vs each boss (98s)
boss           score      opp    margin    win   conn   zero
------------------------------------------------------------
level1          1503        0     +1503   1.00    31%     0%
level1Pro       1738       62     +1676   0.98    36%     2%
level2          4062     2199     +1863   0.93    96%     0%
level2Pro       4334     3016     +1318   0.82   100%     0%

[iter 1600] score=4003 margin=+1468 win_rate=0.94 eps=0.260 policy_loss=0.0097 value_loss=0.0627 entropy=5.6767 clip_frac=0.171 rollout=4.7s train=1.0s transitions=1652
[iter 1601] score=2687 margin=+486 win_rate=0.62 eps=0.260 policy_loss=-0.0004 value_loss=0.0783 entropy=5.6846 clip_frac=0.193 rollout=4.1s train=0.9s transitions=1649
[iter 1602] score=4541 margin=+1686 win_rate=0.94 eps=0.260 policy_loss=0.0369 value_loss=0.1482 entropy=5.5255 clip_frac=0.334 rollout=2.1s train=0.9s transitions=1653
[iter 1603] score=2960 margin=+838 win_rate=0.56 eps=0.260 policy_loss=0.0060 value_loss=0.0625 entropy=5.6146 clip_frac=0.245 rollout=3.6s train=1.0s transitions=1583
[iter 1604] score=3837 margin=+1466 win_rate=0.88 eps=0.260 policy_loss=0.0544 value_loss=0.0882 entropy=5.5621 clip_frac=0.310 rollout=4.0s train=1.2s transitions=1584
[iter 1605] score=4280 margin=+1387 win_rate=0.81 eps=0.260 policy_loss=0.0233 value_loss=0.0942 entropy=5.6346 clip_frac=0.201 rollout=2.1s train=0.8s transitions=1624
[iter 1606] score=3313 margin=+934 win_rate=0.69 eps=0.260 policy_loss=0.0090 value_loss=0.0952 entropy=5.5596 clip_frac=0.208 rollout=3.7s train=1.0s transitions=1663
[iter 1607] score=3408 margin=+806 win_rate=0.75 eps=0.260 policy_loss=0.0033 value_loss=0.0583 entropy=5.7349 clip_frac=0.147 rollout=4.4s train=2.3s transitions=1663
[iter 1608] score=2295 margin=+160 win_rate=0.56 eps=0.260 policy_loss=-0.0100 value_loss=0.0480 entropy=5.8036 clip_frac=0.164 rollout=2.1s train=1.2s transitions=1642
[iter 1609] score=3273 margin=+1045 win_rate=0.81 eps=0.260 policy_loss=0.0183 value_loss=0.1087 entropy=5.6866 clip_frac=0.222 rollout=3.3s train=0.6s transitions=1618
[iter 1610] score=3422 margin=+676 win_rate=0.69 eps=0.260 policy_loss=0.0170 value_loss=0.0684 entropy=5.5218 clip_frac=0.208 rollout=4.3s train=1.6s transitions=1574
[iter 1611] score=3947 margin=+1191 win_rate=0.81 eps=0.260 policy_loss=-0.0069 value_loss=0.0545 entropy=5.5731 clip_frac=0.200 rollout=3.5s train=0.9s transitions=1646
[iter 1612] score=3823 margin=+1342 win_rate=0.75 eps=0.260 policy_loss=-0.0001 value_loss=0.0559 entropy=5.3893 clip_frac=0.219 rollout=2.2s train=0.8s transitions=1642
[iter 1613] score=3896 margin=+1669 win_rate=0.88 eps=0.260 policy_loss=0.0020 value_loss=0.0752 entropy=5.5344 clip_frac=0.193 rollout=3.9s train=1.3s transitions=1614
[iter 1614] score=2629 margin=+745 win_rate=0.88 eps=0.260 policy_loss=0.0203 value_loss=0.0505 entropy=5.7248 clip_frac=0.218 rollout=3.3s train=0.8s transitions=1595
[iter 1615] score=3927 margin=+1191 win_rate=0.94 eps=0.260 policy_loss=0.0333 value_loss=0.0701 entropy=5.5501 clip_frac=0.308 rollout=3.3s train=0.8s transitions=1611
[iter 1616] score=3157 margin=+1237 win_rate=0.88 eps=0.260 policy_loss=-0.0086 value_loss=0.0516 entropy=5.2793 clip_frac=0.234 rollout=3.6s train=1.2s transitions=1570
[iter 1617] score=3892 margin=+992 win_rate=0.81 eps=0.260 policy_loss=0.0841 value_loss=0.0741 entropy=5.4606 clip_frac=0.329 rollout=4.1s train=1.1s transitions=1628
[iter 1618] score=2709 margin=+165 win_rate=0.62 eps=0.260 policy_loss=0.0222 value_loss=0.1461 entropy=5.8303 clip_frac=0.235 rollout=2.1s train=0.8s transitions=1674
[iter 1619] score=3495 margin=+1043 win_rate=0.75 eps=0.260 policy_loss=0.0525 value_loss=0.0541 entropy=5.7289 clip_frac=0.252 rollout=3.7s train=1.5s transitions=1616
[iter 1620] score=3158 margin=+707 win_rate=0.75 eps=0.259 policy_loss=0.0068 value_loss=0.0776 entropy=5.8001 clip_frac=0.215 rollout=3.2s train=0.9s transitions=1595
[iter 1621] score=3236 margin=+768 win_rate=0.81 eps=0.259 policy_loss=-0.0150 value_loss=0.0487 entropy=5.7751 clip_frac=0.191 rollout=2.4s train=0.6s transitions=1648
[iter 1622] score=3994 margin=+1354 win_rate=0.94 eps=0.259 policy_loss=-0.0213 value_loss=0.0642 entropy=5.7724 clip_frac=0.167 rollout=4.1s train=2.3s transitions=1652
[iter 1623] score=3206 margin=+602 win_rate=0.69 eps=0.259 policy_loss=0.0231 value_loss=0.0575 entropy=5.5489 clip_frac=0.206 rollout=3.5s train=0.8s transitions=1643
[iter 1624] score=3172 margin=+1075 win_rate=0.88 eps=0.259 policy_loss=0.0327 value_loss=0.0398 entropy=5.7278 clip_frac=0.195 rollout=2.2s train=0.7s transitions=1578
[iter 1625] score=3195 margin=+1107 win_rate=0.88 eps=0.259 policy_loss=0.0023 value_loss=0.0458 entropy=5.6102 clip_frac=0.182 rollout=4.0s train=0.7s transitions=1585
[iter 1626] score=3161 margin=+270 win_rate=0.62 eps=0.259 policy_loss=-0.0091 value_loss=0.1008 entropy=5.5414 clip_frac=0.208 rollout=4.2s train=1.5s transitions=1621
[iter 1627] score=3775 margin=+809 win_rate=0.69 eps=0.259 policy_loss=0.0522 value_loss=0.0993 entropy=5.6400 clip_frac=0.192 rollout=2.1s train=1.1s transitions=1665
[iter 1628] score=3646 margin=+886 win_rate=0.88 eps=0.259 policy_loss=0.0024 value_loss=0.0536 entropy=5.7784 clip_frac=0.180 rollout=3.1s train=0.6s transitions=1651
[iter 1629] score=2805 margin=+1036 win_rate=0.88 eps=0.259 policy_loss=0.0384 value_loss=0.0485 entropy=5.5520 clip_frac=0.235 rollout=4.0s train=1.5s transitions=1591
[iter 1630] score=3502 margin=+1128 win_rate=0.81 eps=0.259 policy_loss=0.0066 value_loss=0.0437 entropy=5.4371 clip_frac=0.214 rollout=2.0s train=2.0s transitions=1632
[iter 1631] score=3778 margin=+859 win_rate=0.81 eps=0.259 policy_loss=0.0935 value_loss=0.0910 entropy=5.6134 clip_frac=0.336 rollout=3.3s train=0.6s transitions=1634
[iter 1632] score=3166 margin=+738 win_rate=0.81 eps=0.259 policy_loss=0.0149 value_loss=0.0428 entropy=5.3949 clip_frac=0.267 rollout=4.3s train=1.6s transitions=1624
[iter 1633] score=3247 margin=+1176 win_rate=0.88 eps=0.259 policy_loss=0.0441 value_loss=0.0656 entropy=5.5796 clip_frac=0.230 rollout=2.1s train=1.1s transitions=1598
[iter 1634] score=3311 margin=+1156 win_rate=0.81 eps=0.259 policy_loss=0.0015 value_loss=0.0505 entropy=5.5730 clip_frac=0.170 rollout=2.8s train=0.5s transitions=1620
[iter 1635] score=2958 margin=+725 win_rate=0.69 eps=0.259 policy_loss=-0.0014 value_loss=0.0415 entropy=5.6643 clip_frac=0.159 rollout=3.7s train=1.4s transitions=1612
[iter 1636] score=2814 margin=+644 win_rate=0.69 eps=0.259 policy_loss=-0.0070 value_loss=0.0584 entropy=5.7642 clip_frac=0.159 rollout=2.7s train=1.0s transitions=1595
[iter 1637] score=3447 margin=+1466 win_rate=0.81 eps=0.259 policy_loss=0.0166 value_loss=0.1136 entropy=5.5154 clip_frac=0.268 rollout=2.3s train=0.5s transitions=1611
[iter 1638] score=2922 margin=+810 win_rate=0.75 eps=0.259 policy_loss=0.0078 value_loss=0.0977 entropy=5.6381 clip_frac=0.170 rollout=4.7s train=1.4s transitions=1595
[iter 1639] score=2436 margin=+392 win_rate=0.75 eps=0.259 policy_loss=0.0078 value_loss=0.0695 entropy=5.5249 clip_frac=0.190 rollout=2.0s train=1.0s transitions=1592
[iter 1640] score=2928 margin=+474 win_rate=0.62 eps=0.259 policy_loss=-0.0122 value_loss=0.0536 entropy=5.6426 clip_frac=0.176 rollout=2.8s train=0.5s transitions=1608
[iter 1641] score=2568 margin=+597 win_rate=0.81 eps=0.259 policy_loss=0.0028 value_loss=0.0383 entropy=5.5392 clip_frac=0.183 rollout=3.8s train=1.3s transitions=1642
[iter 1642] score=3031 margin=+939 win_rate=0.75 eps=0.259 policy_loss=0.0051 value_loss=0.0516 entropy=5.5406 clip_frac=0.212 rollout=2.9s train=0.7s transitions=1649
[iter 1643] score=3185 margin=+789 win_rate=0.75 eps=0.259 policy_loss=0.0087 value_loss=0.0557 entropy=5.5592 clip_frac=0.208 rollout=2.3s train=0.5s transitions=1619
[iter 1644] score=3096 margin=+727 win_rate=0.75 eps=0.259 policy_loss=0.0106 value_loss=0.0335 entropy=5.6565 clip_frac=0.183 rollout=3.7s train=1.4s transitions=1600
[iter 1645] score=3100 margin=+996 win_rate=0.88 eps=0.259 policy_loss=0.0129 value_loss=0.0438 entropy=5.4931 clip_frac=0.204 rollout=2.3s train=1.0s transitions=1648
[iter 1646] score=3076 margin=+280 win_rate=0.75 eps=0.259 policy_loss=0.0003 value_loss=0.0959 entropy=5.5400 clip_frac=0.287 rollout=2.6s train=0.5s transitions=1691
[iter 1647] score=3269 margin=+887 win_rate=0.69 eps=0.259 policy_loss=-0.0141 value_loss=0.0731 entropy=5.6776 clip_frac=0.156 rollout=4.8s train=0.6s transitions=1629
[iter 1648] score=2516 margin=+120 win_rate=0.62 eps=0.259 policy_loss=0.0092 value_loss=0.0483 entropy=5.6499 clip_frac=0.129 rollout=3.8s train=0.9s transitions=1639
[iter 1649] score=3664 margin=+1057 win_rate=0.81 eps=0.259 policy_loss=-0.0032 value_loss=0.0745 entropy=5.5726 clip_frac=0.265 rollout=2.0s train=0.6s transitions=1577
[iter 1650] score=2485 margin=+588 win_rate=0.81 eps=0.259 policy_loss=0.0107 value_loss=0.0367 entropy=5.5608 clip_frac=0.183 rollout=3.5s train=0.6s transitions=1624
[iter 1651] score=3173 margin=+848 win_rate=0.75 eps=0.259 policy_loss=-0.0019 value_loss=0.0496 entropy=5.5136 clip_frac=0.208 rollout=4.0s train=1.4s transitions=1640
[iter 1652] score=2743 margin=+539 win_rate=0.75 eps=0.259 policy_loss=0.0054 value_loss=0.0269 entropy=5.4788 clip_frac=0.201 rollout=2.2s train=1.0s transitions=1636
[iter 1653] score=3570 margin=+902 win_rate=0.75 eps=0.259 policy_loss=0.1422 value_loss=0.0418 entropy=5.5371 clip_frac=0.299 rollout=2.9s train=0.5s transitions=1606
[iter 1654] score=2711 margin=+514 win_rate=0.75 eps=0.259 policy_loss=0.0029 value_loss=0.0391 entropy=5.5792 clip_frac=0.208 rollout=3.7s train=1.4s transitions=1617
[iter 1655] score=2768 margin=+408 win_rate=0.69 eps=0.259 policy_loss=0.0019 value_loss=0.0664 entropy=5.6694 clip_frac=0.205 rollout=2.7s train=0.9s transitions=1608
[iter 1656] score=3231 margin=+884 win_rate=0.69 eps=0.259 policy_loss=-0.0047 value_loss=0.0926 entropy=5.3886 clip_frac=0.225 rollout=3.1s train=0.5s transitions=1615
[iter 1657] score=3532 margin=+1119 win_rate=0.94 eps=0.259 policy_loss=0.0133 value_loss=0.0630 entropy=5.4914 clip_frac=0.249 rollout=3.9s train=1.4s transitions=1593
[iter 1658] score=2611 margin=+732 win_rate=0.75 eps=0.259 policy_loss=0.0296 value_loss=0.0437 entropy=5.4620 clip_frac=0.216 rollout=2.1s train=1.1s transitions=1658
[iter 1659] score=3315 margin=+692 win_rate=0.94 eps=0.259 policy_loss=-0.0028 value_loss=0.0779 entropy=5.3336 clip_frac=0.232 rollout=2.7s train=0.5s transitions=1610
[iter 1660] score=2876 margin=+216 win_rate=0.56 eps=0.258 policy_loss=0.0253 value_loss=0.0472 entropy=5.7284 clip_frac=0.231 rollout=3.7s train=0.7s transitions=1567
[iter 1661] score=2993 margin=+835 win_rate=0.81 eps=0.258 policy_loss=0.0011 value_loss=0.0462 entropy=5.3986 clip_frac=0.195 rollout=3.7s train=0.7s transitions=1623
[iter 1662] score=2678 margin=+161 win_rate=0.56 eps=0.258 policy_loss=0.0224 value_loss=0.0657 entropy=5.7469 clip_frac=0.250 rollout=1.9s train=0.8s transitions=1609
[iter 1663] score=3170 margin=+737 win_rate=0.62 eps=0.258 policy_loss=0.0325 value_loss=0.0797 entropy=5.4426 clip_frac=0.413 rollout=3.4s train=1.4s transitions=1625
[iter 1664] score=3131 margin=+734 win_rate=0.81 eps=0.258 policy_loss=0.0234 value_loss=0.0489 entropy=5.5728 clip_frac=0.256 rollout=3.8s train=1.4s transitions=1607
[iter 1665] score=3570 margin=+1015 win_rate=0.88 eps=0.258 policy_loss=0.0554 value_loss=0.0971 entropy=5.4549 clip_frac=0.316 rollout=2.2s train=1.0s transitions=1617
[iter 1666] score=2897 margin=+426 win_rate=0.69 eps=0.258 policy_loss=-0.0158 value_loss=0.0465 entropy=5.7143 clip_frac=0.254 rollout=2.8s train=0.5s transitions=1639
[iter 1667] score=2921 margin=+965 win_rate=0.94 eps=0.258 policy_loss=0.0010 value_loss=0.0397 entropy=5.3779 clip_frac=0.210 rollout=3.8s train=0.5s transitions=1619
[iter 1668] score=3000 margin=+876 win_rate=0.81 eps=0.258 policy_loss=0.0008 value_loss=0.0415 entropy=5.4083 clip_frac=0.237 rollout=3.9s train=1.4s transitions=1635
[iter 1669] score=2567 margin=+579 win_rate=0.75 eps=0.258 policy_loss=0.0163 value_loss=0.0574 entropy=5.3571 clip_frac=0.224 rollout=2.0s train=0.9s transitions=1618
[iter 1670] score=3048 margin=+731 win_rate=0.81 eps=0.258 policy_loss=0.0126 value_loss=0.0334 entropy=5.4269 clip_frac=0.257 rollout=3.0s train=0.5s transitions=1632
[iter 1671] score=2808 margin=+716 win_rate=0.75 eps=0.258 policy_loss=0.0171 value_loss=0.0776 entropy=5.2740 clip_frac=0.201 rollout=3.9s train=2.3s transitions=1647
[iter 1672] score=2733 margin=+619 win_rate=0.88 eps=0.258 policy_loss=0.0084 value_loss=0.0469 entropy=5.4907 clip_frac=0.160 rollout=2.0s train=0.9s transitions=1600
[iter 1673] score=2991 margin=+544 win_rate=0.88 eps=0.258 policy_loss=0.0175 value_loss=0.0659 entropy=5.6859 clip_frac=0.222 rollout=3.1s train=0.5s transitions=1663
[iter 1674] score=3396 margin=+1133 win_rate=0.81 eps=0.258 policy_loss=0.0010 value_loss=0.0676 entropy=5.5631 clip_frac=0.181 rollout=3.6s train=1.4s transitions=1589
[iter 1675] score=2904 margin=+795 win_rate=0.81 eps=0.258 policy_loss=0.0298 value_loss=0.0454 entropy=5.5715 clip_frac=0.187 rollout=2.0s train=1.1s transitions=1620
[iter 1676] score=2642 margin=+512 win_rate=0.69 eps=0.258 policy_loss=0.0084 value_loss=0.0451 entropy=5.2357 clip_frac=0.175 rollout=2.8s train=0.5s transitions=1605
[iter 1677] score=2796 margin=+648 win_rate=0.75 eps=0.258 policy_loss=0.0037 value_loss=0.0530 entropy=5.6740 clip_frac=0.202 rollout=3.8s train=1.4s transitions=1653
[iter 1678] score=3200 margin=+668 win_rate=0.62 eps=0.258 policy_loss=0.2884 value_loss=0.0625 entropy=5.6986 clip_frac=0.223 rollout=2.8s train=0.9s transitions=1618
[iter 1679] score=2726 margin=+558 win_rate=0.75 eps=0.258 policy_loss=0.0210 value_loss=0.0472 entropy=5.4942 clip_frac=0.226 rollout=2.2s train=0.5s transitions=1624
[iter 1680] score=3074 margin=+476 win_rate=0.62 eps=0.258 policy_loss=0.0457 value_loss=0.0503 entropy=5.5452 clip_frac=0.222 rollout=4.6s train=0.7s transitions=1649
[iter 1681] score=3124 margin=+769 win_rate=0.88 eps=0.258 policy_loss=-0.0029 value_loss=0.0430 entropy=5.6648 clip_frac=0.255 rollout=3.8s train=0.8s transitions=1604
[iter 1682] score=2570 margin=+366 win_rate=0.69 eps=0.258 policy_loss=-0.0074 value_loss=0.0650 entropy=5.5101 clip_frac=0.199 rollout=2.0s train=0.7s transitions=1586
[iter 1683] score=2955 margin=+682 win_rate=0.88 eps=0.258 policy_loss=-0.0045 value_loss=0.0401 entropy=5.6960 clip_frac=0.170 rollout=3.3s train=0.5s transitions=1625
[iter 1684] score=3046 margin=+612 win_rate=0.88 eps=0.258 policy_loss=0.0278 value_loss=0.0478 entropy=5.5914 clip_frac=0.245 rollout=4.1s train=1.3s transitions=1579
[iter 1685] score=2849 margin=+526 win_rate=0.62 eps=0.258 policy_loss=0.0071 value_loss=0.0320 entropy=5.4896 clip_frac=0.203 rollout=1.8s train=0.8s transitions=1612
[iter 1686] score=3208 margin=+509 win_rate=0.75 eps=0.258 policy_loss=0.0099 value_loss=0.0644 entropy=5.5305 clip_frac=0.244 rollout=3.3s train=0.7s transitions=1634
[iter 1687] score=3023 margin=+779 win_rate=0.75 eps=0.258 policy_loss=0.0076 value_loss=0.0447 entropy=5.6448 clip_frac=0.192 rollout=3.8s train=1.2s transitions=1620
[iter 1688] score=2563 margin=+318 win_rate=0.62 eps=0.258 policy_loss=0.0270 value_loss=0.0497 entropy=5.6826 clip_frac=0.200 rollout=2.8s train=1.0s transitions=1617
[iter 1689] score=2541 margin=+501 win_rate=0.81 eps=0.258 policy_loss=-0.0013 value_loss=0.0319 entropy=5.6430 clip_frac=0.185 rollout=3.0s train=0.5s transitions=1640
[iter 1690] score=3714 margin=+1068 win_rate=0.81 eps=0.258 policy_loss=0.0398 value_loss=0.0764 entropy=5.5867 clip_frac=0.266 rollout=4.0s train=1.4s transitions=1664
[iter 1691] score=3223 margin=+681 win_rate=0.75 eps=0.258 policy_loss=0.0534 value_loss=0.0513 entropy=5.4076 clip_frac=0.272 rollout=2.3s train=1.2s transitions=1578
[iter 1692] score=2936 margin=+877 win_rate=0.81 eps=0.258 policy_loss=0.0047 value_loss=0.0436 entropy=5.4084 clip_frac=0.209 rollout=2.4s train=0.5s transitions=1642
[iter 1693] score=3373 margin=+919 win_rate=0.75 eps=0.258 policy_loss=-0.0051 value_loss=0.0536 entropy=5.1989 clip_frac=0.246 rollout=3.8s train=1.1s transitions=1627
[iter 1694] score=3759 margin=+1125 win_rate=0.81 eps=0.258 policy_loss=-0.0130 value_loss=0.0539 entropy=5.3399 clip_frac=0.248 rollout=3.5s train=0.6s transitions=1600
[iter 1695] score=3683 margin=+1330 win_rate=0.88 eps=0.258 policy_loss=0.0261 value_loss=0.0424 entropy=5.2404 clip_frac=0.257 rollout=1.9s train=0.5s transitions=1635
[iter 1696] score=3113 margin=+928 win_rate=0.81 eps=0.258 policy_loss=-0.0166 value_loss=0.0524 entropy=5.2820 clip_frac=0.230 rollout=3.5s train=2.0s transitions=1562
[iter 1697] score=3174 margin=+700 win_rate=0.75 eps=0.258 policy_loss=0.0131 value_loss=0.0496 entropy=5.2532 clip_frac=0.257 rollout=3.3s train=0.6s transitions=1599
[iter 1698] score=3497 margin=+964 win_rate=0.75 eps=0.258 policy_loss=0.0405 value_loss=0.0405 entropy=5.2907 clip_frac=0.224 rollout=2.0s train=0.5s transitions=1624
[iter 1699] score=4101 margin=+1277 win_rate=0.88 eps=0.258 policy_loss=0.0084 value_loss=0.0437 entropy=5.3909 clip_frac=0.246 rollout=3.6s train=0.7s transitions=1664
[iter 1699] checkpoint saved: checkpoints/20260910-090433_iter1700.pt

  eval @ iter 1700 - 100 greedy episodes vs each boss (77s)
boss           score      opp    margin    win   conn   zero
------------------------------------------------------------
level1          1429        0     +1429   1.00    34%     0%
level1Pro       1575       54     +1521   0.98    36%     2%
level2          3667     2262     +1405   0.89    97%     0%
level2Pro       4260     3046     +1214   0.82   100%     0%

[iter 1700] score=3586 margin=+1594 win_rate=0.81 eps=0.257 policy_loss=0.0137 value_loss=0.0826 entropy=5.1202 clip_frac=0.239 rollout=1.9s train=0.9s transitions=1620
[iter 1701] score=3150 margin=+27 win_rate=0.38 eps=0.257 policy_loss=0.0525 value_loss=0.1512 entropy=5.6664 clip_frac=0.231 rollout=3.0s train=0.5s transitions=1638
[iter 1702] score=3071 margin=+1098 win_rate=0.81 eps=0.257 policy_loss=0.0103 value_loss=0.0495 entropy=5.2398 clip_frac=0.298 rollout=3.9s train=2.3s transitions=1631
[iter 1703] score=2769 margin=+766 win_rate=0.75 eps=0.257 policy_loss=0.0494 value_loss=0.0570 entropy=5.2116 clip_frac=0.180 rollout=1.8s train=0.8s transitions=1612
[iter 1704] score=3202 margin=+1139 win_rate=0.75 eps=0.257 policy_loss=0.0306 value_loss=0.0708 entropy=5.1120 clip_frac=0.222 rollout=3.1s train=0.8s transitions=1595
[iter 1705] score=2879 margin=+768 win_rate=0.75 eps=0.257 policy_loss=0.0030 value_loss=0.0599 entropy=5.5560 clip_frac=0.213 rollout=3.8s train=0.8s transitions=1610
[iter 1706] score=3337 margin=+1058 win_rate=0.69 eps=0.257 policy_loss=0.0176 value_loss=0.0696 entropy=5.2083 clip_frac=0.241 rollout=2.0s train=0.7s transitions=1602
[iter 1707] score=3407 margin=+1002 win_rate=0.88 eps=0.257 policy_loss=0.0566 value_loss=0.0499 entropy=5.5183 clip_frac=0.230 rollout=3.3s train=0.9s transitions=1618
[iter 1708] score=3549 margin=+1104 win_rate=0.69 eps=0.257 policy_loss=0.0045 value_loss=0.0660 entropy=5.7074 clip_frac=0.248 rollout=3.4s train=0.6s transitions=1647
[iter 1709] score=3606 margin=+1158 win_rate=0.88 eps=0.257 policy_loss=-0.0031 value_loss=0.0386 entropy=5.3978 clip_frac=0.169 rollout=2.0s train=0.6s transitions=1645
[iter 1710] score=3122 margin=+726 win_rate=0.75 eps=0.257 policy_loss=0.0206 value_loss=0.0640 entropy=5.4490 clip_frac=0.240 rollout=3.5s train=1.1s transitions=1689
[iter 1711] score=3311 margin=+1007 win_rate=0.69 eps=0.257 policy_loss=0.0067 value_loss=0.0724 entropy=5.4279 clip_frac=0.229 rollout=4.2s train=0.7s transitions=1635
[iter 1712] score=3282 margin=+1091 win_rate=0.81 eps=0.257 policy_loss=0.0040 value_loss=0.0481 entropy=5.4126 clip_frac=0.196 rollout=2.2s train=0.5s transitions=1595
[iter 1713] score=3468 margin=+1157 win_rate=0.81 eps=0.257 policy_loss=0.0094 value_loss=0.0522 entropy=5.3026 clip_frac=0.224 rollout=3.5s train=0.9s transitions=1637
[iter 1714] score=3200 margin=+694 win_rate=0.56 eps=0.257 policy_loss=0.0008 value_loss=0.0797 entropy=5.5266 clip_frac=0.227 rollout=3.3s train=0.6s transitions=1590
[iter 1715] score=3308 margin=+1053 win_rate=0.81 eps=0.257 policy_loss=0.0100 value_loss=0.0640 entropy=5.3915 clip_frac=0.208 rollout=2.0s train=0.5s transitions=1660
[iter 1716] score=2800 margin=+540 win_rate=0.69 eps=0.257 policy_loss=0.0472 value_loss=0.0613 entropy=5.4506 clip_frac=0.257 rollout=3.6s train=0.8s transitions=1608
[iter 1717] score=3079 margin=+869 win_rate=0.75 eps=0.257 policy_loss=0.0605 value_loss=0.0610 entropy=5.5635 clip_frac=0.307 rollout=3.6s train=0.6s transitions=1645
[iter 1718] score=3561 margin=+1192 win_rate=0.69 eps=0.257 policy_loss=0.0358 value_loss=0.0615 entropy=5.4443 clip_frac=0.320 rollout=1.9s train=0.6s transitions=1604
[iter 1719] score=3210 margin=+743 win_rate=0.81 eps=0.257 policy_loss=0.0203 value_loss=0.0911 entropy=5.7461 clip_frac=0.211 rollout=3.6s train=0.6s transitions=1620
[iter 1720] score=3087 margin=+644 win_rate=0.81 eps=0.257 policy_loss=0.0008 value_loss=0.0631 entropy=5.3135 clip_frac=0.199 rollout=5.0s train=1.4s transitions=1604
[iter 1721] score=2872 margin=+1037 win_rate=0.81 eps=0.257 policy_loss=-0.0045 value_loss=0.0504 entropy=5.4331 clip_frac=0.229 rollout=2.0s train=1.0s transitions=1646
[iter 1722] score=3757 margin=+1286 win_rate=0.94 eps=0.257 policy_loss=0.1004 value_loss=0.0928 entropy=5.5795 clip_frac=0.403 rollout=4.4s train=0.9s transitions=1618
[iter 1723] score=3334 margin=+1122 win_rate=0.88 eps=0.257 policy_loss=-0.0022 value_loss=0.0512 entropy=5.3961 clip_frac=0.263 rollout=3.4s train=0.5s transitions=1648
[iter 1724] score=2988 margin=+1115 win_rate=0.75 eps=0.257 policy_loss=0.0116 value_loss=0.0477 entropy=5.1982 clip_frac=0.240 rollout=4.6s train=1.0s transitions=1614
[iter 1725] score=3353 margin=+867 win_rate=0.75 eps=0.257 policy_loss=0.0044 value_loss=0.0704 entropy=5.4042 clip_frac=0.288 rollout=3.8s train=0.5s transitions=1638
[iter 1726] score=3307 margin=+1024 win_rate=0.94 eps=0.257 policy_loss=0.0040 value_loss=0.0464 entropy=5.2985 clip_frac=0.217 rollout=4.7s train=0.8s transitions=1655
[iter 1727] score=2690 margin=+816 win_rate=0.75 eps=0.257 policy_loss=0.0217 value_loss=0.0543 entropy=5.4364 clip_frac=0.200 rollout=5.2s train=0.5s transitions=1610
[iter 1728] score=4322 margin=+1889 win_rate=0.94 eps=0.257 policy_loss=0.0652 value_loss=0.1815 entropy=5.1594 clip_frac=0.355 rollout=4.4s train=0.9s transitions=1623
[iter 1729] score=3701 margin=+1215 win_rate=0.75 eps=0.257 policy_loss=0.0193 value_loss=0.1080 entropy=5.1386 clip_frac=0.215 rollout=5.6s train=1.0s transitions=1661
[iter 1730] score=2602 margin=+603 win_rate=0.69 eps=0.257 policy_loss=0.1193 value_loss=0.0564 entropy=5.4333 clip_frac=0.341 rollout=4.7s train=0.6s transitions=1612
[iter 1731] score=3060 margin=+953 win_rate=0.69 eps=0.257 policy_loss=-0.0161 value_loss=0.0549 entropy=5.5265 clip_frac=0.127 rollout=2.6s train=0.5s transitions=1663
[iter 1732] score=3221 margin=+1131 win_rate=0.81 eps=0.257 policy_loss=0.0247 value_loss=0.0386 entropy=5.1085 clip_frac=0.180 rollout=1.9s train=0.5s transitions=1600
[iter 1733] score=3957 margin=+1611 win_rate=0.81 eps=0.257 policy_loss=0.0375 value_loss=0.0872 entropy=5.3127 clip_frac=0.306 rollout=2.2s train=1.2s transitions=1639
[iter 1734] score=3459 margin=+942 win_rate=0.88 eps=0.257 policy_loss=-0.0275 value_loss=0.0789 entropy=5.5629 clip_frac=0.240 rollout=3.5s train=0.5s transitions=1602
[iter 1735] score=2254 margin=-5 win_rate=0.44 eps=0.257 policy_loss=0.0269 value_loss=0.1357 entropy=5.6884 clip_frac=0.231 rollout=3.8s train=1.4s transitions=1598
[iter 1736] score=3333 margin=+810 win_rate=0.81 eps=0.257 policy_loss=0.0247 value_loss=0.1021 entropy=5.6579 clip_frac=0.275 rollout=3.1s train=0.6s transitions=1610
[iter 1737] score=3592 margin=+1350 win_rate=0.88 eps=0.257 policy_loss=0.0126 value_loss=0.0808 entropy=5.2996 clip_frac=0.248 rollout=2.2s train=0.5s transitions=1596
[iter 1738] score=3836 margin=+1642 win_rate=0.94 eps=0.257 policy_loss=0.0332 value_loss=0.1088 entropy=5.3333 clip_frac=0.342 rollout=3.6s train=0.8s transitions=1632
[iter 1739] score=2836 margin=+700 win_rate=0.75 eps=0.257 policy_loss=0.0831 value_loss=0.1820 entropy=5.3766 clip_frac=0.305 rollout=3.7s train=0.5s transitions=1610
[iter 1740] score=3943 margin=+1614 win_rate=0.88 eps=0.256 policy_loss=0.0449 value_loss=0.0986 entropy=5.4255 clip_frac=0.336 rollout=2.0s train=0.7s transitions=1642
[iter 1741] score=3715 margin=+1317 win_rate=0.75 eps=0.256 policy_loss=0.0261 value_loss=0.0846 entropy=5.2983 clip_frac=0.205 rollout=3.4s train=0.5s transitions=1590
[iter 1742] score=3509 margin=+1544 win_rate=0.94 eps=0.256 policy_loss=0.0021 value_loss=0.0649 entropy=5.2362 clip_frac=0.186 rollout=4.1s train=2.3s transitions=1612
[iter 1743] score=3523 margin=+1352 win_rate=0.88 eps=0.256 policy_loss=0.0255 value_loss=0.0620 entropy=5.5008 clip_frac=0.256 rollout=1.9s train=0.9s transitions=1637
[iter 1744] score=3688 margin=+1333 win_rate=0.94 eps=0.256 policy_loss=0.0374 value_loss=0.0534 entropy=5.3205 clip_frac=0.273 rollout=3.1s train=0.6s transitions=1602
[iter 1745] score=3477 margin=+1267 win_rate=0.94 eps=0.256 policy_loss=0.0339 value_loss=0.0399 entropy=5.3142 clip_frac=0.246 rollout=4.0s train=1.2s transitions=1687
[iter 1746] score=3701 margin=+1345 win_rate=0.88 eps=0.256 policy_loss=0.0016 value_loss=0.0486 entropy=5.4176 clip_frac=0.288 rollout=2.0s train=0.8s transitions=1637
[iter 1747] score=3220 margin=+629 win_rate=0.62 eps=0.256 policy_loss=0.0180 value_loss=0.0760 entropy=5.5002 clip_frac=0.207 rollout=3.3s train=0.5s transitions=1633
[iter 1748] score=3796 margin=+1729 win_rate=0.94 eps=0.256 policy_loss=-0.0052 value_loss=0.1134 entropy=5.2386 clip_frac=0.299 rollout=3.9s train=1.4s transitions=1649
[iter 1749] score=3490 margin=+962 win_rate=0.81 eps=0.256 policy_loss=-0.0192 value_loss=0.0925 entropy=5.3573 clip_frac=0.251 rollout=2.0s train=0.8s transitions=1617
[iter 1750] score=3168 margin=+968 win_rate=0.81 eps=0.256 policy_loss=-0.0081 value_loss=0.0489 entropy=5.5369 clip_frac=0.215 rollout=3.4s train=0.5s transitions=1615
[iter 1751] score=3046 margin=+947 win_rate=0.88 eps=0.256 policy_loss=0.0056 value_loss=0.0476 entropy=5.5759 clip_frac=0.210 rollout=4.8s train=1.4s transitions=1641
[iter 1752] score=3656 margin=+1508 win_rate=0.94 eps=0.256 policy_loss=0.0383 value_loss=0.0917 entropy=5.2214 clip_frac=0.352 rollout=2.3s train=1.2s transitions=1611
[iter 1753] score=3300 margin=+934 win_rate=0.88 eps=0.256 policy_loss=0.0169 value_loss=0.0421 entropy=5.3584 clip_frac=0.334 rollout=2.5s train=0.5s transitions=1646
[iter 1754] score=2662 margin=+442 win_rate=0.44 eps=0.256 policy_loss=0.0131 value_loss=0.0905 entropy=5.4908 clip_frac=0.373 rollout=3.7s train=1.2s transitions=1571
[iter 1755] score=3143 margin=+926 win_rate=0.75 eps=0.256 policy_loss=-0.0041 value_loss=0.0634 entropy=5.4611 clip_frac=0.330 rollout=3.1s train=0.7s transitions=1644
[iter 1756] score=3239 margin=+619 win_rate=0.75 eps=0.256 policy_loss=-0.0091 value_loss=0.0788 entropy=5.4083 clip_frac=0.248 rollout=2.2s train=0.5s transitions=1626
[iter 1757] score=3392 margin=+1085 win_rate=0.81 eps=0.256 policy_loss=0.0154 value_loss=0.0527 entropy=5.4407 clip_frac=0.226 rollout=3.8s train=0.8s transitions=1618
[iter 1758] score=3435 margin=+1127 win_rate=0.94 eps=0.256 policy_loss=0.0155 value_loss=0.0356 entropy=5.3916 clip_frac=0.175 rollout=3.8s train=0.6s transitions=1615
[iter 1759] score=2984 margin=+1069 win_rate=0.75 eps=0.256 policy_loss=0.0037 value_loss=0.0432 entropy=5.5909 clip_frac=0.313 rollout=2.8s train=0.6s transitions=1550
[iter 1760] score=3162 margin=+933 win_rate=0.88 eps=0.256 policy_loss=-0.0097 value_loss=0.0482 entropy=5.5124 clip_frac=0.342 rollout=3.5s train=0.5s transitions=1605
[iter 1761] score=3388 margin=+1085 win_rate=0.81 eps=0.256 policy_loss=0.0327 value_loss=0.0484 entropy=5.3984 clip_frac=0.243 rollout=3.9s train=1.3s transitions=1613
[iter 1762] score=3374 margin=+1063 win_rate=0.81 eps=0.256 policy_loss=0.0225 value_loss=0.0343 entropy=5.7142 clip_frac=0.208 rollout=2.1s train=1.0s transitions=1603
[iter 1763] score=3343 margin=+940 win_rate=0.69 eps=0.256 policy_loss=-0.0140 value_loss=0.0578 entropy=5.4645 clip_frac=0.206 rollout=2.9s train=0.5s transitions=1622
[iter 1764] score=3973 margin=+1062 win_rate=0.88 eps=0.256 policy_loss=0.0082 value_loss=0.0677 entropy=5.3235 clip_frac=0.264 rollout=3.9s train=1.4s transitions=1628
[iter 1765] score=4044 margin=+1634 win_rate=0.81 eps=0.256 policy_loss=-0.0061 value_loss=0.0828 entropy=4.9614 clip_frac=0.317 rollout=2.0s train=0.8s transitions=1622
[iter 1766] score=3866 margin=+1337 win_rate=0.94 eps=0.256 policy_loss=0.0351 value_loss=0.0549 entropy=5.2316 clip_frac=0.246 rollout=3.1s train=0.5s transitions=1586
[iter 1767] score=4264 margin=+1905 win_rate=0.88 eps=0.256 policy_loss=0.0080 value_loss=0.1196 entropy=5.1382 clip_frac=0.350 rollout=4.0s train=2.2s transitions=1605
[iter 1768] score=3146 margin=+1073 win_rate=1.00 eps=0.256 policy_loss=0.0397 value_loss=0.0646 entropy=5.2873 clip_frac=0.274 rollout=1.9s train=0.5s transitions=1632
[iter 1769] score=3817 margin=+1635 win_rate=0.94 eps=0.256 policy_loss=0.0112 value_loss=0.0874 entropy=5.3248 clip_frac=0.322 rollout=3.5s train=0.5s transitions=1603
[iter 1770] score=3549 margin=+1248 win_rate=0.88 eps=0.256 policy_loss=0.0488 value_loss=0.0816 entropy=5.4453 clip_frac=0.253 rollout=3.9s train=1.3s transitions=1576
[iter 1771] score=3683 margin=+960 win_rate=0.81 eps=0.256 policy_loss=-0.0048 value_loss=0.0582 entropy=5.4769 clip_frac=0.217 rollout=1.9s train=0.9s transitions=1615
[iter 1772] score=3543 margin=+1502 win_rate=0.75 eps=0.256 policy_loss=-0.0145 value_loss=0.1006 entropy=5.1195 clip_frac=0.290 rollout=3.1s train=0.5s transitions=1565
[iter 1773] score=3263 margin=+1052 win_rate=0.81 eps=0.256 policy_loss=0.0655 value_loss=0.0658 entropy=5.4693 clip_frac=0.342 rollout=4.1s train=1.4s transitions=1622
[iter 1774] score=3672 margin=+1435 win_rate=0.94 eps=0.256 policy_loss=0.0401 value_loss=0.0847 entropy=5.2823 clip_frac=0.374 rollout=2.1s train=1.3s transitions=1605
[iter 1775] score=3163 margin=+1006 win_rate=0.88 eps=0.256 policy_loss=0.0079 value_loss=0.0799 entropy=5.3016 clip_frac=0.251 rollout=2.5s train=0.5s transitions=1617
[iter 1776] score=3204 margin=+1229 win_rate=0.81 eps=0.256 policy_loss=0.0050 value_loss=0.0392 entropy=5.2631 clip_frac=0.234 rollout=4.7s train=1.4s transitions=1613
[iter 1777] score=3467 margin=+1166 win_rate=0.88 eps=0.256 policy_loss=0.0113 value_loss=0.0854 entropy=5.3043 clip_frac=0.285 rollout=2.0s train=0.9s transitions=1608
[iter 1778] score=3662 margin=+1097 win_rate=0.81 eps=0.256 policy_loss=0.0993 value_loss=0.0630 entropy=5.2775 clip_frac=0.316 rollout=3.0s train=0.5s transitions=1615
[iter 1779] score=2554 margin=+593 win_rate=0.69 eps=0.256 policy_loss=0.0077 value_loss=0.0538 entropy=5.3045 clip_frac=0.343 rollout=3.9s train=1.3s transitions=1625
[iter 1780] score=2711 margin=+535 win_rate=0.56 eps=0.255 policy_loss=-0.0337 value_loss=0.1041 entropy=5.4534 clip_frac=0.279 rollout=1.9s train=0.7s transitions=1550
[iter 1781] score=2313 margin=+626 win_rate=0.81 eps=0.255 policy_loss=0.0166 value_loss=0.0454 entropy=5.3185 clip_frac=0.262 rollout=3.2s train=0.7s transitions=1704
[iter 1782] score=2904 margin=+643 win_rate=0.69 eps=0.255 policy_loss=-0.0043 value_loss=0.0653 entropy=5.1808 clip_frac=0.281 rollout=3.9s train=1.3s transitions=1619
[iter 1783] score=2655 margin=+565 win_rate=0.69 eps=0.255 policy_loss=0.0049 value_loss=0.0669 entropy=5.3905 clip_frac=0.297 rollout=2.0s train=0.9s transitions=1608
[iter 1784] score=2295 margin=+367 win_rate=0.62 eps=0.255 policy_loss=0.0163 value_loss=0.0502 entropy=5.1889 clip_frac=0.311 rollout=3.9s train=0.7s transitions=1530
[iter 1785] score=3029 margin=+716 win_rate=0.62 eps=0.255 policy_loss=0.0301 value_loss=0.0904 entropy=5.1480 clip_frac=0.405 rollout=3.6s train=0.6s transitions=1605
[iter 1786] score=3385 margin=+1043 win_rate=0.81 eps=0.255 policy_loss=0.0628 value_loss=0.1128 entropy=5.1675 clip_frac=0.402 rollout=2.1s train=0.8s transitions=1644
[iter 1787] score=3590 margin=+855 win_rate=0.75 eps=0.255 policy_loss=0.0078 value_loss=0.1458 entropy=5.2642 clip_frac=0.357 rollout=3.3s train=0.7s transitions=1582
[iter 1788] score=2727 margin=+560 win_rate=0.69 eps=0.255 policy_loss=0.0141 value_loss=0.0624 entropy=5.0339 clip_frac=0.310 rollout=3.5s train=0.5s transitions=1601
[iter 1789] score=2660 margin=+507 win_rate=0.62 eps=0.255 policy_loss=0.0290 value_loss=0.0490 entropy=5.0619 clip_frac=0.324 rollout=2.1s train=0.6s transitions=1611
[iter 1790] score=3588 margin=+887 win_rate=0.75 eps=0.255 policy_loss=0.0499 value_loss=0.0659 entropy=5.3452 clip_frac=0.379 rollout=3.4s train=0.7s transitions=1622
[iter 1791] score=2399 margin=+462 win_rate=0.62 eps=0.255 policy_loss=0.0451 value_loss=0.0501 entropy=5.0955 clip_frac=0.433 rollout=3.7s train=0.6s transitions=1580
[iter 1792] score=3035 margin=+595 win_rate=0.56 eps=0.255 policy_loss=0.0079 value_loss=0.0745 entropy=5.2327 clip_frac=0.314 rollout=1.9s train=0.6s transitions=1572
[iter 1793] score=3260 margin=+1027 win_rate=0.94 eps=0.255 policy_loss=0.0299 value_loss=0.1023 entropy=5.1718 clip_frac=0.373 rollout=4.5s train=0.6s transitions=1605
[iter 1794] score=2893 margin=+901 win_rate=0.69 eps=0.255 policy_loss=0.0125 value_loss=0.0622 entropy=5.3342 clip_frac=0.314 rollout=4.0s train=1.3s transitions=1609
[iter 1795] score=3045 margin=+843 win_rate=0.81 eps=0.255 policy_loss=0.0195 value_loss=0.0571 entropy=5.3512 clip_frac=0.285 rollout=1.9s train=0.9s transitions=1554
[iter 1796] score=3067 margin=+535 win_rate=0.75 eps=0.255 policy_loss=0.0947 value_loss=0.0991 entropy=5.4031 clip_frac=0.361 rollout=3.0s train=0.6s transitions=1544
[iter 1797] score=3112 margin=+688 win_rate=0.75 eps=0.255 policy_loss=0.0230 value_loss=0.0646 entropy=5.3918 clip_frac=0.295 rollout=4.0s train=1.3s transitions=1634
[iter 1798] score=3391 margin=+910 win_rate=0.69 eps=0.255 policy_loss=0.0203 value_loss=0.0801 entropy=5.3305 clip_frac=0.345 rollout=2.0s train=0.9s transitions=1651
[iter 1799] score=3102 margin=+1096 win_rate=0.81 eps=0.255 policy_loss=0.0149 value_loss=0.0529 entropy=5.1083 clip_frac=0.302 rollout=3.1s train=0.5s transitions=1656
[iter 1799] checkpoint saved: checkpoints/20260910-090433_iter1800.pt

  eval @ iter 1800 - 100 greedy episodes vs each boss (78s)
boss           score      opp    margin    win   conn   zero
------------------------------------------------------------
level1          1213        0     +1213   0.97    28%     3%
level1Pro       1257       43     +1214   0.95    29%     5%
level2          3759     2226     +1533   0.89    96%     0%
level2Pro       4128     3143      +985   0.76   100%     0%

[iter 1800] score=4044 margin=+1386 win_rate=0.69 eps=0.255 policy_loss=0.0210 value_loss=0.1132 entropy=5.1657 clip_frac=0.296 rollout=2.8s train=0.5s transitions=1657
[iter 1801] score=2662 margin=+586 win_rate=0.69 eps=0.255 policy_loss=0.0499 value_loss=0.0782 entropy=5.2440 clip_frac=0.505 rollout=4.0s train=1.2s transitions=1601
[iter 1802] score=3004 margin=+718 win_rate=0.69 eps=0.255 policy_loss=0.0875 value_loss=0.0965 entropy=5.4595 clip_frac=0.358 rollout=3.0s train=0.6s transitions=1623
[iter 1803] score=2986 margin=+657 win_rate=0.62 eps=0.255 policy_loss=0.0251 value_loss=0.0476 entropy=5.4380 clip_frac=0.254 rollout=2.1s train=0.6s transitions=1634
[iter 1804] score=3956 margin=+1311 win_rate=0.81 eps=0.255 policy_loss=0.0021 value_loss=0.0774 entropy=5.4177 clip_frac=0.283 rollout=3.6s train=0.9s transitions=1627
[iter 1805] score=3600 margin=+836 win_rate=0.75 eps=0.255 policy_loss=0.0455 value_loss=0.0914 entropy=5.7475 clip_frac=0.314 rollout=3.6s train=0.6s transitions=1617
[iter 1806] score=3004 margin=+423 win_rate=0.62 eps=0.255 policy_loss=0.0183 value_loss=0.0851 entropy=5.8627 clip_frac=0.312 rollout=2.0s train=0.6s transitions=1602
[iter 1807] score=2921 margin=+464 win_rate=0.56 eps=0.255 policy_loss=0.0136 value_loss=0.0598 entropy=5.7665 clip_frac=0.206 rollout=4.6s train=1.0s transitions=1635
[iter 1808] score=3204 margin=+610 win_rate=0.75 eps=0.255 policy_loss=-0.0048 value_loss=0.0590 entropy=5.8308 clip_frac=0.239 rollout=3.6s train=0.6s transitions=1596
[iter 1809] score=2629 margin=+608 win_rate=0.62 eps=0.255 policy_loss=-0.0032 value_loss=0.0517 entropy=5.4010 clip_frac=0.312 rollout=1.9s train=0.6s transitions=1647
[iter 1810] score=3179 margin=+1209 win_rate=0.75 eps=0.255 policy_loss=-0.0059 value_loss=0.0589 entropy=5.2202 clip_frac=0.214 rollout=3.5s train=1.2s transitions=1644
[iter 1811] score=3239 margin=+1079 win_rate=0.88 eps=0.255 policy_loss=0.0016 value_loss=0.0455 entropy=5.5733 clip_frac=0.249 rollout=3.5s train=0.6s transitions=1624
[iter 1812] score=2874 margin=+693 win_rate=0.75 eps=0.255 policy_loss=0.0060 value_loss=0.0393 entropy=5.4919 clip_frac=0.213 rollout=1.9s train=0.5s transitions=1657
[iter 1813] score=3402 margin=+1322 win_rate=0.88 eps=0.255 policy_loss=0.0334 value_loss=0.0573 entropy=5.1163 clip_frac=0.216 rollout=3.6s train=1.1s transitions=1585
[iter 1814] score=3595 margin=+1122 win_rate=0.88 eps=0.255 policy_loss=0.0336 value_loss=0.0688 entropy=5.4859 clip_frac=0.263 rollout=3.0s train=0.6s transitions=1600
[iter 1815] score=3455 margin=+1420 win_rate=0.94 eps=0.255 policy_loss=-0.0069 value_loss=0.0505 entropy=5.4811 clip_frac=0.195 rollout=2.4s train=0.5s transitions=1658
[iter 1816] score=3935 margin=+1534 win_rate=0.88 eps=0.255 policy_loss=0.0201 value_loss=0.0838 entropy=5.3546 clip_frac=0.228 rollout=4.9s train=1.1s transitions=1653
[iter 1817] score=3122 margin=+660 win_rate=0.62 eps=0.255 policy_loss=0.0258 value_loss=0.1325 entropy=5.6502 clip_frac=0.284 rollout=2.9s train=0.7s transitions=1609
[iter 1818] score=2849 margin=+931 win_rate=0.88 eps=0.255 policy_loss=-0.0238 value_loss=0.0417 entropy=5.6202 clip_frac=0.214 rollout=2.3s train=0.5s transitions=1599
[iter 1819] score=3001 margin=+1251 win_rate=0.94 eps=0.255 policy_loss=0.0298 value_loss=0.0700 entropy=5.2797 clip_frac=0.249 rollout=3.6s train=1.3s transitions=1601
[iter 1820] score=4334 margin=+1657 win_rate=0.88 eps=0.254 policy_loss=0.0089 value_loss=0.0668 entropy=5.6518 clip_frac=0.294 rollout=2.9s train=1.1s transitions=1644
[iter 1821] score=2678 margin=+753 win_rate=0.69 eps=0.254 policy_loss=0.0037 value_loss=0.0801 entropy=5.5564 clip_frac=0.340 rollout=2.1s train=0.5s transitions=1588
[iter 1822] score=3591 margin=+1444 win_rate=0.94 eps=0.254 policy_loss=0.0199 value_loss=0.0716 entropy=5.4134 clip_frac=0.259 rollout=4.3s train=1.5s transitions=1714
[iter 1823] score=3083 margin=+1031 win_rate=0.75 eps=0.254 policy_loss=0.0126 value_loss=0.0556 entropy=5.5033 clip_frac=0.186 rollout=3.0s train=1.0s transitions=1635
[iter 1824] score=3338 margin=+1157 win_rate=0.81 eps=0.254 policy_loss=0.0025 value_loss=0.0562 entropy=5.5117 clip_frac=0.195 rollout=3.3s train=1.1s transitions=1624
[iter 1825] score=3587 margin=+1276 win_rate=0.81 eps=0.254 policy_loss=0.0231 value_loss=0.0735 entropy=5.5262 clip_frac=0.202 rollout=3.9s train=0.6s transitions=1690
[iter 1826] score=3380 margin=+998 win_rate=0.81 eps=0.254 policy_loss=0.0160 value_loss=0.0370 entropy=5.6065 clip_frac=0.179 rollout=3.9s train=0.9s transitions=1622
[iter 1827] score=3470 margin=+1296 win_rate=0.88 eps=0.254 policy_loss=0.0319 value_loss=0.0541 entropy=5.3375 clip_frac=0.238 rollout=1.9s train=0.5s transitions=1602
[iter 1828] score=3202 margin=+1172 win_rate=0.88 eps=0.254 policy_loss=-0.0125 value_loss=0.0394 entropy=5.3359 clip_frac=0.175 rollout=3.5s train=1.9s transitions=1665
[iter 1829] score=3693 margin=+1371 win_rate=1.00 eps=0.254 policy_loss=-0.0043 value_loss=0.0380 entropy=5.4065 clip_frac=0.235 rollout=3.4s train=0.7s transitions=1680
[iter 1830] score=2648 margin=+680 win_rate=0.75 eps=0.254 policy_loss=0.0361 value_loss=0.0561 entropy=5.5508 clip_frac=0.246 rollout=2.4s train=1.5s transitions=1602
[iter 1831] score=2710 margin=+559 win_rate=0.75 eps=0.254 policy_loss=0.0115 value_loss=0.0445 entropy=5.4299 clip_frac=0.235 rollout=5.2s train=1.4s transitions=1621
[iter 1832] score=2993 margin=+800 win_rate=0.81 eps=0.254 policy_loss=-0.0319 value_loss=0.0571 entropy=5.0576 clip_frac=0.233 rollout=3.0s train=0.7s transitions=1573
[iter 1833] score=3294 margin=+1281 win_rate=0.94 eps=0.254 policy_loss=0.0186 value_loss=0.0583 entropy=5.2951 clip_frac=0.228 rollout=2.6s train=0.5s transitions=1636
[iter 1834] score=3012 margin=+706 win_rate=0.69 eps=0.254 policy_loss=0.1357 value_loss=0.0720 entropy=5.4530 clip_frac=0.312 rollout=4.2s train=1.3s transitions=1618
[iter 1835] score=2872 margin=+481 win_rate=0.81 eps=0.254 policy_loss=-0.0092 value_loss=0.0507 entropy=5.3356 clip_frac=0.242 rollout=1.9s train=0.8s transitions=1622
[iter 1836] score=3499 margin=+1165 win_rate=0.75 eps=0.254 policy_loss=0.0247 value_loss=0.0661 entropy=5.6124 clip_frac=0.344 rollout=3.2s train=1.2s transitions=1622
[iter 1837] score=3239 margin=+1184 win_rate=0.75 eps=0.254 policy_loss=0.0042 value_loss=0.0526 entropy=5.3997 clip_frac=0.371 rollout=4.2s train=0.6s transitions=1649
[iter 1838] score=2244 margin=+154 win_rate=0.62 eps=0.254 policy_loss=0.0305 value_loss=0.0912 entropy=5.5433 clip_frac=0.261 rollout=1.8s train=0.6s transitions=1587
[iter 1839] score=3412 margin=+1075 win_rate=0.62 eps=0.254 policy_loss=0.0087 value_loss=0.1267 entropy=5.5225 clip_frac=0.252 rollout=3.8s train=2.5s transitions=1640
[iter 1840] score=3410 margin=+811 win_rate=0.75 eps=0.254 policy_loss=-0.0061 value_loss=0.0762 entropy=5.6618 clip_frac=0.254 rollout=4.7s train=1.3s transitions=1659
[iter 1841] score=2867 margin=+715 win_rate=0.81 eps=0.254 policy_loss=0.0204 value_loss=0.0342 entropy=5.4430 clip_frac=0.234 rollout=1.9s train=1.8s transitions=1598
[iter 1842] score=3592 margin=+654 win_rate=0.69 eps=0.254 policy_loss=0.0184 value_loss=0.0883 entropy=5.5222 clip_frac=0.405 rollout=2.9s train=0.5s transitions=1625
[iter 1843] score=2434 margin=+586 win_rate=0.69 eps=0.254 policy_loss=0.0322 value_loss=0.0412 entropy=5.4568 clip_frac=0.331 rollout=4.2s train=1.3s transitions=1618
[iter 1844] score=2975 margin=+599 win_rate=0.75 eps=0.254 policy_loss=-0.0122 value_loss=0.0449 entropy=5.5273 clip_frac=0.212 rollout=2.0s train=1.5s transitions=1651
[iter 1845] score=3325 margin=+672 win_rate=0.75 eps=0.254 policy_loss=0.0279 value_loss=0.0788 entropy=5.6759 clip_frac=0.317 rollout=3.5s train=0.5s transitions=1643
[iter 1846] score=3660 margin=+647 win_rate=0.62 eps=0.254 policy_loss=0.0068 value_loss=0.0784 entropy=5.7684 clip_frac=0.252 rollout=4.3s train=2.3s transitions=1653
[iter 1847] score=3029 margin=+384 win_rate=0.50 eps=0.254 policy_loss=0.0329 value_loss=0.0880 entropy=5.7222 clip_frac=0.350 rollout=2.7s train=1.9s transitions=1617
[iter 1848] score=3538 margin=+1053 win_rate=0.69 eps=0.254 policy_loss=0.0096 value_loss=0.0592 entropy=5.4320 clip_frac=0.246 rollout=2.4s train=0.6s transitions=1652
[iter 1849] score=2422 margin=+346 win_rate=0.62 eps=0.254 policy_loss=-0.0013 value_loss=0.0627 entropy=5.4545 clip_frac=0.199 rollout=3.9s train=1.7s transitions=1586
[iter 1850] score=3437 margin=+770 win_rate=0.69 eps=0.254 policy_loss=0.0360 value_loss=0.0552 entropy=5.4589 clip_frac=0.300 rollout=3.2s train=1.0s transitions=1649
[iter 1851] score=3629 margin=+1303 win_rate=0.81 eps=0.254 policy_loss=0.0085 value_loss=0.0892 entropy=5.2843 clip_frac=0.250 rollout=2.6s train=1.5s transitions=1633
[iter 1852] score=3990 margin=+1100 win_rate=0.75 eps=0.254 policy_loss=0.0670 value_loss=0.0707 entropy=5.5027 clip_frac=0.335 rollout=4.4s train=0.7s transitions=1617
[iter 1853] score=3263 margin=+1058 win_rate=0.69 eps=0.254 policy_loss=0.0259 value_loss=0.0735 entropy=5.2855 clip_frac=0.307 rollout=1.9s train=0.9s transitions=1562
[iter 1854] score=3751 margin=+1128 win_rate=0.88 eps=0.254 policy_loss=0.0350 value_loss=0.0662 entropy=5.3222 clip_frac=0.307 rollout=4.9s train=0.5s transitions=1615
[iter 1855] score=3693 margin=+818 win_rate=0.50 eps=0.254 policy_loss=0.0404 value_loss=0.1221 entropy=5.3995 clip_frac=0.283 rollout=4.2s train=2.2s transitions=1587
[iter 1856] score=3676 margin=+1079 win_rate=0.56 eps=0.254 policy_loss=0.0322 value_loss=0.0880 entropy=5.6095 clip_frac=0.450 rollout=2.4s train=0.9s transitions=1634
[iter 1857] score=2732 margin=+249 win_rate=0.69 eps=0.254 policy_loss=0.0174 value_loss=0.0834 entropy=5.4907 clip_frac=0.207 rollout=3.2s train=0.7s transitions=1631
[iter 1858] score=3186 margin=+746 win_rate=0.88 eps=0.254 policy_loss=0.0047 value_loss=0.0444 entropy=5.7248 clip_frac=0.236 rollout=4.0s train=1.2s transitions=1642
[iter 1859] score=2569 margin=-137 win_rate=0.50 eps=0.254 policy_loss=0.0504 value_loss=0.1716 entropy=5.7370 clip_frac=0.271 rollout=2.0s train=0.6s transitions=1626
[iter 1860] score=2884 margin=+103 win_rate=0.56 eps=0.253 policy_loss=-0.0149 value_loss=0.0917 entropy=5.7001 clip_frac=0.235 rollout=3.5s train=0.5s transitions=1642
[iter 1861] score=2521 margin=+122 win_rate=0.62 eps=0.253 policy_loss=0.0186 value_loss=0.0497 entropy=5.7531 clip_frac=0.242 rollout=4.0s train=2.7s transitions=1645
[iter 1862] score=2867 margin=+758 win_rate=0.75 eps=0.253 policy_loss=0.0245 value_loss=0.0730 entropy=5.6618 clip_frac=0.248 rollout=2.2s train=0.9s transitions=1610
[iter 1863] score=2735 margin=+397 win_rate=0.69 eps=0.253 policy_loss=-0.0166 value_loss=0.0436 entropy=5.5695 clip_frac=0.253 rollout=3.4s train=0.5s transitions=1620
[iter 1864] score=2577 margin=+349 win_rate=0.50 eps=0.253 policy_loss=-0.0271 value_loss=0.0446 entropy=5.5973 clip_frac=0.202 rollout=4.9s train=0.7s transitions=1608
[iter 1865] score=3792 margin=+945 win_rate=0.81 eps=0.253 policy_loss=0.0238 value_loss=0.0925 entropy=5.6243 clip_frac=0.232 rollout=5.1s train=0.5s transitions=1675
[iter 1866] score=2698 margin=-348 win_rate=0.50 eps=0.253 policy_loss=0.1963 value_loss=0.2773 entropy=5.7502 clip_frac=0.275 rollout=5.3s train=1.9s transitions=1624
[iter 1867] score=3695 margin=+1105 win_rate=0.69 eps=0.253 policy_loss=0.0199 value_loss=0.0704 entropy=5.7854 clip_frac=0.193 rollout=3.5s train=0.8s transitions=1669
[iter 1868] score=3586 margin=+679 win_rate=0.62 eps=0.253 policy_loss=0.0260 value_loss=0.0532 entropy=5.5634 clip_frac=0.288 rollout=6.2s train=0.9s transitions=1593
[iter 1869] score=2705 margin=+249 win_rate=0.62 eps=0.253 policy_loss=0.2164 value_loss=0.0866 entropy=5.7379 clip_frac=0.302 rollout=4.3s train=2.2s transitions=1622
[iter 1870] score=3680 margin=+1548 win_rate=0.88 eps=0.253 policy_loss=0.0553 value_loss=0.1530 entropy=5.5622 clip_frac=0.307 rollout=6.1s train=2.1s transitions=1617
[iter 1871] score=3684 margin=+825 win_rate=0.50 eps=0.253 policy_loss=0.0212 value_loss=0.0752 entropy=5.6512 clip_frac=0.285 rollout=5.7s train=0.6s transitions=1626
[iter 1872] score=2873 margin=+445 win_rate=0.62 eps=0.253 policy_loss=0.0136 value_loss=0.0934 entropy=5.5831 clip_frac=0.187 rollout=3.7s train=1.2s transitions=1625
[iter 1873] score=3257 margin=+807 win_rate=0.81 eps=0.253 policy_loss=0.0090 value_loss=0.0505 entropy=5.6172 clip_frac=0.219 rollout=3.4s train=0.5s transitions=1607
[iter 1874] score=2920 margin=+791 win_rate=0.88 eps=0.253 policy_loss=0.0100 value_loss=0.0426 entropy=5.4035 clip_frac=0.225 rollout=4.2s train=1.3s transitions=1641
[iter 1875] score=2616 margin=+514 win_rate=0.75 eps=0.253 policy_loss=0.0009 value_loss=0.0459 entropy=5.5254 clip_frac=0.179 rollout=2.0s train=1.8s transitions=1618
[iter 1876] score=2750 margin=+520 win_rate=0.69 eps=0.253 policy_loss=0.0169 value_loss=0.0697 entropy=5.6484 clip_frac=0.270 rollout=2.6s train=0.6s transitions=1644
[iter 1877] score=3164 margin=+551 win_rate=0.62 eps=0.253 policy_loss=0.0147 value_loss=0.0519 entropy=5.3995 clip_frac=0.255 rollout=4.1s train=0.5s transitions=1638
[iter 1878] score=2919 margin=+533 win_rate=0.62 eps=0.253 policy_loss=0.0002 value_loss=0.0528 entropy=5.5922 clip_frac=0.270 rollout=2.0s train=0.6s transitions=1608
[iter 1879] score=2194 margin=+30 win_rate=0.62 eps=0.253 policy_loss=0.0282 value_loss=0.0367 entropy=5.5489 clip_frac=0.268 rollout=3.6s train=0.9s transitions=1650
[iter 1880] score=3430 margin=+412 win_rate=0.62 eps=0.253 policy_loss=0.0896 value_loss=0.0634 entropy=5.6236 clip_frac=0.319 rollout=3.8s train=1.9s transitions=1620
[iter 1881] score=2579 margin=-43 win_rate=0.56 eps=0.253 policy_loss=0.0046 value_loss=0.0753 entropy=5.7569 clip_frac=0.268 rollout=3.2s train=0.9s transitions=1651
[iter 1882] score=2742 margin=-372 win_rate=0.44 eps=0.253 policy_loss=0.0089 value_loss=0.1068 entropy=5.6442 clip_frac=0.251 rollout=3.2s train=1.4s transitions=1660
[iter 1883] score=3310 margin=+669 win_rate=0.81 eps=0.253 policy_loss=0.0520 value_loss=0.2113 entropy=5.5056 clip_frac=0.306 rollout=4.3s train=0.6s transitions=1641
[iter 1884] score=2718 margin=+631 win_rate=0.81 eps=0.253 policy_loss=0.0375 value_loss=0.0678 entropy=5.1236 clip_frac=0.373 rollout=2.0s train=0.6s transitions=1613
[iter 1885] score=2891 margin=+918 win_rate=0.88 eps=0.253 policy_loss=0.0855 value_loss=0.0601 entropy=5.3155 clip_frac=0.325 rollout=3.4s train=1.5s transitions=1611
[iter 1886] score=3685 margin=+950 win_rate=0.69 eps=0.253 policy_loss=0.0552 value_loss=0.1157 entropy=5.6818 clip_frac=0.402 rollout=4.5s train=1.3s transitions=1571
[iter 1887] score=3166 margin=+1074 win_rate=0.75 eps=0.253 policy_loss=0.0364 value_loss=0.0999 entropy=5.2805 clip_frac=0.266 rollout=2.1s train=1.2s transitions=1601
[iter 1888] score=2820 margin=+303 win_rate=0.56 eps=0.253 policy_loss=0.0541 value_loss=0.1713 entropy=5.5807 clip_frac=0.414 rollout=2.7s train=0.5s transitions=1601
[iter 1889] score=2250 margin=-61 win_rate=0.50 eps=0.253 policy_loss=0.0082 value_loss=0.0944 entropy=5.6090 clip_frac=0.246 rollout=5.2s train=1.4s transitions=1616
[iter 1890] score=3494 margin=+911 win_rate=0.69 eps=0.253 policy_loss=-0.0033 value_loss=0.1087 entropy=5.5258 clip_frac=0.282 rollout=2.2s train=1.0s transitions=1647
[iter 1891] score=3039 margin=+358 win_rate=0.75 eps=0.253 policy_loss=0.0090 value_loss=0.0586 entropy=5.3966 clip_frac=0.297 rollout=3.1s train=2.2s transitions=1597
[iter 1892] score=2284 margin=-5 win_rate=0.56 eps=0.253 policy_loss=-0.0087 value_loss=0.0558 entropy=5.6640 clip_frac=0.253 rollout=3.1s train=0.9s transitions=1554
[iter 1893] score=2617 margin=+376 win_rate=0.69 eps=0.253 policy_loss=0.0290 value_loss=0.0402 entropy=5.5501 clip_frac=0.353 rollout=2.4s train=0.5s transitions=1580
[iter 1894] score=3774 margin=+490 win_rate=0.62 eps=0.253 policy_loss=-0.0031 value_loss=0.1162 entropy=5.4400 clip_frac=0.262 rollout=4.0s train=1.4s transitions=1648
[iter 1895] score=3144 margin=+70 win_rate=0.69 eps=0.253 policy_loss=0.0140 value_loss=0.1243 entropy=5.5583 clip_frac=0.264 rollout=2.5s train=1.0s transitions=1615
[iter 1896] score=3869 margin=+1030 win_rate=0.75 eps=0.253 policy_loss=0.0078 value_loss=0.1086 entropy=5.4686 clip_frac=0.285 rollout=3.9s train=0.5s transitions=1595
[iter 1897] score=2304 margin=-639 win_rate=0.31 eps=0.253 policy_loss=0.0962 value_loss=0.1727 entropy=5.6492 clip_frac=0.389 rollout=3.9s train=1.8s transitions=1598
[iter 1898] score=3645 margin=+901 win_rate=0.81 eps=0.253 policy_loss=0.0170 value_loss=0.1522 entropy=5.5400 clip_frac=0.340 rollout=3.6s train=0.7s transitions=1671
[iter 1899] score=3324 margin=+863 win_rate=0.81 eps=0.253 policy_loss=0.0036 value_loss=0.0617 entropy=5.5803 clip_frac=0.241 rollout=2.4s train=0.5s transitions=1636
[iter 1899] checkpoint saved: checkpoints/20260910-090433_iter1900.pt

  eval @ iter 1900 - 100 greedy episodes vs each boss (83s)
boss           score      opp    margin    win   conn   zero
------------------------------------------------------------
level1           887        0      +887   0.97    25%     3%
level1Pro       1039       41      +998   0.97    27%     3%
level2          3052     2502      +550   0.71    94%     0%
level2Pro       3539     3515       +25   0.49   100%     0%

[iter 1900] score=2138 margin=+39 win_rate=0.50 eps=0.252 policy_loss=0.0192 value_loss=0.0468 entropy=5.4798 clip_frac=0.307 rollout=2.8s train=0.5s transitions=1616
[iter 1901] score=2268 margin=-292 win_rate=0.38 eps=0.252 policy_loss=0.0050 value_loss=0.1103 entropy=5.4725 clip_frac=0.379 rollout=3.8s train=1.5s transitions=1606
[iter 1902] score=1967 margin=+355 win_rate=0.75 eps=0.252 policy_loss=0.0916 value_loss=0.1365 entropy=5.5602 clip_frac=0.340 rollout=2.1s train=0.8s transitions=1569
[iter 1903] score=3164 margin=+664 win_rate=0.75 eps=0.252 policy_loss=0.0233 value_loss=0.0965 entropy=5.5400 clip_frac=0.319 rollout=3.2s train=2.2s transitions=1635
[iter 1904] score=2901 margin=+357 win_rate=0.56 eps=0.252 policy_loss=-0.0036 value_loss=0.0672 entropy=5.6391 clip_frac=0.304 rollout=3.3s train=0.8s transitions=1623
[iter 1905] score=3269 margin=+579 win_rate=0.75 eps=0.252 policy_loss=0.0416 value_loss=0.0633 entropy=5.5936 clip_frac=0.347 rollout=2.4s train=2.2s transitions=1646
[iter 1906] score=2607 margin=+289 win_rate=0.56 eps=0.252 policy_loss=0.0202 value_loss=0.0510 entropy=5.7696 clip_frac=0.258 rollout=3.0s train=1.9s transitions=1596
[iter 1907] score=3144 margin=+415 win_rate=0.75 eps=0.252 policy_loss=-0.0080 value_loss=0.0537 entropy=5.7379 clip_frac=0.187 rollout=3.7s train=1.7s transitions=1646
[iter 1908] score=2770 margin=+870 win_rate=0.75 eps=0.252 policy_loss=0.0046 value_loss=0.0688 entropy=5.7863 clip_frac=0.175 rollout=4.5s train=1.4s transitions=1603
[iter 1909] score=2584 margin=+350 win_rate=0.69 eps=0.252 policy_loss=0.0069 value_loss=0.0444 entropy=5.6958 clip_frac=0.206 rollout=2.2s train=1.1s transitions=1664
[iter 1910] score=2468 margin=+572 win_rate=0.81 eps=0.252 policy_loss=-0.0226 value_loss=0.0275 entropy=5.8498 clip_frac=0.196 rollout=3.3s train=1.1s transitions=1637
[iter 1911] score=3234 margin=+538 win_rate=0.69 eps=0.252 policy_loss=0.0171 value_loss=0.0667 entropy=5.6902 clip_frac=0.135 rollout=3.6s train=0.7s transitions=1607
[iter 1912] score=3053 margin=+779 win_rate=0.81 eps=0.252 policy_loss=-0.0077 value_loss=0.0465 entropy=5.6225 clip_frac=0.212 rollout=2.0s train=0.7s transitions=1599
[iter 1913] score=2573 margin=+713 win_rate=0.75 eps=0.252 policy_loss=-0.0174 value_loss=0.0325 entropy=5.4170 clip_frac=0.265 rollout=3.9s train=1.2s transitions=1604
[iter 1914] score=2414 margin=+459 win_rate=0.62 eps=0.252 policy_loss=0.0178 value_loss=0.0404 entropy=5.6420 clip_frac=0.194 rollout=3.7s train=0.8s transitions=1625
[iter 1915] score=3706 margin=+1062 win_rate=0.75 eps=0.252 policy_loss=0.0211 value_loss=0.1072 entropy=5.5958 clip_frac=0.371 rollout=3.0s train=0.7s transitions=1615
[iter 1916] score=2914 margin=-29 win_rate=0.69 eps=0.252 policy_loss=0.0119 value_loss=0.3120 entropy=5.6861 clip_frac=0.278 rollout=3.9s train=1.2s transitions=1593
[iter 1917] score=3785 margin=+1315 win_rate=0.88 eps=0.252 policy_loss=0.0246 value_loss=0.1020 entropy=5.6900 clip_frac=0.259 rollout=3.8s train=0.7s transitions=1596
[iter 1918] score=2932 margin=+283 win_rate=0.69 eps=0.252 policy_loss=0.0016 value_loss=0.1002 entropy=5.6801 clip_frac=0.184 rollout=2.1s train=0.7s transitions=1650
[iter 1919] score=3038 margin=+790 win_rate=0.75 eps=0.252 policy_loss=0.0072 value_loss=0.0509 entropy=5.6076 clip_frac=0.205 rollout=4.1s train=1.0s transitions=1590
[iter 1920] score=2934 margin=+552 win_rate=0.75 eps=0.252 policy_loss=-0.0145 value_loss=0.0484 entropy=5.5265 clip_frac=0.230 rollout=4.0s train=0.9s transitions=1640
[iter 1921] score=2940 margin=+315 win_rate=0.69 eps=0.252 policy_loss=0.0670 value_loss=0.1087 entropy=5.8164 clip_frac=0.229 rollout=2.2s train=0.9s transitions=1634
[iter 1922] score=2588 margin=+433 win_rate=0.62 eps=0.252 policy_loss=0.0075 value_loss=0.0591 entropy=5.8532 clip_frac=0.244 rollout=3.7s train=1.5s transitions=1581
[iter 1923] score=2643 margin=+370 win_rate=0.69 eps=0.252 policy_loss=-0.0100 value_loss=0.0579 entropy=5.8272 clip_frac=0.201 rollout=4.3s train=0.8s transitions=1576
[iter 1924] score=3016 margin=+304 win_rate=0.75 eps=0.252 policy_loss=0.0193 value_loss=0.1024 entropy=5.8996 clip_frac=0.276 rollout=2.3s train=0.7s transitions=1588
[iter 1925] score=2843 margin=+573 win_rate=0.81 eps=0.252 policy_loss=0.0312 value_loss=0.0555 entropy=5.8349 clip_frac=0.348 rollout=4.2s train=1.3s transitions=1632
[iter 1926] score=3081 margin=+887 win_rate=0.88 eps=0.252 policy_loss=0.0435 value_loss=0.0866 entropy=5.7735 clip_frac=0.197 rollout=4.3s train=1.1s transitions=1589
[iter 1927] score=3035 margin=+689 win_rate=0.69 eps=0.252 policy_loss=0.0130 value_loss=0.0516 entropy=5.8409 clip_frac=0.386 rollout=2.2s train=1.0s transitions=1653
[iter 1928] score=2497 margin=+535 win_rate=0.81 eps=0.252 policy_loss=0.0303 value_loss=0.0248 entropy=5.8180 clip_frac=0.221 rollout=3.6s train=1.1s transitions=1603
[iter 1929] score=2896 margin=+811 win_rate=0.94 eps=0.252 policy_loss=0.0050 value_loss=0.0458 entropy=5.7175 clip_frac=0.255 rollout=4.2s train=1.1s transitions=1610
[iter 1930] score=2639 margin=+569 win_rate=0.62 eps=0.252 policy_loss=-0.0178 value_loss=0.0693 entropy=5.8457 clip_frac=0.186 rollout=3.1s train=1.0s transitions=1603
[iter 1931] score=3624 margin=+822 win_rate=0.81 eps=0.252 policy_loss=0.0199 value_loss=0.0571 entropy=5.8079 clip_frac=0.267 rollout=3.4s train=0.8s transitions=1619
[iter 1932] score=3563 margin=+1131 win_rate=0.88 eps=0.252 policy_loss=0.0040 value_loss=0.0769 entropy=5.8294 clip_frac=0.208 rollout=4.3s train=1.6s transitions=1657
[iter 1933] score=3259 margin=+1348 win_rate=1.00 eps=0.252 policy_loss=-0.0102 value_loss=0.0495 entropy=5.7775 clip_frac=0.180 rollout=2.4s train=1.4s transitions=1637
[iter 1934] score=3415 margin=+992 win_rate=0.69 eps=0.252 policy_loss=-0.0119 value_loss=0.1047 entropy=5.6650 clip_frac=0.165 rollout=2.7s train=0.6s transitions=1638
[iter 1935] score=4056 margin=+1792 win_rate=1.00 eps=0.252 policy_loss=-0.0092 value_loss=0.0802 entropy=5.6573 clip_frac=0.219 rollout=4.3s train=1.7s transitions=1651
[iter 1936] score=3646 margin=+1524 win_rate=0.88 eps=0.252 policy_loss=-0.0001 value_loss=0.0701 entropy=5.7958 clip_frac=0.195 rollout=3.8s train=0.8s transitions=1634
[iter 1937] score=3824 margin=+1525 win_rate=0.81 eps=0.252 policy_loss=-0.0128 value_loss=0.0622 entropy=5.4719 clip_frac=0.233 rollout=2.3s train=1.7s transitions=1608
[iter 1938] score=4356 margin=+1678 win_rate=0.94 eps=0.252 policy_loss=0.0047 value_loss=0.0649 entropy=5.7785 clip_frac=0.263 rollout=4.1s train=1.3s transitions=1605
[iter 1939] score=3672 margin=+1476 win_rate=1.00 eps=0.252 policy_loss=-0.0096 value_loss=0.0419 entropy=5.4609 clip_frac=0.231 rollout=4.1s train=0.7s transitions=1646
[iter 1940] score=4031 margin=+1618 win_rate=1.00 eps=0.251 policy_loss=0.0173 value_loss=0.0535 entropy=5.4516 clip_frac=0.219 rollout=2.3s train=0.9s transitions=1653
[iter 1941] score=3100 margin=+1073 win_rate=0.94 eps=0.251 policy_loss=0.0075 value_loss=0.0586 entropy=5.5446 clip_frac=0.267 rollout=3.7s train=1.3s transitions=1625
[iter 1942] score=3545 margin=+1632 win_rate=1.00 eps=0.251 policy_loss=0.0019 value_loss=0.0521 entropy=5.3422 clip_frac=0.202 rollout=3.5s train=0.9s transitions=1615
[iter 1943] score=3338 margin=+882 win_rate=0.88 eps=0.251 policy_loss=0.0187 value_loss=0.0539 entropy=5.6393 clip_frac=0.196 rollout=2.4s train=0.8s transitions=1643
[iter 1944] score=3326 margin=+1096 win_rate=0.81 eps=0.251 policy_loss=-0.0093 value_loss=0.0379 entropy=5.4613 clip_frac=0.190 rollout=3.6s train=1.0s transitions=1663
[iter 1945] score=3642 margin=+1676 win_rate=0.94 eps=0.251 policy_loss=-0.0045 value_loss=0.0885 entropy=5.5779 clip_frac=0.219 rollout=5.1s train=1.1s transitions=1638
[iter 1946] score=2823 margin=+960 win_rate=0.88 eps=0.251 policy_loss=0.0183 value_loss=0.0437 entropy=5.6414 clip_frac=0.286 rollout=2.1s train=0.9s transitions=1623
[iter 1947] score=3436 margin=+1357 win_rate=0.94 eps=0.251 policy_loss=0.0137 value_loss=0.0682 entropy=5.6280 clip_frac=0.210 rollout=3.5s train=0.9s transitions=1602
[iter 1948] score=3716 margin=+1578 win_rate=1.00 eps=0.251 policy_loss=0.0063 value_loss=0.0449 entropy=5.6330 clip_frac=0.205 rollout=4.1s train=1.0s transitions=1601
[iter 1949] score=2796 margin=+777 win_rate=0.94 eps=0.251 policy_loss=0.0191 value_loss=0.0527 entropy=5.6794 clip_frac=0.191 rollout=2.2s train=0.9s transitions=1634
[iter 1950] score=3429 margin=+1243 win_rate=0.88 eps=0.251 policy_loss=0.0016 value_loss=0.0601 entropy=5.5526 clip_frac=0.242 rollout=3.6s train=1.0s transitions=1576
[iter 1951] score=2635 margin=+758 win_rate=0.88 eps=0.251 policy_loss=0.0061 value_loss=0.0620 entropy=5.7148 clip_frac=0.163 rollout=4.2s train=1.0s transitions=1581
[iter 1952] score=2816 margin=+1065 win_rate=0.75 eps=0.251 policy_loss=-0.0248 value_loss=0.0408 entropy=5.5299 clip_frac=0.168 rollout=2.1s train=0.6s transitions=1555
[iter 1953] score=3241 margin=+1156 win_rate=0.94 eps=0.251 policy_loss=-0.0195 value_loss=0.0440 entropy=5.6048 clip_frac=0.172 rollout=4.8s train=1.2s transitions=1638
[iter 1954] score=2616 margin=+561 win_rate=0.75 eps=0.251 policy_loss=0.0070 value_loss=0.0560 entropy=5.7100 clip_frac=0.213 rollout=4.2s train=0.9s transitions=1586
[iter 1955] score=3539 margin=+1374 win_rate=1.00 eps=0.251 policy_loss=0.0086 value_loss=0.0663 entropy=5.6586 clip_frac=0.197 rollout=2.1s train=0.9s transitions=1615
[iter 1956] score=3254 margin=+958 win_rate=0.88 eps=0.251 policy_loss=0.0103 value_loss=0.0484 entropy=5.6865 clip_frac=0.182 rollout=3.8s train=1.2s transitions=1655
[iter 1957] score=2833 margin=+790 win_rate=0.88 eps=0.251 policy_loss=-0.0109 value_loss=0.0296 entropy=5.5905 clip_frac=0.155 rollout=4.5s train=1.5s transitions=1678
[iter 1958] score=2531 margin=+426 win_rate=0.69 eps=0.251 policy_loss=0.0011 value_loss=0.0512 entropy=5.7645 clip_frac=0.171 rollout=2.1s train=1.0s transitions=1619
[iter 1959] score=3294 margin=+1121 win_rate=0.81 eps=0.251 policy_loss=-0.0099 value_loss=0.0524 entropy=5.7518 clip_frac=0.160 rollout=3.6s train=0.6s transitions=1617
[iter 1960] score=3164 margin=+1048 win_rate=0.81 eps=0.251 policy_loss=-0.0015 value_loss=0.0629 entropy=5.5603 clip_frac=0.138 rollout=5.1s train=1.6s transitions=1584
[iter 1961] score=2494 margin=+727 win_rate=0.88 eps=0.251 policy_loss=-0.0336 value_loss=0.0245 entropy=5.6260 clip_frac=0.179 rollout=2.1s train=0.9s transitions=1591
[iter 1962] score=3443 margin=+1143 win_rate=0.81 eps=0.251 policy_loss=-0.0023 value_loss=0.0642 entropy=5.5901 clip_frac=0.219 rollout=3.4s train=0.7s transitions=1536
[iter 1963] score=2918 margin=+944 win_rate=0.81 eps=0.251 policy_loss=-0.0006 value_loss=0.0302 entropy=5.6175 clip_frac=0.173 rollout=4.5s train=1.0s transitions=1586
[iter 1964] score=3345 margin=+1258 win_rate=0.94 eps=0.251 policy_loss=-0.0326 value_loss=0.0707 entropy=5.4466 clip_frac=0.224 rollout=2.0s train=0.7s transitions=1597
[iter 1965] score=3502 margin=+1239 win_rate=0.81 eps=0.251 policy_loss=0.0060 value_loss=0.0575 entropy=5.4564 clip_frac=0.181 rollout=3.4s train=0.8s transitions=1635
[iter 1966] score=3360 margin=+1045 win_rate=0.88 eps=0.251 policy_loss=-0.0331 value_loss=0.0615 entropy=5.4365 clip_frac=0.217 rollout=3.8s train=0.7s transitions=1592
[iter 1967] score=3260 margin=+1228 win_rate=0.88 eps=0.251 policy_loss=0.0128 value_loss=0.0453 entropy=5.3961 clip_frac=0.190 rollout=2.1s train=0.9s transitions=1579
[iter 1968] score=3417 margin=+1207 win_rate=0.81 eps=0.251 policy_loss=0.0098 value_loss=0.0535 entropy=5.5414 clip_frac=0.204 rollout=4.5s train=0.7s transitions=1625
[iter 1969] score=3478 margin=+1322 win_rate=0.81 eps=0.251 policy_loss=0.0014 value_loss=0.0555 entropy=5.5809 clip_frac=0.167 rollout=4.6s train=1.5s transitions=1680
[iter 1970] score=2790 margin=+807 win_rate=0.81 eps=0.251 policy_loss=0.0005 value_loss=0.0816 entropy=5.7160 clip_frac=0.181 rollout=2.1s train=1.0s transitions=1624
[iter 1971] score=3410 margin=+1317 win_rate=0.94 eps=0.251 policy_loss=0.0032 value_loss=0.0561 entropy=5.5352 clip_frac=0.153 rollout=3.1s train=0.5s transitions=1615
[iter 1972] score=3381 margin=+1018 win_rate=0.88 eps=0.251 policy_loss=0.0042 value_loss=0.0518 entropy=5.4524 clip_frac=0.171 rollout=3.9s train=1.4s transitions=1599
[iter 1973] score=2851 margin=+1046 win_rate=0.94 eps=0.251 policy_loss=-0.0160 value_loss=0.0333 entropy=5.4823 clip_frac=0.171 rollout=3.0s train=1.0s transitions=1578
[iter 1974] score=3398 margin=+1095 win_rate=0.69 eps=0.251 policy_loss=0.0038 value_loss=0.0494 entropy=5.5236 clip_frac=0.224 rollout=2.3s train=0.5s transitions=1607
[iter 1975] score=3956 margin=+1475 win_rate=0.94 eps=0.251 policy_loss=0.0148 value_loss=0.0754 entropy=5.3274 clip_frac=0.213 rollout=4.8s train=1.5s transitions=1596
[iter 1976] score=3155 margin=+874 win_rate=0.81 eps=0.251 policy_loss=-0.0023 value_loss=0.0725 entropy=5.6672 clip_frac=0.209 rollout=2.4s train=1.4s transitions=1594
[iter 1977] score=2622 margin=+680 win_rate=0.81 eps=0.251 policy_loss=0.0288 value_loss=0.0511 entropy=5.4365 clip_frac=0.177 rollout=2.3s train=0.7s transitions=1570
[iter 1978] score=3854 margin=+1524 win_rate=1.00 eps=0.251 policy_loss=0.0433 value_loss=0.0926 entropy=5.3034 clip_frac=0.248 rollout=4.0s train=1.3s transitions=1599
[iter 1979] score=2737 margin=+768 win_rate=0.75 eps=0.251 policy_loss=0.0166 value_loss=0.0469 entropy=5.4434 clip_frac=0.234 rollout=3.9s train=0.7s transitions=1600
[iter 1980] score=3774 margin=+1624 win_rate=0.94 eps=0.250 policy_loss=0.0250 value_loss=0.0985 entropy=5.2739 clip_frac=0.289 rollout=2.1s train=0.7s transitions=1621
[iter 1981] score=2538 margin=+743 win_rate=0.81 eps=0.250 policy_loss=-0.0121 value_loss=0.0654 entropy=5.3453 clip_frac=0.212 rollout=3.8s train=0.9s transitions=1597
[iter 1982] score=3181 margin=+1214 win_rate=0.88 eps=0.250 policy_loss=0.0045 value_loss=0.0507 entropy=5.0324 clip_frac=0.200 rollout=3.8s train=0.8s transitions=1607
[iter 1983] score=3680 margin=+1243 win_rate=0.94 eps=0.250 policy_loss=-0.0165 value_loss=0.0501 entropy=5.2037 clip_frac=0.181 rollout=3.0s train=0.8s transitions=1606
[iter 1984] score=2972 margin=+1269 win_rate=0.94 eps=0.250 policy_loss=-0.0035 value_loss=0.0321 entropy=5.4885 clip_frac=0.212 rollout=3.4s train=1.6s transitions=1574
[iter 1985] score=3182 margin=+1324 win_rate=0.94 eps=0.250 policy_loss=0.0033 value_loss=0.0442 entropy=5.3622 clip_frac=0.202 rollout=3.3s train=0.7s transitions=1654
[iter 1986] score=3488 margin=+998 win_rate=0.88 eps=0.250 policy_loss=0.0039 value_loss=0.0453 entropy=5.4185 clip_frac=0.191 rollout=2.4s train=0.5s transitions=1648
[iter 1987] score=4236 margin=+1823 win_rate=1.00 eps=0.250 policy_loss=0.0046 value_loss=0.0693 entropy=5.2770 clip_frac=0.248 rollout=3.9s train=1.4s transitions=1623
[iter 1988] score=3253 margin=+1539 win_rate=0.94 eps=0.250 policy_loss=0.0092 value_loss=0.0474 entropy=5.2157 clip_frac=0.217 rollout=2.5s train=0.9s transitions=1612
[iter 1989] score=3061 margin=+1326 win_rate=0.94 eps=0.250 policy_loss=0.0299 value_loss=0.0465 entropy=5.5308 clip_frac=0.238 rollout=2.5s train=0.5s transitions=1607
[iter 1990] score=3197 margin=+919 win_rate=0.81 eps=0.250 policy_loss=0.0075 value_loss=0.0520 entropy=5.2199 clip_frac=0.206 rollout=3.8s train=1.4s transitions=1632
[iter 1991] score=2513 margin=+670 win_rate=0.75 eps=0.250 policy_loss=0.0059 value_loss=0.0466 entropy=5.4022 clip_frac=0.192 rollout=3.8s train=0.8s transitions=1622
[iter 1992] score=3058 margin=+1258 win_rate=1.00 eps=0.250 policy_loss=0.0032 value_loss=0.0938 entropy=5.0150 clip_frac=0.213 rollout=2.5s train=0.5s transitions=1602
[iter 1993] score=3657 margin=+1527 win_rate=0.94 eps=0.250 policy_loss=0.0073 value_loss=0.0316 entropy=5.0904 clip_frac=0.178 rollout=3.8s train=1.0s transitions=1633
[iter 1994] score=3123 margin=+1268 win_rate=0.94 eps=0.250 policy_loss=0.0047 value_loss=0.0491 entropy=5.3427 clip_frac=0.154 rollout=3.6s train=0.6s transitions=1616
[iter 1995] score=3579 margin=+1419 win_rate=0.88 eps=0.250 policy_loss=0.0005 value_loss=0.0641 entropy=5.5838 clip_frac=0.185 rollout=2.0s train=0.6s transitions=1618
[iter 1996] score=3178 margin=+1118 win_rate=0.88 eps=0.250 policy_loss=-0.0092 value_loss=0.0536 entropy=5.2315 clip_frac=0.242 rollout=3.6s train=0.8s transitions=1570
[iter 1997] score=3447 margin=+1393 win_rate=0.81 eps=0.250 policy_loss=0.0054 value_loss=0.0563 entropy=5.1373 clip_frac=0.170 rollout=3.5s train=0.6s transitions=1602
[iter 1998] score=3409 margin=+1103 win_rate=0.75 eps=0.250 policy_loss=0.0029 value_loss=0.0584 entropy=5.4559 clip_frac=0.163 rollout=2.1s train=0.5s transitions=1684
[iter 1999] score=3945 margin=+1598 win_rate=0.88 eps=0.250 policy_loss=0.0055 value_loss=0.0974 entropy=5.3658 clip_frac=0.205 rollout=3.8s train=1.3s transitions=1627
[iter 1999] checkpoint saved: checkpoints/20260910-090433_iter2000.pt

  eval @ iter 2000 - 100 greedy episodes vs each boss (94s)
boss           score      opp    margin    win   conn   zero
------------------------------------------------------------
level1          1547        0     +1547   1.00    34%     0%
level1Pro       1694       66     +1628   1.00    39%     0%
level2          4038     2149     +1889   0.95    96%     0%
level2Pro       4225     3045     +1180   0.83   100%     0%

[iter 2000] score=3288 margin=+916 win_rate=0.88 eps=0.250 policy_loss=0.0038 value_loss=0.0902 entropy=5.3750 clip_frac=0.196 rollout=3.2s train=0.7s transitions=1623
[iter 2001] score=2515 margin=+1076 win_rate=0.88 eps=0.250 policy_loss=0.0010 value_loss=0.0378 entropy=5.2937 clip_frac=0.180 rollout=3.0s train=0.5s transitions=1587
[iter 2002] score=3217 margin=+1301 win_rate=0.88 eps=0.250 policy_loss=0.0184 value_loss=0.0464 entropy=5.3022 clip_frac=0.168 rollout=3.8s train=1.3s transitions=1659
[iter 2003] score=3112 margin=+1152 win_rate=0.94 eps=0.250 policy_loss=-0.0110 value_loss=0.0372 entropy=5.3483 clip_frac=0.218 rollout=2.8s train=0.8s transitions=1634
[iter 2004] score=3366 margin=+1257 win_rate=0.81 eps=0.250 policy_loss=0.0163 value_loss=0.0761 entropy=5.4229 clip_frac=0.212 rollout=2.4s train=0.6s transitions=1663
[iter 2005] score=2979 margin=+917 win_rate=0.75 eps=0.250 policy_loss=0.0188 value_loss=0.0314 entropy=5.2667 clip_frac=0.208 rollout=3.6s train=1.1s transitions=1639
[iter 2006] score=3955 margin=+1505 win_rate=0.88 eps=0.250 policy_loss=0.0302 value_loss=0.0825 entropy=5.1707 clip_frac=0.259 rollout=3.8s train=0.6s transitions=1554
[iter 2007] score=3777 margin=+1526 win_rate=0.88 eps=0.250 policy_loss=0.0651 value_loss=0.0484 entropy=5.2178 clip_frac=0.248 rollout=2.0s train=0.5s transitions=1606
[iter 2008] score=3623 margin=+1465 win_rate=0.81 eps=0.250 policy_loss=0.0154 value_loss=0.0846 entropy=5.1813 clip_frac=0.226 rollout=3.8s train=0.5s transitions=1644
[iter 2009] score=3694 margin=+1097 win_rate=0.88 eps=0.250 policy_loss=0.0328 value_loss=0.0999 entropy=5.4646 clip_frac=0.278 rollout=5.3s train=1.4s transitions=1640
[iter 2010] score=3941 margin=+1507 win_rate=0.94 eps=0.250 policy_loss=0.0295 value_loss=0.0827 entropy=5.1676 clip_frac=0.252 rollout=2.0s train=1.0s transitions=1573
[iter 2011] score=2750 margin=+960 win_rate=0.94 eps=0.250 policy_loss=0.0250 value_loss=0.0414 entropy=5.1373 clip_frac=0.284 rollout=3.0s train=0.7s transitions=1620
[iter 2012] score=3038 margin=+810 win_rate=0.75 eps=0.250 policy_loss=0.0695 value_loss=0.0868 entropy=5.4538 clip_frac=0.259 rollout=4.1s train=0.9s transitions=1679
[iter 2013] score=3038 margin=+655 win_rate=0.69 eps=0.250 policy_loss=0.0282 value_loss=0.0468 entropy=5.4641 clip_frac=0.218 rollout=2.0s train=0.7s transitions=1612
[iter 2014] score=3584 margin=+1447 win_rate=0.75 eps=0.250 policy_loss=-0.0044 value_loss=0.1156 entropy=5.1899 clip_frac=0.226 rollout=3.8s train=1.1s transitions=1678
[iter 2015] score=3768 margin=+1152 win_rate=0.75 eps=0.250 policy_loss=0.0308 value_loss=0.0656 entropy=5.3051 clip_frac=0.247 rollout=3.9s train=0.6s transitions=1626
[iter 2016] score=3307 margin=+991 win_rate=0.75 eps=0.250 policy_loss=-0.0189 value_loss=0.0734 entropy=5.4959 clip_frac=0.221 rollout=2.2s train=0.7s transitions=1613
[iter 2017] score=3215 margin=+953 win_rate=0.75 eps=0.250 policy_loss=0.0016 value_loss=0.0466 entropy=5.2019 clip_frac=0.231 rollout=3.5s train=1.7s transitions=1617
[iter 2018] score=3462 margin=+1164 win_rate=0.88 eps=0.250 policy_loss=-0.0007 value_loss=0.0520 entropy=5.2502 clip_frac=0.209 rollout=4.6s train=1.4s transitions=1633
[iter 2019] score=2774 margin=+936 win_rate=0.81 eps=0.250 policy_loss=-0.0102 value_loss=0.0352 entropy=5.3439 clip_frac=0.190 rollout=2.1s train=1.0s transitions=1662
[iter 2020] score=3495 margin=+1093 win_rate=0.88 eps=0.249 policy_loss=0.0538 value_loss=0.0568 entropy=5.2736 clip_frac=0.262 rollout=3.4s train=0.5s transitions=1624
[iter 2021] score=3669 margin=+1297 win_rate=0.94 eps=0.249 policy_loss=0.0063 value_loss=0.0496 entropy=5.3464 clip_frac=0.210 rollout=6.1s train=0.8s transitions=1626
[iter 2022] score=2321 margin=+902 win_rate=0.75 eps=0.249 policy_loss=0.0473 value_loss=0.0332 entropy=5.2542 clip_frac=0.292 rollout=2.1s train=0.5s transitions=1643
[iter 2023] score=3916 margin=+1427 win_rate=0.88 eps=0.249 policy_loss=0.0227 value_loss=0.0826 entropy=4.8406 clip_frac=0.287 rollout=2.0s train=0.5s transitions=1589
[iter 2024] score=3349 margin=+1339 win_rate=0.94 eps=0.249 policy_loss=0.0129 value_loss=0.0504 entropy=5.2481 clip_frac=0.147 rollout=2.0s train=0.5s transitions=1628
[iter 2025] score=3194 margin=+904 win_rate=0.69 eps=0.249 policy_loss=0.0171 value_loss=0.0845 entropy=5.3600 clip_frac=0.183 rollout=1.9s train=0.5s transitions=1670
[iter 2026] score=3192 margin=+1326 win_rate=0.94 eps=0.249 policy_loss=0.0230 value_loss=0.0606 entropy=5.1752 clip_frac=0.211 rollout=2.9s train=0.5s transitions=1670
[iter 2027] score=3463 margin=+1030 win_rate=0.88 eps=0.249 policy_loss=0.0160 value_loss=0.0847 entropy=5.2576 clip_frac=0.194 rollout=1.9s train=0.5s transitions=1631
[iter 2028] score=3065 margin=+1008 win_rate=0.94 eps=0.249 policy_loss=-0.0151 value_loss=0.0277 entropy=5.3129 clip_frac=0.173 rollout=1.8s train=0.5s transitions=1611
[iter 2029] score=3142 margin=+1093 win_rate=0.88 eps=0.249 policy_loss=0.1254 value_loss=0.0462 entropy=5.0957 clip_frac=0.238 rollout=1.9s train=0.5s transitions=1614
[iter 2030] score=3293 margin=+824 win_rate=0.75 eps=0.249 policy_loss=0.0197 value_loss=0.0963 entropy=5.1166 clip_frac=0.200 rollout=2.0s train=0.5s transitions=1619
[iter 2031] score=3205 margin=+1036 win_rate=0.62 eps=0.249 policy_loss=-0.0019 value_loss=0.0634 entropy=5.4366 clip_frac=0.166 rollout=2.0s train=0.5s transitions=1645
[iter 2032] score=3532 margin=+938 win_rate=0.69 eps=0.249 policy_loss=0.0206 value_loss=0.0903 entropy=5.4511 clip_frac=0.177 rollout=1.9s train=0.5s transitions=1620
[iter 2033] score=4180 margin=+1312 win_rate=0.88 eps=0.249 policy_loss=0.0158 value_loss=0.1160 entropy=5.0411 clip_frac=0.263 rollout=1.9s train=0.6s transitions=1616
[iter 2034] score=2903 margin=+1036 win_rate=0.81 eps=0.249 policy_loss=0.0372 value_loss=0.0475 entropy=5.0940 clip_frac=0.261 rollout=1.8s train=0.5s transitions=1615
[iter 2035] score=3617 margin=+1524 win_rate=0.88 eps=0.249 policy_loss=0.0529 value_loss=0.1238 entropy=4.9790 clip_frac=0.354 rollout=1.9s train=0.5s transitions=1620
[iter 2036] score=3085 margin=+1044 win_rate=0.75 eps=0.249 policy_loss=0.0341 value_loss=0.0490 entropy=5.1431 clip_frac=0.267 rollout=1.7s train=0.5s transitions=1611
[iter 2037] score=3380 margin=+929 win_rate=0.88 eps=0.249 policy_loss=0.0124 value_loss=0.0564 entropy=5.3593 clip_frac=0.212 rollout=1.9s train=0.5s transitions=1601
[iter 2038] score=3176 margin=+733 win_rate=0.69 eps=0.249 policy_loss=0.0011 value_loss=0.0542 entropy=5.4055 clip_frac=0.168 rollout=1.9s train=0.5s transitions=1659
[iter 2039] score=3226 margin=+1138 win_rate=1.00 eps=0.249 policy_loss=0.0272 value_loss=0.0529 entropy=5.1974 clip_frac=0.277 rollout=1.8s train=0.5s transitions=1574
[iter 2040] score=3146 margin=+1263 win_rate=0.88 eps=0.249 policy_loss=0.0189 value_loss=0.0448 entropy=4.9677 clip_frac=0.204 rollout=3.1s train=0.5s transitions=1565
[iter 2041] score=3753 margin=+962 win_rate=0.81 eps=0.249 policy_loss=0.0508 value_loss=0.0519 entropy=5.1990 clip_frac=0.250 rollout=2.1s train=0.5s transitions=1686
[iter 2042] score=3129 margin=+296 win_rate=0.62 eps=0.249 policy_loss=0.0285 value_loss=0.1380 entropy=5.2892 clip_frac=0.247 rollout=1.8s train=0.5s transitions=1603
[iter 2043] score=3083 margin=+264 win_rate=0.50 eps=0.249 policy_loss=0.0102 value_loss=0.0707 entropy=5.5768 clip_frac=0.179 rollout=2.1s train=0.5s transitions=1627
[iter 2044] score=2730 margin=+564 win_rate=0.88 eps=0.249 policy_loss=0.0112 value_loss=0.0488 entropy=5.5451 clip_frac=0.242 rollout=1.9s train=0.5s transitions=1661
[iter 2045] score=3007 margin=+1161 win_rate=0.75 eps=0.249 policy_loss=0.0100 value_loss=0.0996 entropy=4.9646 clip_frac=0.236 rollout=1.9s train=0.5s transitions=1600
[iter 2046] score=3140 margin=+626 win_rate=0.62 eps=0.249 policy_loss=0.2055 value_loss=0.1305 entropy=5.5178 clip_frac=0.310 rollout=1.9s train=0.5s transitions=1630
[iter 2047] score=3528 margin=+721 win_rate=0.88 eps=0.249 policy_loss=0.0336 value_loss=0.0871 entropy=5.4511 clip_frac=0.296 rollout=1.9s train=0.5s transitions=1641
[iter 2048] score=3358 margin=+503 win_rate=0.62 eps=0.249 policy_loss=-0.0023 value_loss=0.0995 entropy=5.3091 clip_frac=0.247 rollout=2.0s train=0.5s transitions=1641
[iter 2049] score=2989 margin=-227 win_rate=0.62 eps=0.249 policy_loss=0.0083 value_loss=0.1724 entropy=5.4260 clip_frac=0.199 rollout=1.9s train=0.5s transitions=1643
[iter 2050] score=3327 margin=+501 win_rate=0.88 eps=0.249 policy_loss=0.0017 value_loss=0.0833 entropy=5.3892 clip_frac=0.244 rollout=2.0s train=0.5s transitions=1645
[iter 2051] score=2574 margin=+574 win_rate=0.81 eps=0.249 policy_loss=0.0183 value_loss=0.0390 entropy=5.3456 clip_frac=0.263 rollout=1.9s train=0.5s transitions=1617
[iter 2052] score=2799 margin=+458 win_rate=0.69 eps=0.249 policy_loss=0.0234 value_loss=0.0538 entropy=5.3419 clip_frac=0.250 rollout=1.9s train=0.5s transitions=1672
[iter 2053] score=3436 margin=+854 win_rate=0.81 eps=0.249 policy_loss=0.0325 value_loss=0.0540 entropy=5.2851 clip_frac=0.292 rollout=2.8s train=0.5s transitions=1640
[iter 2054] score=3306 margin=+980 win_rate=0.88 eps=0.249 policy_loss=0.0159 value_loss=0.0525 entropy=5.1597 clip_frac=0.286 rollout=2.0s train=0.6s transitions=1651
[iter 2055] score=3126 margin=+637 win_rate=0.75 eps=0.249 policy_loss=0.0149 value_loss=0.0708 entropy=5.4501 clip_frac=0.264 rollout=2.0s train=0.5s transitions=1678
[iter 2056] score=2674 margin=+453 win_rate=0.69 eps=0.249 policy_loss=0.0050 value_loss=0.0454 entropy=5.5780 clip_frac=0.166 rollout=1.9s train=0.5s transitions=1655
[iter 2057] score=2758 margin=+644 win_rate=0.69 eps=0.249 policy_loss=-0.0041 value_loss=0.0378 entropy=5.6196 clip_frac=0.136 rollout=1.9s train=0.5s transitions=1622
[iter 2058] score=3120 margin=+346 win_rate=0.56 eps=0.249 policy_loss=0.0257 value_loss=0.0572 entropy=5.6713 clip_frac=0.194 rollout=2.0s train=0.5s transitions=1629
[iter 2059] score=2544 margin=+226 win_rate=0.56 eps=0.249 policy_loss=0.0159 value_loss=0.0476 entropy=5.6817 clip_frac=0.209 rollout=1.8s train=0.5s transitions=1640
[iter 2060] score=2542 margin=+504 win_rate=0.75 eps=0.248 policy_loss=0.0076 value_loss=0.0639 entropy=5.4784 clip_frac=0.164 rollout=1.9s train=0.5s transitions=1630
[iter 2061] score=2389 margin=-232 win_rate=0.50 eps=0.248 policy_loss=0.0391 value_loss=0.1105 entropy=5.7552 clip_frac=0.246 rollout=1.8s train=0.5s transitions=1627
[iter 2062] score=2302 margin=+120 win_rate=0.62 eps=0.248 policy_loss=0.0214 value_loss=0.0477 entropy=5.6183 clip_frac=0.332 rollout=1.7s train=0.5s transitions=1565
[iter 2063] score=3424 margin=+440 win_rate=0.69 eps=0.248 policy_loss=0.0049 value_loss=0.0891 entropy=5.6587 clip_frac=0.238 rollout=1.8s train=0.5s transitions=1648
[iter 2064] score=2638 margin=-501 win_rate=0.38 eps=0.248 policy_loss=0.0478 value_loss=0.1159 entropy=5.9284 clip_frac=0.348 rollout=1.8s train=0.5s transitions=1614
[iter 2065] score=2678 margin=+1 win_rate=0.62 eps=0.248 policy_loss=0.0036 value_loss=0.1323 entropy=5.6840 clip_frac=0.289 rollout=2.0s train=0.5s transitions=1651
[iter 2066] score=2674 margin=+617 win_rate=0.75 eps=0.248 policy_loss=0.0176 value_loss=0.1152 entropy=5.6508 clip_frac=0.208 rollout=1.8s train=1.4s transitions=1684
[iter 2067] score=2496 margin=+249 win_rate=0.62 eps=0.248 policy_loss=-0.0042 value_loss=0.0458 entropy=5.5570 clip_frac=0.216 rollout=1.7s train=0.5s transitions=1600
[iter 2068] score=2776 margin=+271 win_rate=0.56 eps=0.248 policy_loss=-0.0039 value_loss=0.0330 entropy=5.6754 clip_frac=0.189 rollout=1.9s train=0.5s transitions=1639
[iter 2069] score=2569 margin=+534 win_rate=0.69 eps=0.248 policy_loss=-0.0045 value_loss=0.0609 entropy=5.5940 clip_frac=0.171 rollout=1.9s train=0.5s transitions=1612
[iter 2070] score=2280 margin=-91 win_rate=0.38 eps=0.248 policy_loss=0.0209 value_loss=0.0581 entropy=5.6147 clip_frac=0.165 rollout=1.8s train=0.5s transitions=1593
[iter 2071] score=2290 margin=-292 win_rate=0.56 eps=0.248 policy_loss=-0.0080 value_loss=0.0816 entropy=5.7047 clip_frac=0.204 rollout=2.1s train=0.5s transitions=1683
[iter 2072] score=2576 margin=+246 win_rate=0.56 eps=0.248 policy_loss=0.0125 value_loss=0.0415 entropy=5.5477 clip_frac=0.231 rollout=1.9s train=0.5s transitions=1683
[iter 2073] score=2692 margin=+279 win_rate=0.69 eps=0.248 policy_loss=0.0348 value_loss=0.0608 entropy=5.5378 clip_frac=0.273 rollout=1.8s train=0.5s transitions=1648
[iter 2074] score=2471 margin=-585 win_rate=0.38 eps=0.248 policy_loss=0.0598 value_loss=0.2073 entropy=5.7303 clip_frac=0.319 rollout=1.9s train=0.5s transitions=1620
[iter 2075] score=2469 margin=-339 win_rate=0.56 eps=0.248 policy_loss=-0.0119 value_loss=0.0579 entropy=5.7682 clip_frac=0.207 rollout=2.0s train=0.5s transitions=1659
[iter 2076] score=3173 margin=+250 win_rate=0.56 eps=0.248 policy_loss=0.0393 value_loss=0.0740 entropy=5.7768 clip_frac=0.289 rollout=2.0s train=0.6s transitions=1697
[iter 2077] score=2807 margin=+279 win_rate=0.44 eps=0.248 policy_loss=0.0395 value_loss=0.0494 entropy=5.6465 clip_frac=0.350 rollout=2.0s train=0.5s transitions=1655
[iter 2078] score=2214 margin=-248 win_rate=0.50 eps=0.248 policy_loss=0.1060 value_loss=0.0930 entropy=5.4674 clip_frac=0.234 rollout=1.9s train=0.5s transitions=1653
[iter 2079] score=2116 margin=-1206 win_rate=0.19 eps=0.248 policy_loss=0.0176 value_loss=0.2224 entropy=5.8057 clip_frac=0.272 rollout=2.0s train=0.5s transitions=1644
[iter 2080] score=2228 margin=-517 win_rate=0.38 eps=0.248 policy_loss=0.0262 value_loss=0.0727 entropy=5.4664 clip_frac=0.254 rollout=3.1s train=0.5s transitions=1704
[iter 2081] score=2195 margin=-738 win_rate=0.31 eps=0.248 policy_loss=0.0077 value_loss=0.1018 entropy=5.4365 clip_frac=0.251 rollout=2.0s train=0.5s transitions=1571
[iter 2082] score=2350 margin=+107 win_rate=0.56 eps=0.248 policy_loss=0.0169 value_loss=0.1369 entropy=5.3961 clip_frac=0.310 rollout=1.9s train=0.5s transitions=1591
[iter 2083] score=2063 margin=-996 win_rate=0.25 eps=0.248 policy_loss=0.0356 value_loss=0.1409 entropy=5.5776 clip_frac=0.258 rollout=1.9s train=0.5s transitions=1619
[iter 2084] score=2513 margin=-503 win_rate=0.38 eps=0.248 policy_loss=0.0192 value_loss=0.0853 entropy=5.4982 clip_frac=0.232 rollout=1.9s train=0.5s transitions=1633
[iter 2085] score=2351 margin=-742 win_rate=0.31 eps=0.248 policy_loss=0.0035 value_loss=0.1123 entropy=5.4740 clip_frac=0.207 rollout=1.8s train=0.5s transitions=1638
[iter 2086] score=2234 margin=-114 win_rate=0.38 eps=0.248 policy_loss=0.0391 value_loss=0.1155 entropy=5.4067 clip_frac=0.242 rollout=1.9s train=0.5s transitions=1663
[iter 2087] score=2304 margin=-435 win_rate=0.44 eps=0.248 policy_loss=-0.0023 value_loss=0.0846 entropy=5.4858 clip_frac=0.324 rollout=1.8s train=0.5s transitions=1598
[iter 2088] score=2154 margin=+16 win_rate=0.44 eps=0.248 policy_loss=0.0353 value_loss=0.0588 entropy=5.0959 clip_frac=0.383 rollout=1.9s train=0.5s transitions=1622
[iter 2089] score=1897 margin=-760 win_rate=0.19 eps=0.248 policy_loss=0.0636 value_loss=0.1143 entropy=5.2719 clip_frac=0.376 rollout=2.2s train=0.5s transitions=1624
[iter 2090] score=2028 margin=-943 win_rate=0.25 eps=0.248 policy_loss=-0.0152 value_loss=0.0759 entropy=5.3809 clip_frac=0.230 rollout=2.0s train=0.5s transitions=1640
[iter 2091] score=1933 margin=-376 win_rate=0.25 eps=0.248 policy_loss=-0.0099 value_loss=0.0854 entropy=5.3319 clip_frac=0.349 rollout=2.1s train=0.5s transitions=1608
[iter 2092] score=2699 margin=-264 win_rate=0.38 eps=0.248 policy_loss=0.0213 value_loss=0.0711 entropy=5.3243 clip_frac=0.292 rollout=2.2s train=0.5s transitions=1641
[iter 2093] score=2541 margin=-317 win_rate=0.50 eps=0.248 policy_loss=0.0177 value_loss=0.0455 entropy=5.6575 clip_frac=0.259 rollout=2.8s train=0.5s transitions=1699
[iter 2094] score=2008 margin=-511 win_rate=0.25 eps=0.248 policy_loss=0.0305 value_loss=0.0558 entropy=5.6930 clip_frac=0.285 rollout=2.0s train=0.5s transitions=1660
[iter 2095] score=2225 margin=-547 win_rate=0.44 eps=0.248 policy_loss=0.0051 value_loss=0.0637 entropy=5.5334 clip_frac=0.193 rollout=1.9s train=0.5s transitions=1697
[iter 2096] score=2146 margin=-715 win_rate=0.06 eps=0.248 policy_loss=0.0319 value_loss=0.0579 entropy=5.5528 clip_frac=0.184 rollout=1.8s train=0.5s transitions=1592
[iter 2097] score=1876 margin=-844 win_rate=0.19 eps=0.248 policy_loss=0.0224 value_loss=0.0577 entropy=5.5335 clip_frac=0.238 rollout=1.8s train=0.5s transitions=1573
[iter 2098] score=2346 margin=-858 win_rate=0.19 eps=0.248 policy_loss=0.0254 value_loss=0.0681 entropy=5.4907 clip_frac=0.223 rollout=2.1s train=0.5s transitions=1634
[iter 2099] score=2404 margin=-637 win_rate=0.12 eps=0.248 policy_loss=0.0001 value_loss=0.0691 entropy=5.6327 clip_frac=0.215 rollout=2.0s train=0.5s transitions=1586
[iter 2099] checkpoint saved: checkpoints/20260910-090433_iter2100.pt

  eval @ iter 2100 - 100 greedy episodes vs each boss (59s)
boss           score      opp    margin    win   conn   zero
------------------------------------------------------------
level1           202        0      +202   0.77     7%    23%
level1Pro        310       16      +294   0.85    11%    15%
level2          2727     2786       -60   0.51    94%     0%
level2Pro       3213     3869      -656   0.36    99%     0%

[iter 2100] score=2787 margin=-406 win_rate=0.31 eps=0.247 policy_loss=0.0118 value_loss=0.0632 entropy=5.4292 clip_frac=0.192 rollout=1.9s train=0.5s transitions=1621
[iter 2101] score=2349 margin=-376 win_rate=0.31 eps=0.247 policy_loss=0.0151 value_loss=0.0598 entropy=5.3526 clip_frac=0.198 rollout=2.1s train=0.5s transitions=1685
[iter 2102] score=2288 margin=-379 win_rate=0.19 eps=0.247 policy_loss=0.0094 value_loss=0.0421 entropy=5.4590 clip_frac=0.193 rollout=1.9s train=0.5s transitions=1607
[iter 2103] score=2391 margin=-344 win_rate=0.44 eps=0.247 policy_loss=-0.0050 value_loss=0.0335 entropy=5.4296 clip_frac=0.231 rollout=2.0s train=0.5s transitions=1654
[iter 2104] score=2592 margin=-80 win_rate=0.31 eps=0.247 policy_loss=0.0372 value_loss=0.0682 entropy=5.3645 clip_frac=0.267 rollout=2.0s train=0.5s transitions=1609
[iter 2105] score=2267 margin=-628 win_rate=0.25 eps=0.247 policy_loss=-0.0017 value_loss=0.0989 entropy=5.4941 clip_frac=0.243 rollout=2.1s train=0.5s transitions=1684
[iter 2106] score=1862 margin=-554 win_rate=0.25 eps=0.247 policy_loss=0.0083 value_loss=0.0322 entropy=5.3895 clip_frac=0.235 rollout=1.9s train=0.5s transitions=1611
[iter 2107] score=2448 margin=-264 win_rate=0.50 eps=0.247 policy_loss=0.0078 value_loss=0.0401 entropy=5.6367 clip_frac=0.208 rollout=2.4s train=0.5s transitions=1613
[iter 2108] score=3053 margin=-294 win_rate=0.31 eps=0.247 policy_loss=0.0120 value_loss=0.0815 entropy=5.7024 clip_frac=0.229 rollout=2.1s train=0.5s transitions=1652
[iter 2109] score=2385 margin=-374 win_rate=0.38 eps=0.247 policy_loss=0.0106 value_loss=0.0511 entropy=5.6157 clip_frac=0.257 rollout=2.8s train=0.5s transitions=1633
